Coordinates
version=1
nRows=242
nColumns=36
inDegrees=yes

Units are S.I. units (second, meters, Newtons, ...)
If the header above contains a line with 'inDegrees', this indicates whether rotational values are in degrees (yes) or radians (no).

endheader
time	pelvis_tilt	pelvis_list	pelvis_rotation	pelvis_tx	pelvis_ty	pelvis_tz	hip_flexion_r	hip_adduction_r	hip_rotation_r	knee_angle_r	knee_angle_r_beta	ankle_angle_r	subtalar_angle_r	mtp_angle_r	hip_flexion_l	hip_adduction_l	hip_rotation_l	knee_angle_l	knee_angle_l_beta	ankle_angle_l	subtalar_angle_l	mtp_angle_l	lumbar_extension	lumbar_bending	lumbar_rotation	arm_flex_r	arm_add_r	arm_rot_r	elbow_flex_r	pro_sup_r	arm_flex_l	arm_add_l	arm_rot_l	elbow_flex_l	pro_sup_l
      0.00000000	     -2.62017984	      3.40719459	     93.97435823	     -0.23819411	      0.93286517	      1.04338579	     23.50899184	     -6.58846165	    -18.51614354	     16.43338770	      0.28681672	     -1.87102510	      1.88081295	     -7.45303949	    -15.19967590	      0.79368767	     -7.68981289	     25.07745135	      0.43768409	      4.83987047	      8.67579996	     -7.45303949	    -16.94813073	      0.50295808	     -7.89329237	     -7.61967649	     -2.49278770	    -38.51482577	     49.79539221	    102.04027789	     18.42607796	     -9.32009150	    -11.89357602	     49.71272241	     87.13781790
      0.01000000	     -2.29128585	      3.46385250	     93.66575383	     -0.23643871	      0.93167459	      1.02857036	     23.65708414	     -6.03862505	    -16.82122726	     18.07737891	      0.31550978	     -3.18478659	      0.81107364	     -7.45622918	    -15.17472314	      0.35125008	     -7.45105312	     26.81588837	      0.46802554	      2.67184376	      6.75333556	     -7.45622918	    -16.67177216	      0.87918729	     -7.38267359	     -7.79588936	     -2.75801630	    -38.43968763	     48.92990042	     99.88006751	     18.00569717	     -8.88788345	    -12.09946088	     50.03292991	     85.28637445
      0.02000000	     -1.65575382	      3.51426272	     92.92125966	     -0.23386494	      0.93102399	      1.01425383	     23.80151564	     -4.96855109	    -15.03324986	     19.74824256	      0.34467185	     -4.53576857	      0.17474038	     -7.46169991	    -14.91073575	     -0.41033635	     -7.95155222	     28.92240166	      0.50479114	      0.36272068	      5.74536159	     -7.46169991	    -16.53569451	      1.46635727	     -6.32070701	     -7.91502890	     -3.12448101	    -38.31782430	     48.18302399	     99.55829285	     17.68265380	     -8.19073345	    -12.71439717	     50.27074928	     84.32591750
      0.03000000	     -0.80253487	      3.57155822	     92.47659744	     -0.23092676	      0.93115201	      0.99976040	     23.69033191	     -3.68574711	    -13.63169981	     21.13173262	      0.36881831	     -5.02257148	     -1.22376290	     -7.47517590	    -14.36177332	     -1.54970306	     -8.14826260	     31.39537921	      0.54795274	     -2.84970469	      3.81472896	     -7.47517590	    -16.36876154	      2.27122124	     -5.61306123	     -7.58975541	     -3.16759879	    -39.07925068	     46.85021910	    103.69574543	     17.19001739	     -7.66912422	    -13.83260806	     50.44028919	     88.47574193
      0.04000000	      0.06875057	      3.93411569	     91.98018466	     -0.22806370	      0.93200399	      0.98518707	     23.19316762	     -2.35711395	    -12.43918279	     22.50160984	      0.39272718	     -4.87597953	     -3.43119723	     -7.47827471	    -14.04963620	     -2.68889273	     -8.38234892	     33.88699072	      0.59143956	     -6.60730150	      2.13004074	     -7.47827471	    -16.59116100	      3.11933380	     -4.83271163	     -7.42620004	     -3.41486028	    -38.92797626	     45.83951893	    102.19657559	     16.64854652	     -7.22711347	    -14.27424972	     50.73274610	     86.65083603
      0.05000000	      0.71839207	      4.10541562	     91.72369606	     -0.22595897	      0.93263739	      0.97092783	     22.82430117	     -1.36941410	    -11.51916351	     23.85700825	      0.41638334	     -4.73375750	     -6.51799620	     -7.48605036	    -13.25975451	     -3.52789895	     -8.05548231	     36.57098464	      0.63828409	    -11.30195946	      0.12449698	     -7.48605036	    -16.59609023	      3.81862690	     -4.37088847	     -7.09584700	     -3.57672963	    -39.29127750	     44.72849326	    104.78060736	     16.05471108	     -6.78863397	    -15.11824813	     50.88691792	     89.39132734
      0.06000000	      1.52151656	      4.45656320	     91.59051362	     -0.22351273	      0.93357029	      0.95650578	     22.13418366	     -0.17307251	    -10.79977372	     25.12722249	      0.43855276	     -3.38913314	     -7.41261122	     -7.48683718	    -12.52640410	     -4.72586002	     -7.83438009	     39.30438025	      0.68599085	    -15.52747533	     -0.71231925	     -7.48683718	    -16.77042352	      4.54793265	     -3.78411977	     -7.05868197	     -3.79836163	    -38.95647798	     43.82598123	    103.45278598	     15.58973195	     -6.51077379	    -15.19409514	     50.91599752	     88.60476611
      0.07000000	      2.34112253	      4.70438246	     91.26037189	     -0.22152138	      0.93456866	      0.94308811	     21.27257182	      1.22931118	     -9.52137437	     25.60694171	      0.44692544	     -2.97920321	     -8.97185216	     -7.48774010	    -11.44966295	     -5.66985734	     -7.38159847	     42.30863237	      0.73842494	    -19.01026080	     -3.34296021	     -7.48774010	    -17.00691873	      5.41822819	     -3.33107205	     -6.70877917	     -4.14213581	    -38.51407018	     43.12159653	    103.09390499	     14.91321647	     -6.07704686	    -15.88807772	     51.23660168	     88.25248878
      0.08000000	      2.79018145	      4.67520831	     91.08282261	     -0.22011277	      0.93521621	      0.92983885	     20.66703209	      1.98039985	     -8.89847890	     26.09206245	      0.45539240	     -2.06479373	    -10.33881005	     -7.48855071	     -9.92119518	     -6.14142612	     -6.68496029	     45.37450282	      0.79193447	    -22.12207812	     -5.85429505	     -7.48855071	    -16.94309926	      5.85059223	     -2.82295726	     -6.54630878	     -4.40354244	    -38.25623395	     42.50925140	    103.06598578	     14.31542309	     -5.68440660	    -16.23788487	     51.40819759	     88.07988940
      0.09000000	      3.29307131	      4.87690262	     90.98172235	     -0.21895227	      0.93663055	      0.91690205	     19.58417484	      2.73768962	     -8.55160090	     26.08505793	      0.45527015	     -0.78897041	    -10.53905055	     -7.48876312	     -8.57141591	     -6.78297618	     -6.25917842	     48.33894001	      0.84367366	    -25.37566083	     -8.52978211	     -7.48876312	    -17.16924844	      6.41719043	     -2.42819964	     -6.17961851	     -4.68530349	    -38.03232222	     41.93473683	    103.43402666	     13.91156622	     -5.33403094	    -16.41844694	     51.13102453	     88.17143966
      0.10000000	      3.59850925	      4.89090581	     91.01475231	     -0.21808238	      0.93824729	      0.90442174	     18.63177122	      3.23841260	     -8.28813303	     25.95160142	      0.45294089	      0.01318823	    -10.69955847	     -7.48894976	     -6.83263509	     -7.14183311	     -5.60191360	     51.33833275	      0.89602294	    -28.49432240	    -11.76151426	     -7.48894976	    -17.23518547	      6.74836306	     -2.14398665	     -5.79072005	     -4.85502743	    -37.83827535	     41.38912982	    104.04643790	     13.53008476	     -4.84461587	    -16.85337515	     50.91346815	     88.38444694
      0.11000000	      3.74545001	      4.96498808	     91.10463218	     -0.21730855	      0.94040723	      0.89219190	     17.48236959	      3.53338762	     -8.19697301	     25.53147936	      0.44560838	      0.80753287	    -10.80672947	     -7.48906629	     -5.11423028	     -7.36324141	     -5.00214598	     54.13250820	      0.94479050	    -31.01096796	    -14.58272204	     -7.48906629	    -17.45059887	      6.89426217	     -1.93585933	     -5.30264133	     -5.00613814	    -37.66966529	     40.88225178	    104.83634668	     13.13108058	     -4.65028024	    -17.10122191	     50.65704949	     88.73484298
      0.12000000	      3.75255481	      5.17979743	     91.19525827	     -0.21653574	      0.94298248	      0.88039616	     16.10626637	      3.70080157	     -8.10578521	     24.93664370	      0.43522654	      1.68119385	    -10.68656322	     -7.48910639	     -3.54903681	     -7.37918007	     -4.47799348	     56.58581027	      0.98760870	    -31.87391070	    -16.42642829	     -7.48910639	    -17.80293524	      6.83500676	     -1.74075799	     -4.72068394	     -5.09738476	    -37.44452423	     40.34541477	    105.26452352	     12.91557055	     -4.49165007	    -17.24099637	     50.14584749	     88.90482617
      0.13000000	      3.62126113	      4.65198375	     91.67611158	     -0.21641833	      0.94473040	      0.86911369	     15.62069711	      3.49430951	     -8.65573199	     24.46287945	      0.42695779	      2.32772036	    -10.05398624	     -7.48958701	     -0.97487664	     -7.34992631	     -3.94097352	     59.04952832	      1.03060869	    -31.24132982	    -19.39575349	     -7.48958701	    -17.34521706	      6.74137522	     -2.02987117	     -4.09656467	     -5.09091780	    -37.33121945	     39.76858161	    105.64843035	     12.56985339	     -4.20591449	    -17.82285032	     49.59522358	     89.02471426
      0.14000000	      3.53102128	      4.62484856	     91.87206206	     -0.21598117	      0.94724303	      0.85784224	     14.52362028	      3.48983290	     -8.75510856	     23.84032735	      0.41609221	      2.92637510	     -9.83428964	     -7.48984069	      0.92281564	     -7.01977914	     -3.29135799	     61.13575163	      1.06702016	    -28.39524572	    -21.56864722	     -7.48984069	    -17.52690121	      6.61006581	     -1.81973419	     -3.61445757	     -5.12881114	    -37.15888901	     39.56858510	    105.52728126	     12.39940610	     -4.00009261	    -17.85416383	     49.02575757	     88.89414518
      0.15000000	      3.45313999	      4.22855598	     92.36976136	     -0.21586362	      0.94935607	      0.84679262	     13.80352043	      3.40211489	     -9.24531231	     23.14802341	      0.40400922	      3.35584356	     -9.30492939	     -7.49021865	      3.34024822	     -6.84971275	     -2.75050942	     63.03874351	      1.10023363	    -24.96469947	    -23.13428091	     -7.49021865	    -17.23927955	      6.55319616	     -2.00969295	     -3.08467505	     -5.12714999	    -36.95430820	     39.31924709	    105.43534160	     12.10550912	     -3.91591873	    -17.97721234	     48.32465233	     88.76128355
      0.16000000	      3.26641190	      3.89123800	     92.69070693	     -0.21570969	      0.95151168	      0.83597242	     13.08409671	      3.23167481	     -9.54138308	     22.53043061	      0.39323020	      3.80690526	     -8.85934664	     -7.49048922	      5.69295957	     -6.39559318	     -2.19051801	     64.64653243	      1.12829484	    -21.95053846	    -24.68846781	     -7.49048922	    -17.05462730	      6.31326863	     -2.05309707	     -2.53622389	     -5.10766167	    -36.75253985	     39.20641809	    105.44828210	     11.81151461	     -3.82134249	    -18.04360506	     47.76999223	     88.70298925
      0.17000000	      3.03126676	      3.28494770	     93.10382759	     -0.21573437	      0.95321978	      0.82515484	     12.66985914	      2.98865309	     -9.83834624	     21.96336097	      0.38333296	      4.25586106	     -8.37464312	     -7.49088848	      8.36785413	     -5.80084815	     -1.55087678	     65.89674407	      1.15011515	    -19.22792009	    -25.69034729	     -7.49088848	    -16.54008521	      6.04742687	     -2.20711041	     -2.03501906	     -5.08600168	    -36.58405761	     39.11131203	    105.64184577	     11.46182221	     -3.78742770	    -18.08590715	     47.06959705	     88.74112990
      0.18000000	      2.65804812	      3.07116757	     93.27500878	     -0.21553572	      0.95541717	      0.81435241	     11.84846899	      2.67644466	     -9.83117360	     21.42203309	      0.37388501	      4.61046089	     -8.14704822	     -7.49101546	     10.37704876	     -5.12593797	     -1.31294634	     66.55781966	      1.16165310	    -16.88489879	    -26.86738966	     -7.49101546	    -16.50568464	      5.57774126	     -2.17615383	     -1.53921972	     -5.04015579	    -36.41406856	     39.30021609	    105.70044698	     11.05576544	     -3.81479060	    -18.09437417	     46.62294343	     88.72973967
      0.19000000	      2.44062713	      2.37728846	     93.52226784	     -0.21546519	      0.95665274	      0.80338528	     11.59617705	      2.45113392	    -10.13460821	     20.98174165	      0.36620047	      5.12986377	     -7.60295159	     -7.49138338	     12.93715268	     -4.64370819	     -1.13070758	     67.08195991	      1.17080107	    -14.44743225	    -27.58654524	     -7.49138338	    -15.82451527	      5.27294918	     -2.20837006	     -1.17829175	     -5.06107025	    -36.08452509	     39.45291458	    105.81068647	     10.60385250	     -3.83196739	    -18.11233269	     45.92269731	     88.76338605
      0.20000000	      2.15546991	      2.03978389	     93.49343089	     -0.21492041	      0.95833147	      0.79218457	     10.88559798	      2.24290995	    -10.29935223	     20.36214453	      0.35538646	      5.54776268	     -7.05363165	     -7.49172796	     14.85215891	     -4.25554786	     -1.40723204	     67.07348576	      1.17065317	    -12.10186782	    -27.75988516	     -7.49172796	    -15.55079985	      4.83052616	     -2.06191736	     -0.78268943	     -5.05203227	    -35.67822285	     39.72837956	    105.94072028	     10.06427174	     -3.88767294	    -18.22208786	     45.40609874	     88.78407245
      0.21000000	      1.73007073	      1.76968658	     93.41253639	     -0.21463337	      0.96002137	      0.78107405	     10.14167483	      1.86138020	    -10.33315672	     19.85661829	      0.34656337	      5.93324306	     -6.49158805	     -7.49202098	     16.57350423	     -3.67495048	     -1.77016237	     66.69228474	      1.16399995	     -9.78342758	    -27.80459297	     -7.49202098	    -15.43825608	      4.28622309	     -1.83205930	     -0.48012173	     -5.06079071	    -35.33129422	     40.31086694	    105.85767401	      9.55477120	     -3.96729682	    -18.22320325	     45.06950895	     88.69333329
      0.22000000	      1.34836043	      1.44632375	     93.21295410	     -0.21401064	      0.96135340	      0.76992951	      9.42623608	      1.57870225	    -10.21401159	     19.24045465	      0.33580928	      6.39450348	     -5.96620784	     -7.49224914	     18.23898741	     -3.28559853	     -2.33650705	     65.98547192	      1.15166374	     -7.76028579	    -27.53363732	     -7.49224914	    -15.25743437	      3.73887390	     -1.51121811	     -0.20565706	     -5.05485203	    -34.98586195	     40.97898078	    105.70567182	      8.97683611	     -4.06453375	    -18.29711381	     44.75908451	     88.53125643
      0.23000000	      1.08824331	      1.15879797	     93.09448532	     -0.21347506	      0.96242899	      0.75878283	      8.67173912	      1.42526428	    -10.14706797	     18.62028568	      0.32498529	      6.76634287	     -5.69284419	     -7.49243867	     19.76140866	     -3.07287342	     -2.83476985	     64.95513043	      1.13368089	     -6.31785807	    -27.37733071	     -7.49243867	    -15.02845894	      3.33920314	     -1.30100944	      0.17660864	     -5.02289856	    -34.67518631	     41.50572755	    105.16646471	      8.35687413	     -4.19331614	    -18.38399166	     44.42573188	     88.20028929
      0.24000000	      0.83077305	      0.86965689	     92.71606079	     -0.21265133	      0.96330264	      0.74734697	      7.90013664	      1.27035946	    -10.06012741	     17.96992012	      0.31363427	      7.06804226	     -5.06610498	     -7.49265045	     21.16052809	     -2.87550741	     -3.47105374	     63.64226190	      1.11076701	     -4.96671130	    -26.88217338	     -7.49265045	    -14.83969909	      2.91161154	     -0.88232843	      0.48517978	     -5.04334388	    -34.27802561	     42.16194407	    104.59088297	      7.69727060	     -4.29354404	    -18.52386088	     44.14018005	     87.82627592
      0.25000000	      0.50315474	      1.32506690	     92.22306250	     -0.21164008	      0.96508190	      0.73556782	      6.28432614	      1.04895051	    -10.09526145	     17.29306300	      0.30182089	      7.66277579	     -3.64490626	     -7.49305988	     21.40744206	     -2.87106808	     -4.54254325	     61.70362550	      1.07693143	     -3.34168574	    -25.47803173	     -7.49305988	    -15.49749636	      2.37520091	     -0.21363185	      0.53567016	     -5.29057546	    -33.12748844	     43.25857304	    104.44128175	      7.24304763	     -4.25232476	    -19.02119358	     43.90071178	     87.54831059
      0.26000000	      0.24107728	      1.34080710	     91.77976318	     -0.21077411	      0.96582542	      0.72414953	      5.24720854	      0.82808119	    -10.32997305	     16.74388838	      0.29223598	      8.26325052	     -2.41675868	     -7.49342404	     22.16034336	     -2.79624881	     -5.42401603	     59.63291559	      1.04079072	     -2.28104225	    -24.67553669	     -7.49342404	    -15.67248117	      1.91640187	      0.32030063	      0.74787499	     -5.44291567	    -32.36078462	     44.16610519	    104.17203235	      6.61882059	     -4.32955810	    -19.37067669	     43.82300833	     87.31665388
      0.27000000	     -0.02935376	      1.43841410	     91.32967419	     -0.20985324	      0.96636870	      0.71256926	      4.10367089	      0.58700615	    -10.51112477	     16.16633385	      0.28215575	      8.79983174	     -1.37881120	     -7.49373215	     22.66927998	     -2.74850458	     -6.37397955	     57.23830637	      0.99899690	     -1.41231079	    -23.99729983	     -7.49373215	    -15.90691371	      1.45121605	      0.81555203	      1.02038343	     -5.56035408	    -31.76658634	     45.02370846	    103.95402073	      6.00887537	     -4.41279055	    -19.84994338	     43.70720906	     87.19330555
      0.28000000	     -0.20737098	      1.64745754	     90.88456968	     -0.20903010	      0.96679617	      0.70085638	      2.88300152	      0.42539182	    -10.71791921	     15.70407821	      0.27408787	      9.22883631	     -0.32427954	     -7.49399161	     22.91674970	     -2.77324218	     -7.29451120	     54.53194637	      0.95176201	     -0.66565687	    -23.33367925	     -7.49399161	    -16.22663586	      1.10229880	      1.29978675	      1.33572334	     -5.70409919	    -31.11819087	     45.82797142	    103.72031970	      5.36351217	     -4.48401772	    -20.37255725	     43.55249789	     87.13427853
      0.29000000	     -0.36134802	      1.76491476	     90.36780956	     -0.20796470	      0.96688968	      0.68923522	      1.79823832	      0.27987779	    -10.97412972	     15.25928687	      0.26632480	      9.68811428	      0.74745791	     -7.49418147	     23.11650366	     -2.88214908	     -8.39248398	     51.49827439	      0.89881445	     -0.50077688	    -22.81190662	     -7.49418147	    -16.47508093	      0.72640462	      1.87693883	      1.64083084	     -5.83317336	    -30.51467567	     46.62836628	    103.53085613	      4.78044488	     -4.55204033	    -20.94822228	     43.45077809	     87.11206295
      0.30000000	     -0.44210688	      1.96411226	     89.89903203	     -0.20702323	      0.96667806	      0.67765580	      0.68951406	      0.19049496	    -11.22184316	     14.99335253	      0.26168337	     10.16783067	      1.51206802	     -7.49436748	     23.11813915	     -3.02034335	     -9.47858769	     48.19967529	      0.84124303	     -0.07258124	    -21.88567806	     -7.49436748	    -16.78428504	      0.42015637	      2.41701304	      1.93969897	     -6.04258410	    -29.81721049	     47.43999234	    103.26471503	      4.18515319	     -4.62499928	    -21.53755472	     43.40391871	     87.06544603
      0.31000000	     -0.30972105	      2.36369914	     89.36461440	     -0.20592874	      0.96656752	      0.66590612	     -0.68143285	      0.30395368	    -11.74175324	     14.58870931	      0.25462101	     10.71955540	      3.02447314	     -7.49454551	     22.77276882	     -3.39168149	    -10.58902021	     44.73033355	      0.78069160	      0.43870800	    -20.66829219	     -7.49454551	    -17.31857823	      0.33621456	      3.03649110	      2.30241252	     -6.29892793	    -29.09883502	     48.23578474	    103.17902826	      3.60445501	     -4.60314856	    -22.36196148	     43.30071150	     87.20649911
      0.32000000	     -0.20141183	      2.63822495	     88.87289879	     -0.20545769	      0.96594712	      0.65428042	     -1.79732121	      0.35758217	    -11.93843647	     14.48325744	      0.25278053	     11.30231006	      3.72613698	     -7.49473556	     22.50736344	     -3.54842759	    -11.51536375	     41.10739517	      0.71745939	      1.11726240	    -19.14066269	     -7.49473556	    -17.69797817	      0.29563963	      3.57838493	      2.62972798	     -6.66435035	    -28.26233525	     49.06317017	    102.93656612	      3.04713634	     -4.50574313	    -23.22042556	     43.16638140	     87.29917979
      0.33000000	     -0.04632864	      2.89072679	     88.32574183	     -0.20503241	      0.96502747	      0.64251628	     -2.89213544	      0.43305990	    -12.13206267	     14.35820264	      0.25059791	     11.81988758	      4.60399516	     -7.49496804	     22.17249638	     -3.74748399	    -12.47603513	     37.42008700	      0.65310372	      1.91852171	    -16.89085628	     -7.49496804	    -18.02073252	      0.30062597	      4.15498396	      2.96803067	     -7.02431373	    -27.46302470	     49.83201312	    102.58138712	      2.43727407	     -4.35336458	    -24.18731735	     43.06058063	     87.52144007
      0.34000000	      0.01873209	      3.02652358	     87.73167310	     -0.20478769	      0.96378540	      0.63065190	     -3.74199601	      0.36924105	    -12.13001932	     14.52379282	      0.25348800	     12.39596162	      4.98837766	     -7.49514245	     21.87596805	     -3.80233659	    -13.52563856	     33.67274926	      0.58770034	      2.47922011	    -14.23400869	     -7.49514245	    -18.16049172	      0.21391819	      4.75820246	      3.25998561	     -7.41885100	    -26.74338102	     50.51359752	    102.25585688	      1.84135037	     -4.22035545	    -25.04065796	     42.89737087	     87.62378441
      0.35000000	      0.19834810	      3.15472400	     87.28154924	     -0.20477643	      0.96232649	      0.61888668	     -4.56229786	      0.41229195	    -12.32590242	     14.73731633	      0.25721469	     12.95020800	      5.47913840	     -7.49530011	     21.58632529	     -3.96019364	    -14.50697361	     30.04136447	      0.52432072	      2.80547229	    -10.97932099	     -7.49530011	    -18.31258381	      0.27673225	      5.22753814	      3.58466598	     -7.74909674	    -26.10482662	     51.19922186	    101.97788033	      1.24547738	     -4.06492710	    -25.89943300	     42.79709376	     87.75676006
      0.36000000	      0.20556637	      2.98993545	     86.79468978	     -0.20487221	      0.96042184	      0.60746468	     -4.89158724	      0.26989771	    -12.36198175	     15.21060109	      0.26547507	     13.55322243	      5.52124190	     -7.49539166	     21.56687536	     -3.88096796	    -15.38419445	     26.45925207	      0.46180107	      2.52194951	     -8.29824239	     -7.49539166	    -18.17013056	      0.17594411	      5.65114597	      3.92035059	     -8.00015294	    -25.59973971	     51.84251840	    101.82051082	      0.63226192	     -3.98427709	    -26.58502203	     42.66394506	     87.84421723
      0.37000000	      0.27540111	      3.09039024	     86.20780564	     -0.20490609	      0.95889966	      0.59607701	     -5.44646226	      0.14971872	    -12.14892413	     15.81573627	      0.27603667	     14.21358261	      5.68448901	     -7.49550182	     21.18650282	     -3.94628391	    -16.53477979	     23.10584959	      0.40327315	      2.76171256	     -4.95100358	     -7.49550182	    -18.34522676	      0.09480567	      6.18808521	      4.39187559	     -8.32744210	    -25.06077512	     52.26907450	    101.80004406	      0.24365171	     -3.74384737	    -27.68821623	     42.40707674	     88.13554680
      0.38000000	      0.12525023	      3.06478215	     85.62787673	     -0.20533294	      0.95725340	      0.58438266	     -5.79151247	     -0.27480147	    -11.96543739	     16.60166327	      0.28975369	     14.72812576	      5.50521057	     -7.49556487	     20.75753666	     -3.66660412	    -17.45893392	     19.67442431	      0.34338348	      2.73874412	     -2.41448506	     -7.49556487	    -18.28661216	     -0.16934354	      6.57689185	      4.79222365	     -8.55212845	    -24.65134314	     52.67881169	    101.92001758	     -0.30176305	     -3.57849420	    -28.62660856	     42.19117452	     88.49306394
      0.39000000	      0.09760810	      2.87105213	     85.45249129	     -0.20611264	      0.95525683	      0.57312412	     -5.97684751	     -0.47479082	    -11.94738033	     17.36106682	      0.30300778	     15.12130180	      5.03759618	     -7.49568424	     20.72233004	     -3.46456257	    -17.86874103	     16.86801514	      0.29440240	      2.37976451	     -0.27995065	     -7.49568424	    -18.10822230	     -0.23047561	      6.63411196	      5.21528132	     -8.62396585	    -24.39582796	     53.04784308	    101.74028144	     -0.69045535	     -3.51447467	    -29.36664805	     41.87330928	     88.50589298
      0.40000000	     -0.01544603	      2.71382143	     85.05220188	     -0.20693460	      0.95323583	      0.56199314	     -6.08690198	     -0.83533346	    -11.56138253	     18.27220136	      0.31891008	     15.66297472	      4.84774495	     -7.49587296	     20.51895400	     -3.24883045	    -18.66495057	     14.24722643	      0.24866101	      1.71927561	      1.76648080	     -7.49587296	    -17.98578326	     -0.40048800	      6.86364373	      5.64323285	     -8.78584810	    -24.14346719	     53.39817329	    101.51058268	     -1.03133973	     -3.25379184	    -30.44763347	     41.60650394	     88.55115424
      0.41000000	     -0.17028154	      2.49301564	     84.78799035	     -0.20812381	      0.95114519	      0.55054005	     -6.16071128	     -1.23845603	    -11.21910833	     19.13396354	      0.33395066	     16.01931028	      4.37172857	     -7.49613029	     20.38499450	     -2.91187881	    -19.06709088	     12.01820827	      0.20975730	      0.94839701	      3.45161629	     -7.49613029	    -17.72799405	     -0.57228308	      6.99725134	      5.88347180	     -8.91464239	    -23.89976074	     53.80861775	    100.20571660	     -1.39252310	     -3.08195993	    -31.12606532	     41.29499038	     87.44104716
      0.42000000	     -0.35744729	      2.44117100	     84.71665275	     -0.20957782	      0.94925205	      0.53883808	     -6.45905862	     -1.69393302	    -11.11929109	     19.94727939	      0.34814570	     16.38414193	      4.32469261	     -7.49666031	     20.21335185	     -2.52307922	    -19.37691830	     10.55027526	      0.18413704	      0.08289557	      5.10976024	     -7.49666031	    -17.63695195	     -0.75253341	      6.86447005	      6.14599238	     -8.93825224	    -23.69899495	     54.17566429	     98.34843343	     -1.77309935	     -2.98936098	    -31.72253337	     41.04013256	     86.01541652
      0.43000000	     -0.59882496	      2.10027407	     84.24441929	     -0.21067057	      0.94686008	      0.52748660	     -6.14079863	     -2.25448391	    -10.38977673	     21.26282703	      0.37110634	     16.59954814	      4.08216075	     -7.49701370	     20.57544170	     -2.30592026	    -19.94420276	     10.08482095	      0.17601333	     -0.54569018	      6.59678131	     -7.49701370	    -17.22511037	     -1.03455672	      7.04682789	      6.47310925	     -8.93849134	    -23.72103689	     54.35965449	     99.15984014	     -2.01803795	     -2.73996612	    -32.92395112	     40.60234565	     87.46278906
      0.44000000	     -0.76222975	      2.13956409	     84.51663831	     -0.21250329	      0.94513077	      0.51472755	     -6.68503976	     -2.62881512	    -10.27911751	     22.01422621	      0.38422073	     16.50918631	      3.62401450	     -7.49748736	     20.69189540	     -1.93662238	    -19.50217845	     10.55574238	      0.18423246	     -1.72825790	      7.22822053	     -7.49748736	    -17.06576902	     -1.14377084	      6.64859415	      6.41652902	     -8.79313031	    -23.88924998	     54.74411135	     99.59955394	     -2.38615798	     -2.82095407	    -33.45445289	     40.08991721	     89.15288663
      0.45000000	     -0.82017106	      2.20962000	     84.46523988	     -0.21366673	      0.94335685	      0.50212485	     -7.15958349	     -2.83187388	     -9.42365371	     22.83225636	      0.39849805	     16.24858449	      2.73210729	     -7.49783546	     20.83765033	     -1.90021686	    -19.21139905	     12.13615588	      0.21181588	     -4.61152579	      6.62298117	     -7.49783546	    -16.96289917	     -1.26724646	      6.50345274	      6.48750924	     -8.54181678	    -24.14743592	     54.94671643	     98.45429395	     -2.70721399	     -2.80124220	    -34.13080014	     39.69419552	     88.86867748
      0.46000000	     -0.94390138	      2.40385916	     84.56388646	     -0.21467276	      0.94229795	      0.48923521	     -7.76329718	     -3.12078677	     -8.78167059	     23.69670621	      0.41358555	     15.53843928	      1.95788756	     -7.49859504	     20.70994249	     -1.83031300	    -19.01833846	     14.33134369	      0.25012913	     -6.06884777	      6.84286029	     -7.49859504	    -16.98820388	     -1.47781032	      6.22956333	      6.48266735	     -8.10736718	    -24.73890614	     55.16889443	    100.17475235	     -2.91805444	     -2.95043534	    -34.86631992	     39.15360023	     91.45009141
      0.47000000	     -1.42242655	      2.71574682	     84.68129863	     -0.21571129	      0.94171719	      0.47674940	     -8.29540864	     -3.77557739	     -8.00422699	     24.84174102	      0.43357017	     14.87560016	      1.06789049	     -7.49882860	     20.51145552	     -1.30808356	    -18.48420153	     16.49807798	      0.28794578	     -5.32520056	      5.47466239	     -7.49882860	    -17.20850815	     -2.12068316	      5.76976917	      6.56340658	     -7.66314866	    -24.93351266	     55.25307865	     98.68339373	     -3.12385123	     -3.20970265	    -35.06417448	     38.78704269	     90.44892459
      0.48000000	     -1.95900676	      3.08440258	     85.00643530	     -0.21724696	      0.94167760	      0.46395000	     -8.90679110	     -4.50022040	     -7.54446505	     25.99873518	      0.45376353	     13.72538499	      0.19885075	     -7.49906656	     20.40837077	     -0.59445875	    -17.76961993	     18.47037966	      0.32236894	     -3.99854400	      4.42862828	     -7.49906656	    -17.43940081	     -2.74149687	      5.18623172	      6.55569613	     -7.05772522	    -25.61093398	     55.29483790	     98.78345714	     -3.11139157	     -3.44471995	    -35.45408700	     38.07242936	     90.64499384
      0.49000000	     -2.45052593	      3.56640872	     85.49604937	     -0.21933595	      0.94210848	      0.45074136	     -9.70722858	     -5.18365969	     -7.37825428	     27.08877659	      0.47278834	     12.23667961	     -0.58884716	     -7.49919094	     20.23816382	      0.18823180	    -16.47312966	     20.32920971	      0.35481164	     -3.85999897	      2.04688921	     -7.49919094	    -17.78054301	     -3.24311204	      4.40618595	      6.43922006	     -6.59338325	    -26.09053321	     55.32717461	     98.95990754	     -3.15356526	     -3.62550554	    -35.83914184	     37.42219954	     90.43385796
      0.50000000	     -2.89875742	      4.12032038	     85.94941077	     -0.22200713	      0.94269610	      0.43704060	    -10.54290191	     -5.86347736	     -7.24190189	     28.29102052	      0.49377146	     10.36878201	     -1.40621113	     -7.49932578	     19.83354659	      1.06950867	    -14.73121407	     22.01424479	      0.38422105	     -3.77988860	     -1.44962413	     -7.49932578	    -18.13724332	     -3.60520516	      3.78723648	      6.06372199	     -6.30922038	    -26.55745298	     55.54127934	     98.56751085	     -3.23616586	     -3.75513944	    -35.69285542	     36.77302622	     89.64746483
      0.51000000	     -3.21140720	      4.63251422	     86.42119743	     -0.22498731	      0.94359347	      0.42310886	    -11.34570763	     -6.38451903	     -7.27604835	     29.41157596	      0.51332884	      8.10118151	     -2.32923274	     -7.49942301	     19.19223354	      1.89999204	    -13.24072812	     23.49852521	      0.41012663	     -2.62705641	     -3.11196364	     -7.49942301	    -18.40905072	     -3.76210053	      3.19713505	      5.67763477	     -6.01853458	    -27.21538887	     55.62143783	     99.30904692	     -3.20579295	     -3.70368009	    -35.93271049	     35.98574472	     89.41076299
      0.52000000	     -3.51529378	      5.20172270	     87.00611956	     -0.22799216	      0.94511812	      0.40927070	    -12.14772244	     -6.90500691	     -7.71459328	     30.61517394	      0.53433559	      5.33966097	     -3.33083547	     -7.49951334	     18.12668646	      2.76417335	    -12.14926040	     24.41785654	      0.42617199	     -1.44873827	     -3.72532232	     -7.49951334	    -18.79893057	     -3.88937090	      2.58470796	      5.15700689	     -5.76396152	    -27.72103592	     55.78170933	     98.46770766	     -3.11890492	     -3.80491396	    -35.58146876	     35.17679774	     88.80260909
      0.53000000	     -3.86881578	      5.53939019	     87.57067441	     -0.23076320	      0.94655022	      0.39564340	    -12.45675332	     -7.36670031	     -7.81707375	     32.20495299	      0.56208247	      2.34515596	     -5.10809239	     -7.49957062	     17.04343489	      3.63762342	    -11.38784853	     24.69118767	      0.43094252	     -0.62964778	     -4.49154662	     -7.49957062	    -18.93603043	     -4.08817000	      2.01840259	      4.63831502	     -5.42918522	    -28.36724498	     55.77370342	     97.76064345	     -3.01160867	     -3.95043368	    -35.18858273	     34.45186225	     88.23258559
      0.54000000	     -4.23644432	      5.75037998	     88.16010640	     -0.23361106	      0.94817263	      0.38236828	    -12.39113509	     -7.89400329	     -8.19796954	     34.09294252	      0.59503410	     -1.11465680	     -6.87269208	     -7.49961891	     15.76138240	      4.50960770	    -10.80188005	     24.21634358	      0.42265493	     -0.00777125	     -4.95763838	     -7.49961891	    -18.99849292	     -4.29042958	      1.39734814	      4.15351865	     -5.17281001	    -28.82810179	     55.65615113	     97.76559642	     -2.86498200	     -4.05498268	    -34.82226774	     33.82151454	     87.79713964
      0.55000000	     -4.46868719	      5.79931114	     88.66464493	     -0.23626756	      0.94971446	      0.36922635	    -11.92838583	     -8.31297886	     -8.45098925	     36.19764997	      0.63176817	     -5.29214269	     -8.72370361	     -7.49964068	     14.58304485	      5.14143360	    -10.44492089	     23.63273044	      0.41246896	      0.62918734	     -4.90341796	     -7.49964068	    -18.87551445	     -4.36010111	      0.92559362	      3.65962540	     -4.94592796	    -29.32523845	     55.45148330	     98.18189417	     -2.67367074	     -4.14948832	    -34.46487111	     33.18119822	     87.87459957
      0.56000000	     -4.65135247	      5.88305608	     88.71730383	     -0.23841626	      0.95122536	      0.35636931	    -11.13402914	     -8.81648242	     -8.19581652	     38.64217830	      0.67443324	     -9.81168601	    -10.91773617	     -7.49965347	     13.28580049	      5.57744677	    -10.60897005	     22.95064183	      0.40056427	      1.48842742	     -4.25496794	     -7.49965347	    -18.79248504	     -4.46814997	      0.85331232	      3.22307166	     -4.69622779	    -30.03264073	     55.33823621	     98.24236422	     -2.44891780	     -4.07746467	    -34.33584977	     32.69947813	     87.78129314
      0.57000000	     -4.87121784	      5.75836901	     88.76590656	     -0.24060792	      0.95225209	      0.34370763	     -9.92737605	     -9.41975797	     -7.96464804	     41.25190043	      0.71998149	    -13.89162542	    -12.49780627	     -7.49968859	     12.24348001	      6.06000350	    -10.59513347	     22.28953541	      0.38902578	      2.16911099	     -4.07828522	     -7.49968859	    -18.44121298	     -4.61808418	      0.59374773	      2.85851242	     -4.72809371	    -29.93574387	     54.88963417	     98.56643214	     -2.37046074	     -4.05969104	    -34.16584522	     32.36693149	     87.80187606
      0.58000000	     -4.97989903	      5.42009944	     88.50539126	     -0.24176756	      0.95308981	      0.33145447	     -8.21195977	     -9.78881829	     -7.12560382	     43.99146455	      0.76779590	    -17.04897481	    -14.76445125	     -7.49969214	     11.51138932	      6.21998887	    -11.16842773	     21.77095115	      0.37997478	      2.84369614	     -3.37095017	     -7.49969214	    -17.93257459	     -4.79828700	      0.76665146	      2.42649056	     -4.67188938	    -30.01079277	     54.57916856	     97.88292642	     -2.15571898	     -4.17085061	    -33.66277416	     32.02788523	     87.16655614
      0.59000000	     -4.96496248	      5.17221135	     88.27575846	     -0.24273819	      0.95407480	      0.31956429	     -6.51999705	     -9.94084161	     -6.30708840	     46.64582356	      0.81412320	    -19.56590548	    -16.95273746	     -7.49969201	     10.85288352	      6.23544508	    -11.55016995	     21.58721154	      0.37676792	      3.64693745	     -2.68271600	     -7.49969201	    -17.59158298	     -4.85177719	      0.84693865	      2.19176772	     -4.59567763	    -30.01162511	     54.10367013	     97.29283640	     -1.94956750	     -4.23495021	    -33.15697241	     31.86885903	     86.55077615
      0.60000000	     -5.06070842	      5.27893344	     87.84432180	     -0.24344636	      0.95550093	      0.30751976	     -5.17806125	    -10.23780553	     -5.43374498	     49.14537080	      0.85774853	    -21.68952634	    -18.75389327	     -7.49970198	      9.70923333	      6.40151505	    -12.05277200	     21.17370203	      0.36955082	      4.35854165	     -1.97640666	     -7.49970198	    -17.64868689	     -5.05500067	      1.01984383	      2.04289008	     -4.36567639	    -30.43576273	     53.84156357	     97.58247647	     -1.85318597	     -4.15353268	    -33.26473314	     32.27998917	     86.73787487
      0.61000000	     -5.05412331	      5.05281055	     87.27587518	     -0.24390032	      0.95652858	      0.29594670	     -3.24500524	    -10.46257355	     -4.56998112	     51.84439301	      0.90485536	    -22.40677113	    -20.43796515	     -7.49971278	      9.02455544	      6.43139780	    -12.52704315	     20.89517153	      0.36468954	      4.94004368	     -1.50517597	     -7.49971278	    -17.36729606	     -5.17779981	      1.33095550	      1.95505001	     -4.26099310	    -30.61970948	     53.35706530	     97.86744211	     -1.61954517	     -4.12429095	    -33.15820033	     32.41857405	     86.95768164
      0.62000000	     -4.86167929	      4.62742641	     87.01688470	     -0.24448638	      0.95725321	      0.28515469	     -1.15744716	    -10.38429087	     -4.11519808	     54.31878675	      0.94804167	    -22.97459695	    -22.98415661	     -7.49972448	      8.68516662	      6.28022215	    -12.60908362	     20.82440976	      0.36345452	      5.58452090	     -1.12945086	     -7.49972448	    -17.03532285	     -5.04763987	      1.35728461	      2.00397692	     -4.13588664	    -30.78106361	     52.76945245	     98.30941104	     -1.22070396	     -4.15477067	    -33.15755182	     32.53557238	     87.32248958
      0.63000000	     -4.79929504	      4.49670916	     86.55042478	     -0.24506804	      0.95849811	      0.27397413	      0.59071397	    -10.57537305	     -3.76149920	     56.45561480	      0.98533636	    -22.51991492	    -25.18927913	     -7.49973065	      7.78537036	      6.31751218	    -12.96750507	     20.26515718	      0.35369372	      6.03365509	     -0.68032461	     -7.49973065	    -16.95744308	     -5.06915297	      1.47754717	      2.04423117	     -4.09339963	    -30.85238107	     52.25093459	     98.75523680	     -0.94979715	     -4.15859735	    -33.02998847	     32.78816111	     87.73689975
      0.64000000	     -4.71271064	      4.24589046	     86.01737945	     -0.24553161	      0.95948354	      0.26307897	      2.58756564	    -10.63675583	     -3.30339634	     58.46770301	      1.02045392	    -21.31938121	    -27.51668339	     -7.49973777	      7.05824849	      6.30603313	    -13.48149861	     19.75728563	      0.34482969	      6.47747925	     -0.12869593	     -7.49973777	    -16.76093252	     -5.05069452	      1.61640559	      2.17431256	     -4.06355394	    -30.90288763	     51.62248154	     99.14682171	     -0.69214926	     -4.20200105	    -32.75664865	     33.11718668	     88.14784563
      0.65000000	     -4.74087546	      3.87406476	     85.62015140	     -0.24618243	      0.96027563	      0.25247647	      4.73546502	    -10.74165368	     -2.97103103	     60.23262143	      1.05125756	    -19.97250130	    -29.52778405	     -7.49974562	      6.40792694	      6.49297656	    -13.63342809	     19.04267859	      0.33235744	      6.67519958	      0.20509128	     -7.49974562	    -16.50824525	     -5.14531166	      1.68119463	      2.24231903	     -4.01439854	    -30.98485429	     51.09197824	     99.56092387	     -0.33627699	     -4.31036908	    -32.30008616	     33.50077894	     88.60405628
      0.66000000	     -4.54794984	      3.68696660	     85.53717135	     -0.24711169	      0.96146754	      0.24206447	      6.50374992	    -10.62452099	     -3.06027842	     61.47661813	      1.07296940	    -18.62515176	    -31.30689282	     -7.49975073	      5.57858304	      6.50788844	    -13.27816439	     18.37771381	      0.32075161	      6.96978279	      0.34821670	     -7.49975073	    -16.53053264	     -4.91592277	      1.43887836	      2.30072129	     -4.04346196	    -30.88823886	     50.72036800	     99.35779730	      0.18252094	     -4.40788082	    -32.00711552	     33.70785957	     88.28261986
      0.67000000	     -4.54709656	      3.35182715	     85.17828548	     -0.24766615	      0.96226235	      0.23172732	      8.59906497	    -10.61808963	     -2.75566778	     62.62235015	      1.09296620	    -17.17399746	    -32.24662416	     -7.49976661	      4.86311504	      6.66368720	    -13.53980218	     17.55264334	      0.30635142	      6.95972400	      0.69839293	     -7.49976661	    -16.33749838	     -4.95453711	      1.38063122	      2.42655215	     -4.01880218	    -30.78385556	     50.16307014	     98.42178961	      0.51239679	     -4.61226817	    -31.21566059	     34.10986500	     87.28858151
      0.68000000	     -4.46423275	      3.24240619	     85.06843740	     -0.24839477	      0.96336054	      0.22127211	     10.23617213	    -10.58116222	     -2.86212696	     63.28794643	      1.10458304	    -15.16052378	    -32.69435608	     -7.49977140	      3.85203140	      6.78218696	    -13.55563582	     16.66028628	      0.29077685	      6.93133747	      1.14066801	     -7.49977140	    -16.44151336	     -4.86882663	      1.15630146	      2.50006722	     -3.94744012	    -30.93328387	     49.84925307	     98.85214575	      0.91925693	     -4.83296803	    -30.57613814	     34.61998151	     87.59762718
      0.69000000	     -4.27117222	      3.13229344	     85.10542650	     -0.24921312	      0.96449514	      0.21094618	     11.75451128	    -10.31296290	     -3.00149585	     63.59228387	      1.10989473	    -13.10216966	    -32.94903592	     -7.49977560	      2.88563287	      6.77020693	    -13.47622010	     15.87021310	      0.27698747	      6.90946557	      1.60046476	     -7.49977560	    -16.56397943	     -4.62340748	      0.80469937	      2.56033675	     -3.90432892	    -30.97531414	     49.53382640	     99.15897936	      1.41381211	     -5.06841551	    -29.93422737	     35.01081061	     87.81573255
      0.70000000	     -4.08369815	      3.10893868	     85.19971241	     -0.24994301	      0.96563421	      0.20058593	     13.08308837	    -10.01295825	     -3.16988312	     63.57197746	      1.10954032	    -11.39320580	    -33.02008322	     -7.49978242	      1.78400648	      6.75872167	    -13.32881801	     15.01320233	      0.26202981	      6.94601426	      2.31618994	     -7.49978242	    -16.79462915	     -4.40804596	      0.42452818	      2.62658470	     -3.83197581	    -31.12672506	     49.22758097	     99.71847308	      1.88471638	     -5.50155027	    -28.84832288	     35.48074948	     88.17416201
      0.71000000	     -3.74340277	      2.90176955	     85.36792796	     -0.25082887	      0.96652962	      0.19046703	     14.52933897	     -9.49872083	     -3.44263078	     63.20217006	      1.10308596	     -9.66234752	    -33.12961369	     -7.49978463	      1.03163787	      6.52886489	    -13.16219730	     14.48281192	      0.25277275	      6.89010641	      2.64906666	     -7.49978463	    -16.86448952	     -3.94197942	      0.05446588	      2.60386366	     -3.83621189	    -31.16089914	     49.09127530	     99.74954040	      2.48763808	     -5.59985673	    -28.52431390	     35.81557808	     88.17793206
      0.72000000	     -3.37147708	      3.05334667	     85.62915986	     -0.25159236	      0.96784539	      0.17993834	     15.36073642	     -9.05447368	     -3.98593569	     62.36227382	      1.08842701	     -7.85051828	    -32.68331172	     -7.49981882	     -0.20579588	      6.24023477	    -13.27690763	     13.81861371	      0.24118031	      6.83399613	      3.55453837	     -7.49981882	    -17.28547606	     -3.49606754	     -0.39530077	      2.62295160	     -3.85453032	    -31.03148670	     48.76722295	     96.83439170	      2.99104743	     -6.12497485	    -26.73928156	     36.28518668	     85.55428727
      0.73000000	     -3.12659015	      2.87778695	     85.95492907	     -0.25209418	      0.96845667	      0.17014558	     16.63695082	     -8.63602163	     -4.42943539	     61.40499063	      1.07171926	     -6.39071018	    -32.32259496	     -7.49986325	     -0.74936065	      5.94143112	    -13.43601936	     13.73670474	      0.23975073	      7.17758059	      4.87926124	     -7.49986325	    -17.42763527	     -3.18714914	     -0.86273966	      2.73704294	     -3.53520062	    -31.93806469	     48.57506622	    101.64539970	      3.52150422	     -6.77112450	    -25.28327312	     36.90818131	     87.14589919
      0.74000000	     -2.91085474	      2.96567853	     86.16323643	     -0.25280058	      0.96937708	      0.15969668	     17.46017865	     -8.29850245	     -4.89282401	     60.02969457	      1.04771582	     -5.24740476	    -31.65168988	     -7.49987752	     -1.87266698	      5.78573632	    -13.75116845	     13.10474691	      0.22872098	      7.11821123	      5.90849954	     -7.49987752	    -17.75515164	     -2.90479249	     -1.24960270	      2.64071047	     -3.55733051	    -31.88978563	     48.44851655	    100.62419251	      4.20434627	     -6.98907289	    -24.79671142	     37.19404323	     86.36209447
      0.75000000	     -2.94025238	      2.36863456	     86.56486333	     -0.25379296	      0.96901483	      0.14948790	     19.05668191	     -8.24973528	     -5.42040830	     58.59431018	      1.02266364	     -4.30866990	    -31.05188171	     -7.49988393	     -2.00296950	      5.83595668	    -13.47310825	     12.91961064	      0.22548974	      7.25443156	      6.13826082	     -7.49988393	    -17.25428037	     -2.78273541	     -1.92787092	      2.45153561	     -3.51785402	    -31.74752311	     48.27134977	     99.32875885	      4.71860221	     -7.23074855	    -24.44308239	     37.58938046	     85.38733383
      0.76000000	     -3.02238508	      2.07443558	     86.74247116	     -0.25437527	      0.96884056	      0.13932582	     20.27797617	     -8.19447972	     -5.82314364	     56.83261676	      0.99191628	     -3.89496522	    -30.48945473	     -7.49988640	     -2.46885975	      5.93320154	    -13.74066339	     12.70403312	      0.22172721	      7.23295437	      6.31427793	     -7.49988640	    -17.09446336	     -2.81268567	     -2.35261546	      2.29995282	     -3.43881482	    -31.75532495	     48.18564463	     98.98185452	      5.38884049	     -7.46310408	    -24.25134258	     37.93152518	     85.12952298
      0.77000000	     -2.50233416	      2.93127199	     87.02712437	     -0.25482829	      0.97065770	      0.12855688	     19.72909279	     -7.58448188	     -6.63908543	     54.30918143	      0.94787403	     -2.72418215	    -28.68103140	     -7.49989006	     -4.50255835	      5.38741987	    -14.53201087	     12.00749646	      0.20957035	      7.03441661	      8.90838913	     -7.49989006	    -18.25055156	     -2.20470960	     -2.65816941	      2.54256718	     -3.39268103	    -32.39072039	     47.76031018	     99.66932337	      6.32762036	     -7.85175540	    -23.22782865	     37.94414199	     85.77455283
      0.78000000	     -2.51669032	      2.97689752	     87.31094135	     -0.25549242	      0.97075904	      0.11778574	     20.18041201	     -7.50986713	     -7.30856254	     51.78055075	      0.90374110	     -1.92304934	    -27.80746841	     -7.49989858	     -5.45460491	      5.38527034	    -15.00383367	     11.65782257	      0.20346739	      6.98503603	     10.31870817	     -7.49989858	    -18.43787995	     -2.13761108	     -3.02481131	      2.29331015	     -3.28041602	    -32.80393192	     47.84177641	    100.09473442	      6.90938989	     -8.32070651	    -22.08278499	     38.39902242	     86.13852743
      0.79000000	     -2.58044448	      2.93260012	     87.64021148	     -0.25612432	      0.97058632	      0.10727250	     20.68549292	     -7.48340384	     -8.04599128	     49.08064780	      0.85661890	     -1.53554483	    -26.96139784	     -7.49990420	     -6.15534706	      5.39911814	    -15.35429220	     11.56123830	      0.20178167	      6.74821758	     11.06314116	     -7.49990420	    -18.49896432	     -2.14202056	     -3.48443337	      2.15456601	     -3.26017543	    -32.92345062	     47.57953345	     99.93372530	      7.69829648	     -8.66400964	    -21.47610249	     38.43811686	     85.99479029
      0.80000000	     -2.65329060	      3.06565293	     87.99262776	     -0.25691022	      0.97050009	      0.09631819	     20.85772268	     -7.49121613	     -8.82690784	     46.16864665	      0.80579490	     -1.02519588	    -25.71899289	     -7.49990895	     -7.22103269	      5.45046624	    -15.75560212	     11.17909652	      0.19511204	      6.61443266	     12.43253640	     -7.49990895	    -18.70594896	     -2.09131587	     -3.97133530	      1.95281176	     -3.16761380	    -33.30845306	     47.56292675	    100.01794403	      8.38261235	     -8.92084596	    -20.93637311	     38.65409994	     86.07678706
      0.81000000	     -2.89023029	      2.91356266	     88.38726008	     -0.25771978	      0.96973459	      0.08547024	     21.30712618	     -7.63580779	     -9.61988946	     43.08270987	      0.75193514	     -0.51766676	    -24.73047146	     -7.49991244	     -7.89803694	      5.68929904	    -15.78096601	     10.89629349	      0.19017620	      6.32690390	     13.06857539	     -7.49991244	    -18.56226005	     -2.22229228	     -4.50824015	      1.63633082	     -3.15127142	    -33.40259507	     47.47454081	     99.82099485	      9.06872854	     -9.19545164	    -20.48124468	     38.73561685	     85.96510903
      0.82000000	     -2.83279449	      3.07440270	     88.82881156	     -0.25816762	      0.96944899	      0.07467213	     21.24625728	     -7.45525561	    -10.61780707	     39.72071882	      0.69325732	     -0.18931868	    -22.97279799	     -7.49991661	     -8.84891454	      5.50302854	    -16.16260956	     10.81907978	      0.18882856	      6.33676708	     14.19825452	     -7.49991661	    -18.89862377	     -2.08716086	     -4.82974595	      1.28813547	     -3.10123531	    -33.72561934	     47.65671049	     99.82226663	      9.95697659	     -9.49504429	    -19.68691335	     38.80815843	     85.97526701
      0.83000000	     -2.99219305	      3.17325573	     89.31542624	     -0.25885685	      0.96868293	      0.06353319	     21.23350122	     -7.54106137	    -11.72138251	     36.38764484	      0.63508421	      0.74978147	    -20.69750669	     -7.49992245	     -9.81802468	      5.57266192	    -16.34272487	     10.60761585	      0.18513782	      6.35109311	     15.48261146	     -7.49992245	    -19.05418806	     -2.12213929	     -5.38060492	      0.90324409	     -2.99435831	    -34.07477032	     47.88326559	    100.15853383	     10.54447045	     -9.90482295	    -18.82852774	     39.22046539	     86.33634898
      0.84000000	     -3.05777255	      3.14575021	     89.79872209	     -0.25928712	      0.96778197	      0.05261252	     21.33209227	     -7.39537004	    -12.56386071	     32.99550158	      0.57588014	      1.35703883	    -18.38493987	     -7.49992662	    -10.57762754	      5.52154788	    -16.37110186	     10.50804420	      0.18339997	      6.24104573	     15.98163667	     -7.49992662	    -19.08011360	     -2.09302165	     -5.84023664	      0.65340337	     -2.94302761	    -34.34172288	     47.72692490	     99.90374243	     11.32982860	    -10.18893067	    -18.23109251	     39.21911788	     86.18556689
      0.85000000	     -3.13022098	      3.09179111	     90.27976853	     -0.25977691	      0.96666675	      0.04165530	     21.40338194	     -7.37249000	    -14.01971620	     29.58666768	      0.51638477	      2.32949536	    -14.57077268	     -7.49993120	    -11.26767130	      5.45767820	    -16.39422135	     10.49505563	      0.18317328	      6.27048344	     16.88282333	     -7.49993120	    -19.10065087	     -2.06509640	     -6.29338164	      0.28962313	     -2.86546261	    -34.69469439	     47.87076062	    100.13225205	     11.99485078	    -10.48231168	    -17.50766867	     39.42066011	     86.44050924
      0.86000000	     -3.29864937	      2.93022966	     90.70401535	     -0.26030991	      0.96520294	      0.03081771	     21.70715134	     -7.37439662	    -15.17218933	     26.43618400	      0.46139845	      3.00211087	    -10.53175555	     -7.49993727	    -11.90069808	      5.55766255	    -16.27392913	     10.32059297	      0.18012833	      6.15384975	     17.16578488	     -7.49993727	    -19.01154880	     -2.11756581	     -6.71341402	      0.01797239	     -2.82323963	    -35.00172876	     47.89424347	     99.89454568	     12.67557030	    -10.69861371	    -16.86434960	     39.61173674	     86.33652808
      0.87000000	     -3.23669350	      2.75040859	     91.17513001	     -0.26032671	      0.96382230	      0.02007098	     21.94194408	     -7.02444039	    -16.32316495	     23.30986317	      0.40683386	      3.04963153	     -6.94689422	     -7.49994501	    -12.25926701	      5.28531533	    -16.12886586	     10.69120670	      0.18659676	      6.09654079	     16.95887008	     -7.49994501	    -18.89992548	     -2.00725374	     -7.15021906	     -0.09538990	     -2.78190154	    -35.09924744	     47.50973688	     97.71684244	     13.38651149	    -10.92789530	    -16.20532216	     39.66580010	     84.48039227
      0.88000000	     -3.30216311	      2.51278011	     91.45994317	     -0.26025426	      0.96198799	      0.00915583	     22.34952882	     -6.79779936	    -17.47203298	     20.54980385	      0.35866174	      3.74955301	     -2.57297085	     -7.49996186	    -12.66493654	      5.21558753	    -16.19863970	     10.85544075	      0.18946318	      6.33554163	     17.53883085	     -7.49996186	    -18.74538626	     -2.01915830	     -7.30545695	     -0.34642697	     -2.58823995	    -36.12220559	     47.65234357	    102.00654168	     14.04275976	    -11.11091474	    -15.83702066	     39.87710917	     87.08504584
      0.89000000	     -3.21514683	      2.21370249	     91.86461029	     -0.26004440	      0.96013806	     -0.00161515	     22.74604167	     -6.39544279	    -18.53517856	     18.01517151	      0.31442406	      3.98074978	      1.31406740	     -7.49996609	    -12.86170008	      4.93896062	    -15.91620529	     11.24594724	      0.19627881	      6.41261632	     17.20447012	     -7.49996609	    -18.54172768	     -1.87911793	     -7.56883066	     -0.59842779	     -2.55385246	    -36.21382089	     47.55215563	     99.08352796	     14.70298591	    -11.22916497	    -15.25044621	     40.04446244	     84.51121563
      0.90000000	     -3.20956061	      1.96531452	     92.01495511	     -0.25955290	      0.95800652	     -0.01273932	     23.11478127	     -5.98745417	    -19.46357518	     15.73726720	      0.27466713	      4.26934815	      5.11326854	     -7.49997227	    -13.15450308	      4.77001637	    -16.01894790	     11.64076271	      0.20316964	      6.53208909	     17.25757795	     -7.49997227	    -18.32817394	     -1.86695242	     -7.55896920	     -1.03086904	     -2.61526149	    -36.12505819	     47.71251701	     96.16367223	     15.30316130	    -11.31640534	    -14.50873077	     40.24858084	     81.63791626
      0.91000000	     -3.04968211	      1.57188711	     92.26182168	     -0.25858559	      0.95568232	     -0.02380151	     23.53221196	     -5.35194357	    -20.00719427	     13.63704561	      0.23801135	      4.03177700	      7.33440966	     -7.49997213	    -13.08179559	      4.30925748	    -16.18347126	     12.45327844	      0.21735071	      6.71256857	     17.41586783	     -7.49997213	    -17.93983270	     -1.75306312	     -7.66815821	     -1.05803448	     -2.38369722	    -36.89401319	     47.31775831	     97.92508949	     15.81286890	    -11.44250683	    -14.40100432	     40.40704961	     82.84601862
      0.92000000	     -2.81092076	      1.18445928	     92.58571800	     -0.25781706	      0.95319494	     -0.03500826	     23.86357485	     -4.71060134	    -20.64052137	     11.87131529	      0.20719354	      3.46090206	      9.09055902	     -7.49997274	    -12.89817314	      3.71412327	    -16.18377047	     13.52406682	      0.23603949	      7.00336165	     17.39809189	     -7.49997274	    -17.55676295	     -1.49334435	     -7.77109238	     -1.24719527	     -2.25171364	    -37.56620021	     47.15801268	     99.07877460	     16.31198380	    -11.42632761	    -14.40365027	     40.56603893	     83.66055654
      0.93000000	     -2.74616137	      0.88966529	     92.79773214	     -0.25720192	      0.95065715	     -0.04664602	     24.19755310	     -4.30666000	    -20.97267647	     10.81120062	      0.18869105	      3.17728484	     10.10323991	     -7.49997321	    -13.03019754	      3.43943274	    -15.85540564	     14.16691868	      0.24725938	      7.11321875	     17.02144528	     -7.49997321	    -17.21018211	     -1.42792583	     -7.82926813	     -1.40952355	     -2.25498779	    -37.98458055	     46.84479240	     99.76584374	     16.75019036	    -11.35445866	    -14.44978247	     40.67543255	     84.32090657
      0.94000000	     -2.55667269	      0.68192165	     92.95399290	     -0.25649535	      0.94814428	     -0.05896457	     24.53676035	     -3.81821523	    -20.67912908	     10.52862088	      0.18375910	      3.22991537	      9.86943787	     -7.49997502	    -13.16716867	      2.95316644	    -15.86080256	     15.09603320	      0.26347548	      7.18347718	     17.06096565	     -7.49997502	    -16.83774284	     -1.20934020	     -7.78580526	     -1.65992163	     -2.31265003	    -38.35350587	     46.55180050	    100.36610711	     16.94168119	    -11.22819525	    -14.44193820	     40.89990429	     85.06037521
      0.95000000	     -2.34065957	      0.65750385	     93.23459332	     -0.25620241	      0.94574549	     -0.07174380	     24.76305332	     -3.48864964	    -20.50330404	     11.05171713	      0.19288885	      3.47423713	      9.11367393	     -7.49997678	    -13.48950458	      2.44729382	    -15.42709484	     16.06019849	      0.28030334	      7.16508346	     16.62655662	     -7.49997678	    -16.61890806	     -0.88466191	     -7.83647772	     -1.95934355	     -2.42537863	    -38.69692524	     46.35224026	    100.71124080	     17.08837500	    -11.02427867	    -14.60692101	     41.16354079	     85.70461758
      0.96000000	     -2.32450864	      0.89171611	     93.44057538	     -0.25621369	      0.94380691	     -0.08502174	     24.75670417	     -3.43788904	    -20.04523511	     12.20289029	      0.21298061	      3.78186628	      8.00149368	     -7.49997783	    -14.36903109	      2.24414071	    -14.91177563	     16.46118303	      0.28730184	      6.69776326	     16.39608694	     -7.49997783	    -16.66365885	     -0.71533323	     -7.84271763	     -2.29997581	     -2.55103539	    -38.98378535	     46.27699499	    100.41331329	     17.15374655	    -10.77114880	    -14.74581275	     41.47835981	     85.59167216
      0.97000000	     -2.11905989	      1.15657090	     93.55568717	     -0.25614098	      0.94183744	     -0.09887774	     24.46126089	     -3.08542003	    -19.19638474	     13.18381589	      0.23010100	      3.44131739	      6.59900669	     -7.49997977	    -15.16812990	      1.79368242	    -14.66750653	     17.14240100	      0.29919134	      5.95319570	     16.16107820	     -7.49997977	    -16.58968277	     -0.35926165	     -7.78476759	     -2.60526885	     -2.85004629	    -39.10423357	     45.93783661	    100.82708249	     16.99204617	    -10.44062349	    -14.98519663	     41.83438462	     85.95671204
      0.98000000	     -2.05420128	      1.46432537	     93.64667677	     -0.25618709	      0.94005670	     -0.11269160	     24.13125644	     -2.87174101	    -18.07169243	     14.50695915	      0.25319420	      1.33935907	      4.08120927	     -7.49998190	    -16.03932818	      1.55772882	    -14.12183472	     17.70790873	      0.30906131	      5.08726565	     15.59683989	     -7.49998190	    -16.63870236	     -0.10592654	     -7.73180611	     -2.83212062	     -3.08914036	    -39.37734763	     45.67535567	    101.13011582	     16.77668283	    -10.06393226	    -15.43524640	     42.23035157	     86.25667159
      0.99000000	     -1.82555011	      1.90156642	     93.63749196	     -0.25594431	      0.93865175	     -0.12669210	     23.67731269	     -2.44839780	    -16.99381032	     15.80613049	      0.27586902	     -2.02293181	      1.15658359	     -7.49998320	    -16.95220922	      1.12932528	    -13.66307604	     18.44642210	      0.32195080	      4.02125368	     14.97487577	     -7.49998320	    -16.81283479	      0.30763347	     -7.48138685	     -3.05494176	     -3.33541192	    -39.65218069	     45.42825650	    100.97448239	     16.60836986	     -9.63883215	    -15.71977366	     42.51206202	     86.00047629
      1.00000000	     -1.55648355	      2.16449927	     93.40710305	     -0.25546210	      0.93748533	     -0.14032543	     23.54497314	     -1.97072088	    -15.47213767	     17.35715879	      0.30293957	     -3.01228211	     -0.99448496	     -7.49998471	    -17.48625281	      0.73763867	    -13.18553038	     19.45563337	      0.33956486	      2.70191282	     13.96401710	     -7.49998471	    -16.84545524	      0.72731680	     -7.09919586	     -3.10665658	     -3.69941078	    -39.77805785	     44.99243506	    100.96595617	     16.32348422	     -9.16278272	    -16.17789502	     42.88910613	     85.66048527
      1.01000000	     -1.07258998	      2.44710418	     93.00845564	     -0.25444009	      0.93711463	     -0.15371240	     23.49395192	     -1.18328771	    -13.58412044	     19.16701345	      0.33452749	     -3.76434874	     -3.07726111	     -7.49998607	    -17.86497347	      0.12628600	    -13.01936837	     20.72487737	      0.36171735	      0.82917680	     12.77507421	     -7.49998607	    -16.99237734	      1.31904301	     -6.51293393	     -2.92378431	     -4.03194092	    -39.95959316	     44.32368607	    101.12772868	     16.04388823	     -8.65935966	    -16.70541240	     43.16471675	     85.33979584
      1.02000000	     -0.47658355	      2.90699998	     92.71202644	     -0.25314819	      0.93758247	     -0.16748764	     23.06546195	     -0.22104786	    -11.75108063	     20.74095803	      0.36199801	     -4.62230687	     -5.72435612	     -7.49998814	    -18.32740603	     -0.66711299	    -12.86209420	     22.10743528	      0.38584753	     -1.37262246	     11.43915516	     -7.49998814	    -17.29159650	      2.00194323	     -6.06097908	     -2.58020133	     -4.25070690	    -40.41118820	     43.43915014	    102.85663517	     15.65869971	     -8.20835698	    -17.50925229	     43.40566574	     86.45224964
      1.03000000	      0.21063674	      3.35402425	     92.40667605	     -0.25134157	      0.93835833	     -0.18130874	     22.49812411	      0.89314146	    -10.16804715	     22.04962122	      0.38483849	     -5.08367847	     -8.70970860	     -7.49998943	    -18.56290843	     -1.59142804	    -12.64504864	     23.79065740	      0.41522530	     -4.08020890	      9.72497015	     -7.49998943	    -17.57507414	      2.71450702	     -5.48974342	     -2.32427116	     -4.41409489	    -40.67820846	     42.61499458	    102.13972869	     15.23491419	     -7.84148094	    -17.93833332	     43.62475306	     86.17037143
      1.04000000	      0.90845767	      3.82470305	     92.24212266	     -0.24959884	      0.93951238	     -0.19514947	     21.74586754	      2.03712853	     -8.86348760	     23.09177859	      0.40302757	     -5.00558995	    -10.78560273	     -7.49999180	    -18.55562433	     -2.57108162	    -12.21439257	     25.84747189	      0.45112349	     -7.26740338	      7.63753456	     -7.49999180	    -17.84974268	      3.43846887	     -5.14252759	     -1.90884310	     -4.51332401	    -41.14334915	     41.65130342	    104.59340629	     14.66006799	     -7.54212009	    -18.73162187	     43.91843595	     88.27998441
      1.05000000	      1.44832232	      4.26675404	     92.00772585	     -0.24789540	      0.94089937	     -0.20906133	     20.87293523	      3.06135309	     -7.59256404	     24.06437395	      0.42000256	     -4.02670818	    -12.19430161	     -7.49999207	    -18.38537734	     -3.36006941	    -11.83668511	     27.95188724	      0.48785246	    -11.05493112	      5.59232676	     -7.49999207	    -18.04388485	      3.95483755	     -4.70957833	     -1.62500808	     -4.59925259	    -41.44068432	     40.84251021	    104.45337381	     14.11761816	     -7.21214143	    -19.14452968	     44.01278632	     87.26055763
      1.06000000	      1.99190966	      4.58397838	     91.93751330	     -0.24651874	      0.94236666	     -0.22268399	     19.90674548	      3.94794649	     -6.89674835	     24.65200883	      0.43025872	     -2.89868090	    -12.92182567	     -7.49999278	    -17.85000674	     -4.21889026	    -11.23437626	     30.21986475	      0.52743614	    -15.13202075	      3.64200045	     -7.49999278	    -18.11704722	      4.51873031	     -4.41967748	     -1.39652299	     -4.71849888	    -41.47385252	     40.17078836	    104.31369473	     13.55633316	     -6.90209269	    -19.53382689	     44.04339578	     86.52978768
      1.07000000	      2.47497639	      4.62636740	     92.06281550	     -0.24544743	      0.94339666	     -0.23576045	     19.21220180	      4.55281658	     -6.93364889	     25.08374627	      0.43779396	     -1.94032705	    -13.25832555	     -7.49999538	    -16.55655512	     -5.00134842	     -9.98971687	     33.08797257	      0.57749406	    -19.07496842	      2.00801436	     -7.49999538	    -17.86990953	      5.06064566	     -4.33799533	     -1.05811065	     -4.70070907	    -42.04353924	     39.54602787	    106.64157737	     13.01178963	     -6.61442697	    -20.27621149	     43.93638543	     89.72099915
      1.08000000	      2.90657925	      4.55553445	     92.27390888	     -0.24475094	      0.94439839	     -0.24864541	     18.51511035	      5.03825638	     -7.18406378	     25.28838558	      0.44136559	     -0.84251841	    -13.01916963	     -7.49999571	    -14.95558085	     -5.65289014	     -8.46197453	     36.14956817	      0.63092899	    -22.12891449	      0.99887760	     -7.49999571	    -17.59118311	      5.54833501	     -4.12111462	     -1.11735464	     -4.80657943	    -41.86899287	     39.37747773	    105.45637569	     12.55689522	     -6.31776519	    -20.35285197	     43.87666365	     89.01573369
      1.09000000	      3.35491425	      4.50839068	     92.46769811	     -0.24422842	      0.94549800	     -0.26129875	     17.65751503	      5.52394399	     -7.60489791	     25.16529215	      0.43921721	      0.12843080	    -12.59302258	     -7.49999596	    -13.30456690	     -6.35251754	     -7.29576303	     39.28793950	      0.68570390	    -24.59361310	     -0.23961002	     -7.49999596	    -17.35740677	      6.08504954	     -3.83703589	     -1.16584720	     -4.90693328	    -41.79004699	     39.38957035	    104.61470626	     12.18916893	     -6.01674610	    -20.36227589	     43.54845776	     88.42754030
      1.10000000	      3.79438972	      4.52040667	     92.79681783	     -0.24401320	      0.94682615	     -0.27371714	     16.64070020	      5.94470716	     -8.26817179	     24.82952298	      0.43335693	      0.93364744	    -11.96374308	     -7.49999616	    -11.56672351	     -7.06485947	     -6.30549884	     42.51307851	      0.74199320	    -27.34122478	     -2.94446098	     -7.49999616	    -17.16921165	      6.61953531	     -3.64698557	     -1.21383001	     -5.01476648	    -41.68111684	     39.45210136	    104.25303138	     11.86334953	     -5.63036419	    -20.50177674	     43.27885415	     88.05032337
      1.11000000	      4.01024385	      4.45458314	     93.24196722	     -0.24418585	      0.94833636	     -0.28578705	     15.66394711	      6.07533321	     -9.09938251	     24.42010021	      0.42621115	      1.79632396	    -11.11849729	     -7.49999633	     -9.64502576	     -7.44715273	     -5.09147065	     45.63111152	      0.79641314	    -30.37992744	     -6.08765930	     -7.49999633	    -16.95263124	      6.95039579	     -3.52246424	     -1.27822485	     -5.05875310	    -41.64622221	     39.67710665	    104.25042577	     11.66998531	     -5.27129415	    -20.64478343	     42.81301184	     87.86382479
      1.12000000	      4.03001538	      4.63498203	     93.37926331	     -0.24371269	      0.95052140	     -0.29749606	     14.34528104	      6.16796737	     -9.43514364	     23.84092484	      0.41610264	      2.60830083	    -10.62980062	     -7.49999639	     -8.12354640	     -7.77837796	     -4.74122240	     48.31037539	      0.84317511	    -33.14779789	     -7.32917571	     -7.49999639	    -17.17359564	      6.91752636	     -3.07221997	     -1.12876970	     -5.13840320	    -41.51165832	     39.57896226	    104.21912327	     11.56679977	     -5.01983424	    -20.65449139	     42.42955422	     87.78206807
      1.13000000	      3.94169090	      4.32300848	     93.94505910	     -0.24457087	      0.95232978	     -0.30881413	     13.62950500	      5.81153038	    -10.78483660	     23.38692738	      0.40817888	      3.35208779	     -8.79346121	     -7.49999659	     -5.82390346	     -7.74764184	     -3.74707284	     51.01202040	      0.89032771	    -35.56293136	    -11.36977639	     -7.49999659	    -16.75564071	      6.95623009	     -3.12602255	     -1.03321029	     -5.12662741	    -41.69806859	     39.80158598	    105.01485772	     11.49058925	     -4.60060158	    -21.07227978	     41.71467400	     88.07080740
      1.14000000	      3.85265449	      4.22040557	     94.30485392	     -0.24471914	      0.95440237	     -0.31973538	     12.55613341	      5.71106003	    -11.33248432	     22.58932521	      0.39425810	      3.88868023	     -7.83853421	     -7.49999672	     -3.77983073	     -7.73927404	     -3.11554726	     53.52640887	      0.93421207	    -36.37959478	    -14.20977406	     -7.49999672	    -16.71952419	      6.88279828	     -2.88221572	     -0.86548595	     -5.10849908	    -41.73459937	     40.06942107	    105.32725239	     11.45045458	     -4.32774832	    -21.26007753	     41.21941071	     88.25854331
      1.15000000	      3.76272373	      4.07662373	     94.57319054	     -0.24461695	      0.95625738	     -0.33050429	     11.57010507	      5.65516634	    -11.73712754	     21.86719131	      0.38165449	      4.30394871	     -7.11526314	     -7.49999684	     -1.75966466	     -7.76405040	     -2.83191162	     55.76502550	      0.97328330	    -35.19233072	    -16.30954601	     -7.49999684	    -16.63580642	      6.73031267	     -2.58808267	     -0.63672029	     -5.18196485	    -41.47292652	     40.19119556	    105.00885310	     11.35545870	     -4.17588262	    -21.24618777	     40.74819199	     88.09555515
      1.16000000	      3.47876601	      3.96871917	     94.79442065	     -0.24443386	      0.95821808	     -0.34114752	     10.59449690	      5.45786182	    -11.74614775	     21.19176060	      0.36986600	      4.92772827	     -6.59993080	     -7.49999696	      0.21026810	     -7.43616843	     -2.43407522	     57.77852138	      1.00842543	    -32.80739951	    -18.08247639	     -7.49999696	    -16.63183412	      6.33889175	     -2.31083311	     -0.37959229	     -5.18779640	    -41.17315779	     40.41443035	    104.28717061	     11.21613368	     -4.08691814	    -21.18052257	     40.38289735	     87.69090380
      1.17000000	      3.20632462	      3.78246976	     95.01463390	     -0.24425234	      0.96001232	     -0.35179693	      9.72034854	      5.25028807	    -11.88556675	     20.57019539	      0.35901764	      5.32729593	     -6.07731952	     -7.49999706	      2.21578070	     -7.15338825	     -2.22010410	     59.48581402	      1.03822331	    -29.78097774	    -19.97191436	     -7.49999706	    -16.56087569	      5.95298744	     -2.06492194	     -0.12541269	     -5.17913481	    -40.85076594	     40.69873101	    103.58396978	     10.99998546	     -4.05205539	    -21.13908460	     40.03082328	     87.27906827
      1.18000000	      3.10627265	      3.48590595	     95.29416052	     -0.24426768	      0.96139557	     -0.36230050	      9.09363574	      5.15662197	    -12.33361898	     20.13195874	      0.35136896	      5.61591463	     -5.42390015	     -7.49999720	      4.44281386	     -7.03448540	     -2.01629713	     61.18298582	      1.06784455	    -25.82682462	    -21.81526112	     -7.49999720	    -16.31130450	      5.79640563	     -1.90209955	      0.04889226	     -5.31759395	    -40.25019561	     41.20494872	    103.06460792	     10.78818984	     -4.01888905	    -21.15708948	     39.59365350	     86.90735004
      1.19000000	      2.61750914	      3.25096641	     95.30985370	     -0.24402636	      0.96304487	     -0.37271086	      8.31291739	      4.77441976	    -11.97706687	     19.58664956	      0.34185152	      6.00302891	     -5.08664798	     -7.49999729	      6.45016246	     -6.41480550	     -2.06643675	     62.42008578	      1.08943602	    -22.39860314	    -23.06201941	     -7.49999729	    -16.24764480	      5.17320054	     -1.66464618	      0.41101033	     -5.30957753	    -39.84909977	     41.63246934	    102.46121309	     10.44859165	     -4.07550029	    -21.18670139	     39.37093515	     86.52282872
      1.20000000	      2.59044750	      2.90255809	     95.47764184	     -0.24385294	      0.96410494	     -0.38310265	      7.67405051	      4.83210457	    -12.25038198	     18.91603851	      0.33014715	      6.30363391	     -4.78014280	     -7.49999741	      8.69211352	     -6.41366790	     -2.10066131	     63.50521626	      1.10837512	    -18.81225820	    -24.09051421	     -7.49999741	    -15.97745503	      5.08143869	     -1.47499529	      0.61080009	     -5.59900143	    -38.93692364	     42.21076970	    102.65381537	     10.21030313	     -4.11648287	    -21.40410556	     38.80228780	     86.49979102
      1.21000000	      2.16679961	      2.72255868	     95.36454273	     -0.24327015	      0.96539129	     -0.39330571	      6.88624678	      4.56201708	    -11.74238213	     18.42404540	      0.32156025	      6.61160628	     -4.51050371	     -7.49999747	     10.53714495	     -5.93776553	     -2.38157382	     64.03684973	      1.11765387	    -16.37766183	    -25.02288146	     -7.49999747	    -15.98710312	      4.47219487	     -1.21703476	      1.11712391	     -5.53468392	    -38.49819186	     42.67098553	    102.33641971	      9.76737755	     -4.22249210	    -21.46477559	     38.69485838	     86.26898211
      1.22000000	      2.00483431	      2.47363890	     95.08847866	     -0.24268408	      0.96632326	     -0.40384527	      6.14824202	      4.51742392	    -11.55886185	     17.83381599	      0.31125881	      6.89412857	     -3.90501457	     -7.49999797	     12.34882144	     -5.81936853	     -2.94942660	     64.30019714	      1.12225015	    -13.73600028	    -25.80953435	     -7.49999797	    -15.86498856	      4.18000588	     -0.82475052	      1.39101354	     -5.80287624	    -37.58981581	     43.43926625	    105.15200293	      9.23916660	     -4.09883269	    -22.35413033	     38.62123145	     87.98468161
      1.23000000	      1.68459186	      2.31980543	     94.81542638	     -0.24197874	      0.96733252	     -0.41426462	      5.27191769	      4.33029252	    -11.26237183	     17.19593804	      0.30012574	      7.13177002	     -3.62084376	     -7.49999800	     13.94200445	     -5.53129496	     -3.54401730	     64.16091032	      1.11981914	    -11.74085197	    -26.69829189	     -7.49999800	    -15.88475643	      3.66765146	     -0.44651706	      1.92214959	     -5.84387922	    -37.19532048	     43.91285959	    104.83362725	      8.78856851	     -4.28479203	    -22.47214454	     38.41281470	     87.81363538
      1.24000000	      1.53569300	      1.89585863	     94.11377179	     -0.24085100	      0.96769463	     -0.42456000	      4.88467174	      4.28848636	    -10.62898165	     16.86896967	      0.29441906	      7.32393731	     -3.28161143	     -7.49999817	     15.70480639	     -5.57293963	     -4.61472400	     63.77146835	      1.11302209	     -9.97899642	    -27.47777179	     -7.49999817	    -15.56159435	      3.27902066	      0.32829934	      2.20816284	     -6.35069391	    -35.50827761	     44.40571563	    101.26642445	      8.24988364	     -4.38948930	    -22.29332003	     38.12462422	     84.84467880
      1.25000000	      1.20135288	      2.40966735	     93.85972598	     -0.24009050	      0.96938719	     -0.43537817	      3.11663556	      4.06198290	    -10.98433329	     15.92764274	      0.27798981	      7.68022079	     -1.81268690	     -7.49999824	     16.28346566	     -5.39494174	     -5.33195053	     62.86931651	      1.09727657	     -7.61701993	    -26.88434590	     -7.49999824	    -16.39206423	      2.80892296	      0.63319960	      2.41800762	     -6.55913804	    -34.34310556	     45.72265068	    102.21264955	      7.69721723	     -4.42640433	    -23.05005783	     38.53702047	     85.09227526
      1.26000000	      1.07222698	      2.19219856	     93.69290788	     -0.23943622	      0.96969883	     -0.44593821	      2.40950681	      4.01176117	    -11.00778629	     15.48563023	      0.27027523	      7.88791332	     -1.60167721	     -7.49999827	     17.69365533	     -5.36607538	     -5.93389915	     61.82505438	      1.07905076	     -6.39281539	    -27.21709542	     -7.49999827	    -16.23727364	      2.53706378	      0.87996820	      2.96339397	     -6.59541152	    -34.04065149	     46.17982945	    102.09045538	      7.10156180	     -4.64081195	    -23.23461746	     38.29870631	     84.99236998
      1.27000000	      0.89159700	      1.97279189	     93.09931565	     -0.23830482	      0.96992546	     -0.45610222	      1.77116096	      3.84313128	    -11.06504303	     15.06334394	      0.26290495	      8.02780332	     -0.61507371	     -7.49999830	     18.90877357	     -5.36401990	     -6.91979212	     60.37262968	      1.05370117	     -4.73448737	    -26.95582983	     -7.49999830	    -16.23640922	      2.13517562	      1.39986494	      3.56638707	     -6.70434894	    -33.34238593	     46.89380018	    101.97214936	      6.51525235	     -4.77266690	    -23.63489591	     38.22120035	     84.84745396
      1.28000000	      0.59352699	      2.47681654	     92.40098029	     -0.23741818	      0.97105763	     -0.46703108	      0.28216874	      3.49398934	    -11.37420643	     14.65431814	      0.25576610	      8.56641818	      1.50214274	     -7.49999836	     19.01216299	     -5.38231337	     -8.29655770	     58.39130503	      1.01912053	     -3.35699588	    -26.04076928	     -7.49999836	    -16.92760720	      1.64473818	      2.05892714	      3.92660996	     -7.29413218	    -31.81627063	     47.63142916	    102.57184075	      6.12431614	     -4.57691149	    -24.88115366	     38.01184869	     84.97587166
      1.29000000	      0.71961946	      2.19340008	     92.09002942	     -0.23665948	      0.97064918	     -0.47732580	     -0.28444116	      3.63731331	    -11.73514562	     14.25983980	      0.24888116	      8.73865926	      2.01922512	     -7.49999838	     20.24430338	     -5.61723283	     -8.96442941	     56.50281650	      0.98616018	     -2.67174631	    -26.06394188	     -7.49999838	    -16.73368612	      1.66440986	      2.37902274	      4.53762044	     -7.38765403	    -31.44717985	     48.18500105	    102.52316399	      5.49607708	     -4.75814840	    -25.17996138	     37.76982174	     84.93344034
      1.30000000	      0.59460671	      2.51324340	     91.44669390	     -0.23571654	      0.97105548	     -0.48801641	     -1.49637848	      3.40758157	    -12.39811932	     13.96961686	      0.24381581	      9.10849754	      4.30329772	     -7.49999843	     20.39423199	     -5.73993674	    -10.25481995	     53.97936597	      0.94211766	     -1.81412074	    -25.02939337	     -7.49999843	    -17.28749435	      1.31447867	      3.02623965	      4.96548963	     -7.90898412	    -30.13160889	     48.94093616	    102.93702622	      5.07050287	     -4.61315679	    -26.36133746	     37.66491472	     85.07734280
      1.31000000	      0.59807191	      2.67223989	     91.02013046	     -0.23514292	      0.97095029	     -0.49855553	     -2.51474028	      3.31872357	    -13.14958736	     13.69622627	      0.23904424	      9.47948126	      5.98178404	     -7.49999852	     20.79622985	     -5.82779878	    -11.16615291	     51.35538007	      0.89632047	     -1.15723310	    -24.29804411	     -7.49999852	    -17.60812828	      1.20077992	      3.37407492	      5.49275893	     -8.27076214	    -29.07724295	     49.70381371	    103.31381902	      4.64467084	     -4.44171451	    -27.76187706	     37.38100197	     85.53213988
      1.32000000	      0.68332101	      2.76425407	     90.55984667	     -0.23462300	      0.97057367	     -0.50912755	     -3.44025783	      3.33398189	    -13.60434355	     13.47169552	      0.23512544	      9.72109072	      7.12125884	     -7.49999883	     21.14440898	     -5.96923136	    -12.11253869	     48.46194442	      0.84582049	     -0.63775487	    -23.48565680	     -7.49999883	    -17.80860072	      1.18440342	      3.77461034	      6.11766986	     -8.59065156	    -28.30860223	     50.24902492	    103.17952840	      4.29174029	     -4.26703768	    -29.06884609	     36.86711177	     85.94185145
      1.33000000	      0.90860289	      2.94969015	     89.97332045	     -0.23386839	      0.97013399	     -0.51964528	     -4.46478622	      3.46965498	    -14.16888592	     13.22454003	      0.23081177	      9.99935741	      8.69715502	     -7.49999894	     21.26380325	     -6.23251939	    -13.02312807	     45.32385818	      0.79105055	      0.14056795	    -22.06779861	     -7.49999894	    -18.13375049	      1.27717243	      4.22539777	      6.78670061	     -9.02666043	    -27.11692829	     50.76830711	    101.74783651	      3.66502566	     -4.20878387	    -29.77164448	     36.76749854	     84.47851673
      1.34000000	      1.01703737	      2.66318344	     89.58795980	     -0.23385080	      0.96879367	     -0.53022848	     -4.91795517	      3.53221101	    -14.22998469	     13.10800145	      0.22877778	     10.20816532	      8.85782617	     -7.49999895	     21.95996562	     -6.21680065	    -13.70155093	     42.18914993	      0.73633957	      0.17932540	    -21.27068249	     -7.49999895	    -17.87527676	      1.32264397	      4.54686615	      7.36727431	     -9.22305509	    -26.70780569	     51.18925105	    101.78835555	      3.05706531	     -4.27272628	    -30.06357897	     36.30214756	     84.51174151
      1.35000000	      0.98752462	      3.15712347	     88.98645984	     -0.23327581	      0.96850867	     -0.54094831	     -6.17999261	      3.30066327	    -15.01859015	     13.13529514	      0.22925415	     10.63725603	     10.56874060	     -7.49999910	     21.47041902	     -6.19639575	    -14.99988366	     38.58019359	      0.67335140	      0.64314261	    -18.66992661	     -7.49999910	    -18.55225881	      1.10727047	      5.06767346	      7.98317799	     -9.70733375	    -25.59885085	     51.72629427	    101.86472206	      2.87865044	     -4.01191571	    -31.70599416	     35.85405704	     84.66697335
      1.36000000	      1.03851403	      3.25891024	     88.42416191	     -0.23322848	      0.96765165	     -0.55172762	     -7.00063155	      3.20918402	    -15.07418027	     13.16400375	      0.22975521	     10.88496402	     11.05783814	     -7.49999920	     21.40002618	     -6.10099646	    -15.98624701	     34.92163722	      0.60949755	      0.85323159	    -15.91371752	     -7.49999920	    -18.78399641	      1.04944422	      5.54901946	      8.51638280	    -10.15739665	    -24.65238329	     52.20803585	    100.06842424	      2.46501446	     -3.87467281	    -32.36089640	     35.47561337	     83.21772613
      1.37000000	      1.13417171	      3.29073849	     87.88821122	     -0.23320114	      0.96640423	     -0.56238363	     -7.68331001	      3.11563818	    -15.33180172	     13.32643011	      0.23259008	     11.26567716	     11.74397359	     -7.49999926	     21.41801349	     -6.07590123	    -17.08254850	     31.36265895	      0.54738166	      1.09173955	    -12.43971250	     -7.49999926	    -18.91031817	      1.05599882	      5.96772211	      9.13792924	    -10.44339021	    -24.11387605	     52.63539926	    100.64312086	      2.06070392	     -3.73810520	    -33.22742498	     35.05081943	     83.64135341
      1.38000000	      1.16797823	      3.19699819	     87.34314023	     -0.23333946	      0.96498721	     -0.57294539	     -8.18342653	      2.96182626	    -15.29508309	     13.56070105	      0.23667888	     11.64813377	     11.99400619	     -7.49999927	     21.52498664	     -5.91241797	    -18.06529345	     27.78217413	      0.48489041	      1.23400977	     -8.79358721	     -7.49999927	    -18.89905170	      1.00316583	      6.35471703	      9.81171886	    -10.70394575	    -23.54927652	     52.85663165	    101.31268719	      1.66424795	     -3.67486955	    -33.87564789	     34.51529178	     84.13656390
      1.39000000	      1.11193194	      3.03090679	     86.95561460	     -0.23417213	      0.96338624	     -0.58358266	     -8.58703723	      2.71681450	    -15.20873624	     13.82746086	      0.24133472	     11.99545738	     11.85856537	     -7.49999928	     21.69431182	     -5.51941186	    -18.81555338	     24.24255233	      0.42311236	      1.20014537	     -5.26034544	     -7.49999928	    -18.80949069	      0.96249047	      6.57230528	     10.39558053	    -10.99384336	    -23.11321062	     53.19689577	    101.87174990	      1.24310046	     -3.49954521	    -34.53014125	     34.11213260	     84.50096033
      1.40000000	      1.14670925	      2.81871689	     86.48617634	     -0.23451052	      0.96172315	     -0.59408468	     -8.91360285	      2.55593430	    -15.13071108	     14.12640327	      0.24655225	     12.29870185	     12.00202763	     -7.49999928	     21.84737926	     -5.31927849	    -19.72106618	     20.84458292	      0.36380660	      1.32910759	     -0.99314263	     -7.49999928	    -18.71005565	      0.92686744	      6.89045053	     11.05308630	    -11.19406109	    -22.70487997	     53.36504621	    102.42351801	      0.91601391	     -3.37761608	    -35.32778409	     33.68448408	     84.90782466
      1.41000000	      1.16891883	      2.67850211	     86.02022414	     -0.23514362	      0.96005915	     -0.60459555	     -9.28064883	      2.37829902	    -14.70492387	     14.48350528	      0.25278485	     12.58068361	     11.89880848	     -7.49999931	     21.93072059	     -5.10495527	    -20.57754702	     17.67868028	      0.30855118	      1.44083093	      3.26769901	     -7.49999931	    -18.64469497	      0.93348245	      7.08086058	     11.79393837	    -11.41130239	    -22.13987296	     53.41695156	    102.49426471	      0.65064137	     -3.06348594	    -36.68110460	     33.24082136	     85.40374461
      1.42000000	      1.06509993	      2.25793287	     85.63941785	     -0.23612330	      0.95806560	     -0.61495765	     -9.18265456	      2.03618420	    -14.34999972	     15.13985619	      0.26424034	     12.87057769	     11.54068112	     -7.49999940	     22.26889481	     -4.66719902	    -20.84549599	     14.63217203	      0.25537958	      1.11074435	      6.39906620	     -7.49999940	    -18.34087541	      0.81559825	      7.26099628	     12.35340080	    -11.68823886	    -21.49174713	     53.49801267	    100.96574905	      0.42449414	     -2.80218294	    -37.48839087	     32.80768532	     84.00324662
      1.43000000	      0.90169547	      1.75843734	     85.16332184	     -0.23715332	      0.95587707	     -0.62532768	     -8.88896263	      1.60493236	    -13.73415181	     15.99292195	      0.27912915	     13.26609160	     11.04605716	     -7.49999958	     22.64333194	     -4.19660991	    -21.04152982	     11.81891564	      0.20627899	      0.58723262	      8.74730515	     -7.49999958	    -17.88760378	      0.69389354	      7.37510941	     13.10696247	    -11.73561109	    -21.27420152	     53.36364524	    102.79008530	      0.12245107	     -2.60142226	    -38.69170293	     32.29159861	     86.99067226
      1.44000000	      0.69400026	      1.25051114	     84.75952095	     -0.23843262	      0.95360593	     -0.63603061	     -8.52912406	      1.08905672	    -13.25997428	     17.00069028	      0.29671802	     13.55385330	     10.69377743	     -7.49999960	     22.99581062	     -3.67218622	    -21.18337289	      9.36559219	      0.16346042	      0.04104853	     11.00575630	     -7.49999960	    -17.37746179	      0.52481018	      7.44807297	     13.68958724	    -11.86957373	    -20.89455453	     53.24343977	    102.79658983	     -0.18736311	     -2.40279347	    -39.35314525	     31.85049945	     86.34480523
      1.45000000	      0.63858930	      0.87751756	     84.44445891	     -0.23935923	      0.95137472	     -0.64708212	     -8.43673967	      0.81552095	    -12.62551920	     17.81312409	      0.31089767	     13.70671509	     10.16690823	     -7.49999963	     23.38491152	     -3.37689825	    -21.16652839	      7.81163054	      0.13633867	     -0.69133243	     11.79749219	     -7.49999963	    -17.00078620	      0.47637832	      7.43388092	     14.21530979	    -11.89512858	    -20.49474215	     53.13233913	    102.13019691	     -0.59649058	     -2.32363536	    -39.75301106	     31.50575153	     85.65395623
      1.46000000	      0.49032265	      0.46082993	     83.96437132	     -0.24033094	      0.94911342	     -0.65815189	     -8.11934209	      0.35967116	    -11.90149375	     18.93736497	      0.33051937	     13.83077208	      9.71544754	     -7.49999966	     23.86751553	     -3.14935944	    -21.62615673	      6.95453508	      0.12137954	     -1.23157385	     12.78944721	     -7.49999966	    -16.56307780	      0.30856298	      7.58547643	     14.67423514	    -11.94114951	    -20.20201162	     53.01862766	    101.94795707	     -0.89445336	     -2.14807380	    -40.39011229	     31.11882360	     84.96717340
      1.47000000	      0.28748733	      0.23145154	     83.53818085	     -0.24096150	      0.94716321	     -0.66983559	     -8.10619608	     -0.13476146	    -11.19975661	     19.90303893	      0.34737356	     13.77352018	      9.40869008	     -7.49999968	     24.35454846	     -3.02369830	    -22.16884130	      7.14784113	      0.12475336	     -1.45120591	     13.28281529	     -7.49999968	    -16.24982933	      0.00165176	      7.64271767	     15.02781967	    -11.81897931	    -20.07284730	     52.90232825	    101.81910880	     -1.30127512	     -2.14199970	    -40.74884863	     30.83367739	     84.40390444
      1.48000000	      0.14599880	      0.24871843	     83.24859210	     -0.24158148	      0.94556223	     -0.68212909	     -8.51856733	     -0.58537984	    -10.73415077	     20.62531228	      0.35997961	     13.49043732	      9.35455822	     -7.49999971	     24.64312489	     -2.98966002	    -22.42146211	      8.10456062	      0.14145127	     -1.12408462	     13.22700141	     -7.49999971	    -16.15369144	     -0.25222518	      7.61177769	     15.25109697	    -11.61534304	    -20.10550673	     52.84013712	    101.88309439	     -1.70756398	     -2.22168785	    -40.89864417	     30.53130867	     84.13348037
      1.49000000	     -0.15172108	      0.47908829	     82.91313967	     -0.24217796	      0.94439073	     -0.69495036	     -9.18311135	     -1.23509271	    -10.18767671	     21.26938047	      0.37122072	     13.02434829	      9.22173653	     -7.49999972	     24.45640573	     -2.76277569	    -22.68787054	      9.01053866	      0.15726357	     -0.76081226	     12.96378712	     -7.49999972	    -16.21006692	     -0.71466897	      7.53611329	     15.39270059	    -11.36758246	    -20.13002820	     52.78804626	    101.92881592	     -2.13386727	     -2.37849503	    -40.98994169	     30.18644766	     84.18716300
      1.50000000	     -0.49274300	      0.78958063	     82.67250044	     -0.24278683	      0.94325866	     -0.70837401	    -10.00927086	     -1.88032631	     -9.49384382	     21.82478500	      0.38091436	     12.49218545	      9.07274950	     -7.49999972	     24.09391553	     -2.46804105	    -22.81256150	     10.15231392	      0.17719130	     -0.43038537	     12.47436668	     -7.49999972	    -16.27131129	     -1.24708284	      7.40342838	     15.33412257	    -11.09640935	    -20.20852414	     52.74485988	    101.95714560	     -2.55856802	     -2.56284772	    -41.10647961	     29.87943882	     84.21108119
      1.51000000	     -0.64968130	      1.19851817	     82.34363250	     -0.24293782	      0.94232562	     -0.72187211	    -10.94315693	     -2.41046204	     -9.03369583	     22.37062147	      0.39044100	     11.67321088	      9.08290650	     -7.49999972	     23.57314059	     -2.43300132	    -22.82978212	     11.59341788	      0.20234331	     -0.21302288	     11.63746510	     -7.49999972	    -16.43803589	     -1.64350208	      7.40219310	     15.27528877	    -10.79210731	    -20.35134021	     52.63638791	    101.98396603	     -2.93434894	     -2.72359057	    -41.22855353	     29.57849057	     84.22623789
      1.52000000	     -0.80567575	      1.61373302	     82.13924196	     -0.24342514	      0.94148324	     -0.73587890	    -11.91669430	     -2.93014790	     -8.58446688	     22.89033260	      0.39951167	     10.57107285	      9.07671056	     -7.49999972	     22.92115349	     -2.30329521	    -22.75633129	     13.05468321	      0.22784720	     -0.21305282	     10.56762297	     -7.49999972	    -16.56253723	     -2.00550072	      7.29501154	     15.08547714	    -10.48466736	    -20.55643079	     52.52796123	    102.00796741	     -3.32398170	     -2.89152412	    -41.34540348	     29.30083104	     84.23929181
      1.53000000	     -0.78963528	      2.27059607	     82.07564125	     -0.24423084	      0.94110749	     -0.75015289	    -13.32518692	     -3.20486628	     -8.06569822	     23.06629414	      0.40258278	      9.10245518	      8.67483393	     -7.49999972	     21.93493249	     -2.09944926	    -22.17892618	     14.20482322	      0.24792093	     -1.71006203	      7.29018593	     -7.49999972	    -16.95654483	     -2.15881909	      7.15589105	     14.88883726	    -10.08672208	    -21.27331506	     52.43975706	    102.11390335	     -3.58179461	     -2.95483823	    -41.51752311	     28.94824285	     84.30710342
      1.54000000	     -1.08543177	      2.71148243	     82.22055109	     -0.24515375	      0.94077626	     -0.76413536	    -14.25165156	     -3.75404735	     -7.77262202	     23.67014871	      0.41312203	      7.49464038	      8.11198798	     -7.49999973	     21.31578190	     -1.57399642	    -21.99646081	     14.88656051	      0.25981950	     -3.75494904	      5.03035545	     -7.49999973	    -17.07423170	     -2.60360064	      6.62472621	     14.73270592	     -9.60124724	    -21.65647526	     52.06879067	    102.25256920	     -3.84298564	     -3.21978317	    -41.62019792	     28.53354639	     84.37449913
      1.55000000	     -1.49904908	      2.91470348	     82.53609641	     -0.24659091	      0.94032697	     -0.77788020	    -14.75592952	     -4.37071320	     -7.61389759	     24.55389008	      0.42854623	      5.89482723	      7.57138800	     -7.49999973	     21.07597507	     -0.83424761	    -20.73663058	     15.77222149	      0.27527720	     -4.41639165	      3.09513650	     -7.49999973	    -17.04910013	     -3.10938853	      6.06950667	     14.39928228	     -9.09320534	    -22.41304531	     51.91359758	    102.41935835	     -3.76454898	     -3.40655570	    -42.06464015	     27.94561644	     84.46953274
      1.56000000	     -2.02479357	      3.09107528	     82.80645669	     -0.24817584	      0.94038352	     -0.79152222	    -15.00537594	     -5.12611271	     -7.39282278	     25.75836830	      0.44956834	      3.63917558	      6.66771651	     -7.49999974	     20.75606461	     -0.00467467	    -19.69691010	     16.65691824	      0.29071807	     -5.46417076	      3.11639765	     -7.49999974	    -16.99759531	     -3.70962503	      5.50255664	     14.04990583	     -8.70259277	    -22.88104510	     51.62811688	    102.53053734	     -3.69886920	     -3.59089010	    -42.27281604	     27.42005709	     84.50687030
      1.57000000	     -2.71421539	      3.29411990	     83.15861105	     -0.25007574	      0.94089568	     -0.80520321	    -15.15130279	     -6.04321632	     -7.30196175	     27.13461998	      0.47358846	      1.25258347	      5.45117302	     -7.49999974	     20.29277743	      1.04864092	    -18.59111688	     17.49101747	      0.30527584	     -6.07849252	      2.57530591	     -7.49999974	    -16.97821908	     -4.45539380	      4.85849281	     13.70620215	     -8.18564312	    -23.72249023	     51.24433314	    102.66761646	     -3.57186019	     -3.81279581	    -42.40332289	     26.87022412	     84.56563675
      1.58000000	     -3.42820161	      3.60359949	     83.57610288	     -0.25207565	      0.94177616	     -0.81915103	    -15.36777581	     -6.95400817	     -7.30154093	     28.55627466	      0.49840101	     -1.57279588	      3.96228736	     -7.49999975	     19.69343272	      2.19326867	    -17.42056271	     18.44204881	      0.32187447	     -5.59148140	      1.29787885	     -7.49999975	    -17.04665145	     -5.20979853	      4.21355857	     13.26606278	     -7.61578011	    -24.79365148	     50.86857636	    102.87889467	     -3.42144018	     -4.03173373	    -42.40414909	     26.40788863	     84.66798370
      1.59000000	     -4.17135573	      4.00931871	     83.88569531	     -0.25435528	      0.94288674	     -0.83341202	    -15.49235917	     -7.99418660	     -7.25077196	     30.23626168	      0.52772232	     -4.82571756	      2.53515145	     -7.49999976	     18.97774656	      3.42131639	    -16.28176782	     19.29644407	      0.33678648	     -5.08341772	     -1.34763614	     -7.49999976	    -17.18526990	     -5.96881463	      3.69083246	     12.71382304	     -7.23477570	    -25.66037577	     50.51875299	    102.92912572	     -3.32232250	     -4.16293194	    -42.15435611	     26.06130858	     84.00530445
      1.60000000	     -4.67551731	      4.33176122	     83.96486426	     -0.25645375	      0.94369020	     -0.84749595	    -15.22448772	     -8.91056098	     -7.06401420	     32.25673102	      0.56298616	     -8.84438623	      0.98976315	     -7.49999978	     18.28030322	      4.36401704	    -15.14694514	     20.15558397	      0.35178130	     -4.64385668	     -4.37165277	     -7.49999978	    -17.21764823	     -6.46525697	      3.47059771	     12.04594691	     -7.07345983	    -26.28828500	     50.30948308	    102.82773017	     -3.19367675	     -4.15957596	    -41.96273267	     25.85581512	     83.29299995
      1.61000000	     -5.08661939	      4.31780469	     84.37629738	     -0.25909225	      0.94399951	     -0.86117112	    -14.46002287	     -9.52845755	     -6.82215617	     34.43903279	      0.60107451	    -13.72949636	     -1.49911316	     -7.49999980	     18.00145378	      5.35616012	    -13.37264169	     21.18056024	      0.36967051	     -3.39175563	     -5.46279715	     -7.49999980	    -16.97676115	     -6.75382935	      3.01954905	     11.32519473	     -6.87970342	    -27.11988378	     50.11647730	    103.99154460	     -3.03926732	     -4.19923810	    -41.59202561	     25.65922595	     83.53680298
      1.62000000	     -5.42764654	      4.51735993	     84.38898971	     -0.26095398	      0.94466080	     -0.87477262	    -13.64961194	    -10.14281613	     -5.99368309	     36.75062801	      0.64141946	    -18.22241821	     -3.63590804	     -7.49999982	     17.31183730	      6.15735416	    -12.25599078	     21.90196274	      0.38226136	     -2.19719673	     -6.98003997	     -7.49999982	    -16.91506938	     -7.07987805	      2.81624556	     10.74240407	     -6.88690480	    -27.31212508	     49.65892971	    102.88015194	     -2.93815348	     -4.18478854	    -41.23419248	     25.66773821	     82.57991137
      1.63000000	     -5.58120070	      4.33069038	     84.44096634	     -0.26240584	      0.94479748	     -0.88770534	    -12.19966219	    -10.31689504	     -4.74778404	     39.30349285	      0.68597536	    -22.01143108	     -5.41027220	     -7.49999983	     17.10292565	      6.63836271	    -11.22343149	     22.74351578	      0.39694923	     -1.18253787	     -8.58673130	     -7.49999983	    -16.56025143	     -7.21361198	      2.72078543	     10.06640698	     -6.79488077	    -27.77139235	     49.35225445	    102.96466681	     -2.65413373	     -4.24138206	    -40.88412053	     25.63859617	     82.63262137
      1.64000000	     -5.74904010	      4.30249511	     84.23778822	     -0.26334819	      0.94542818	     -0.90031651	    -10.68550952	    -10.56101256	     -3.35889481	     42.03541513	      0.73365640	    -25.13982710	     -6.89767219	     -7.49999983	     16.45051931	      7.03323597	    -10.86465648	     23.04824747	      0.40226781	     -0.00318517	     -8.92798465	     -7.49999983	    -16.43730398	     -7.44674914	      2.89608210	      9.49594582	     -6.66573958	    -28.42395679	     48.98825863	    101.87317214	     -2.26242060	     -4.27274846	    -40.37232441	     25.74170217	     81.95273205
      1.65000000	     -6.04657079	      4.57918769	     84.29083580	     -0.26444138	      0.94677811	     -0.91264985	     -9.50103720	    -10.96402177	     -2.55510344	     44.67318383	      0.77969415	    -28.13927486	     -8.04710773	     -7.49999983	     15.27672488	      7.63683939	    -10.61761403	     22.87394328	      0.39922562	      0.70405152	     -9.01956262	     -7.49999983	    -16.70527901	     -7.77901358	      2.58411016	      9.14202586	     -6.58840969	    -28.55031352	     48.34391998	    102.05045826	     -1.76011455	     -4.37987249	    -40.22148219	     25.74716915	     82.08075912
      1.66000000	     -6.26732996	      4.72450110	     84.23132531	     -0.26531137	      0.94805909	     -0.92440038	     -7.97568351	    -11.32503620	     -1.87371661	     47.42034044	      0.82764107	    -31.27915252	     -9.66629192	     -7.49999983	     14.18500014	      8.09800673	    -10.51301669	     22.53950939	      0.39338865	      1.43941739	     -8.89128270	     -7.49999983	    -16.91295089	     -8.09259857	      2.39723991	      8.91428791	     -6.53439545	    -28.79750564	     47.72431264	    102.24362819	     -1.22762949	     -4.47088528	    -40.07167611	     25.96729736	     82.24120245
      1.67000000	     -6.51421799	      4.27521886	     83.84659679	     -0.26550632	      0.94871666	     -0.93597179	     -5.54761879	    -11.63837852	     -0.94158268	     50.31247694	      0.87811838	    -34.18516255	    -13.10026764	     -7.49999983	     13.67192677	      8.26233619	    -11.55603372	     22.08817611	      0.38551140	      2.07578277	     -7.85472482	     -7.49999983	    -16.37676686	     -8.44341549	      2.54228533	      8.60058650	     -6.25082164	    -29.43573228	     46.90477580	    102.48091879	     -0.95986881	     -4.47172827	    -39.80441030	     26.63294386	     82.55680153
      1.68000000	     -6.43988495	      3.99871360	     83.61756061	     -0.26597771	      0.94987125	     -0.94729571	     -3.41131813	    -11.63657848	     -0.37328631	     52.81637276	      0.92181960	    -36.36308824	    -15.73931014	     -7.49999983	     12.96165891	      8.19852486	    -12.19641715	     21.66089125	      0.37805387	      2.96840949	     -6.70430374	     -7.49999983	    -16.15558125	     -8.38846395	      2.54450732	      8.52361904	     -6.11403943	    -30.01365145	     45.87914820	    102.98179420	     -0.43542967	     -4.55446957	    -39.40657239	     26.83674881	     83.05171312
      1.69000000	     -6.36292436	      3.81725524	     83.33498305	     -0.26637906	      0.95117957	     -0.95840934	     -1.34278298	    -11.60720279	      0.16613615	     55.15292874	      0.96260020	    -37.24852006	    -18.73791384	     -7.49999984	     12.08010630	      8.09837039	    -13.15325274	     21.12068664	      0.36862552	      3.70667284	     -5.20867422	     -7.49999984	    -16.05261530	     -8.35281168	      2.62973687	      8.51832886	     -5.98026711	    -30.78510341	     44.77784938	    103.91637563	      0.18203809	     -4.66618035	    -38.82908660	     26.98850788	     84.06885770
      1.70000000	     -6.39979159	      3.80064540	     83.14656472	     -0.26708332	      0.95263365	     -0.96944387	      0.54970038	    -11.77231563	      0.40019238	     57.35644207	      1.00105876	    -36.24518571	    -21.19555963	     -7.49999984	     10.93947244	      8.27308878	    -13.70304084	     20.29586304	      0.35422963	      4.10666860	     -4.48393121	     -7.49999984	    -16.19905797	     -8.40586143	      2.54440792	      8.38850033	     -6.02795098	    -30.97658390	     44.00750259	    103.98920170	      0.83599944	     -4.66565239	    -38.52450051	     27.39321945	     84.24533645
      1.71000000	     -6.15725922	      3.73725900	     83.10689720	     -0.26830203	      0.95432704	     -0.98038812	      2.39057167	    -11.54083515	      0.51396638	     59.19842952	      1.03320751	    -34.07805176	    -23.01091554	     -7.49999984	      9.79602956	      8.24688143	    -13.78168379	     19.43205413	      0.33915332	      4.61519657	     -3.93019022	     -7.49999984	    -16.35992003	     -8.00534953	      2.32103887	      8.21664711	     -6.16802317	    -31.04446036	     43.39376118	    103.71076420	      1.56151430	     -4.52144615	    -38.26171540	     27.77451620	     84.17156181
      1.72000000	     -6.40494464	      3.29648037	     82.44675335	     -0.26819505	      0.95507046	     -0.99142520	      4.99718416	    -11.73013735	      1.15943445	     61.16985957	      1.06761545	    -30.46381400	    -25.82325959	     -7.49999984	      9.18975733	      8.44325312	    -15.20896695	     18.64392928	      0.32539795	      5.17433903	     -2.11043766	     -7.49999984	    -15.85026870	     -8.41410168	      2.61956031	      8.24540518	     -6.09920147	    -31.58103109	     41.99499474	    103.81026663	      1.91612498	     -4.64608238	    -37.46443418	     28.49868141	     84.43039565
      1.73000000	     -6.16798711	      3.07167817	     82.36687795	     -0.26878173	      0.95624138	     -1.00231541	      7.06255776	    -11.37043115	      1.21768523	     62.65455889	      1.09352834	    -26.86442882	    -27.70955774	     -7.49999984	      8.32979634	      8.27448722	    -15.73808292	     18.05413635	      0.31510412	      5.82618216	     -0.62104716	     -7.49999984	    -15.74468463	     -8.08395164	      2.56332988	      8.21509269	     -6.01748744	    -32.53203133	     41.00435564	    105.09624560	      2.46149390	     -4.94367634	    -35.94312402	     28.86444063	     85.45102342
      1.74000000	     -5.98911703	      2.91894197	     82.28972785	     -0.26944948	      0.95754125	     -1.01348605	      9.00798644	    -11.09434965	      1.22684408	     63.73187076	      1.11233098	    -23.84339436	    -29.45167397	     -7.49999985	      7.38579823	      8.24831188	    -15.98697224	     17.42277574	      0.30408480	      6.17858182	      0.22301395	     -7.49999985	    -15.68445349	     -7.84614372	      2.45417428	      7.99557105	     -6.16686402	    -32.61656572	     40.07692383	    104.32358214	      2.97902748	     -5.08004253	    -34.76635978	     29.39556345	     84.06353362
      1.75000000	     -5.87385323	      2.76168300	     82.37929637	     -0.27050454	      0.95867679	     -1.02462823	     10.88780336	    -10.95468373	      0.98223446	     64.49702970	      1.12568553	    -20.83512412	    -30.85651742	     -7.49999986	      6.40017534	      8.39341668	    -15.79561817	     16.59576013	      0.28965066	      6.40241407	      0.52844389	     -7.49999986	    -15.65178719	     -7.60896018	      2.19110253	      7.93675082	     -6.06991152	    -33.77250263	     39.18851387	    106.57386708	      3.56622609	     -5.05769661	    -34.37744198	     30.03903633	     85.15835661
      1.76000000	     -5.64055993	      2.56319143	     82.46048429	     -0.27138868	      0.95970153	     -1.03553573	     12.70200562	    -10.82703597	      0.33768546	     64.86684300	      1.13213999	    -17.84000153	    -31.94196875	     -7.49999986	      5.52036186	      8.36031799	    -15.66117212	     15.91985276	      0.27785385	      6.59571462	      1.06041820	     -7.49999986	    -15.60778707	     -7.25115876	      1.93380607	      7.71397654	     -6.17517594	    -34.00370400	     38.48770230	    105.96841831	      4.25185205	     -5.30156149	    -33.06858550	     30.37150467	     84.66372337
      1.77000000	     -5.39802766	      2.67397171	     82.91756889	     -0.27280095	      0.96105751	     -1.04733136	     13.87535623	    -10.59115933	     -0.28950290	     64.83815428	      1.13163927	    -14.78294685	    -32.61929382	     -7.49999986	      4.15440587	      8.45229643	    -15.01191644	     15.07190407	      0.26305435	      6.87298623	      1.33222450	     -7.49999986	    -15.79961192	     -6.83763037	      1.39393451	      7.28130161	     -6.42891759	    -33.76841707	     37.73630643	    103.92432434	      4.81769471	     -5.38169900	    -32.17008225	     30.98220935	     83.20773514
      1.78000000	     -5.12685522	      2.60865756	     83.24697903	     -0.27414520	      0.96195056	     -1.05860978	     15.27642720	    -10.43221455	     -1.12946045	     64.56959084	      1.12695196	    -11.71788488	    -33.01757207	     -7.49999986	      2.95469420	      8.45877131	    -14.60759267	     14.10924521	      0.24625278	      6.99343453	      1.79251110	     -7.49999986	    -15.89258657	     -6.38895407	      1.01834727	      6.76900644	     -6.71115857	    -33.53910379	     37.31278258	    101.85647639	      5.44220761	     -5.46434597	    -31.02621498	     31.59898311	     81.78884452
      1.79000000	     -4.81183944	      2.51183647	     83.59275425	     -0.27512107	      0.96272751	     -1.06996970	     16.64138658	    -10.15605890	     -1.94720344	     64.05046973	      1.11789158	     -9.00028539	    -33.14537125	     -7.49999987	      1.88335743	      8.28271034	    -14.62083027	     13.39554242	      0.23379632	      7.54797462	      3.15719793	     -7.49999987	    -15.92985451	     -5.92863391	      0.72567176	      6.54600009	     -6.55112346	    -35.28200614	     36.71329432	    106.64772613	      6.03007945	     -5.75870331	    -29.72087742	     32.25429508	     84.38886063
      1.80000000	     -4.41811346	      2.51523505	     84.09553254	     -0.27633495	      0.96348850	     -1.08119028	     17.74535337	     -9.86243183	     -2.99092022	     63.15167829	      1.10220471	     -6.56407356	    -33.16070408	     -7.49999987	      0.70421691	      8.05138748	    -14.30907359	     12.68282598	      0.22135707	      7.86976122	      4.13539654	     -7.49999987	    -16.13796044	     -5.33823309	      0.27231654	      6.05815479	     -6.71732381	    -35.44345116	     36.39005369	    105.79455949	      6.75714064	     -5.86480304	    -28.84707559	     32.85400647	     84.11973450
      1.81000000	     -4.09446434	      2.42119501	     84.65393573	     -0.27759240	      0.96392039	     -1.09243499	     18.85594577	     -9.67768500	     -4.13106773	     61.98732243	      1.08188287	     -4.87015423	    -33.09278982	     -7.49999987	     -0.29165370	      7.84812311	    -13.94970780	     12.09897381	      0.21116693	      7.96856098	      4.62293047	     -7.49999987	    -16.17033746	     -4.81756164	     -0.27584801	      5.55881434	     -6.91426040	    -35.29782300	     35.96162421	    103.89364529	      7.59764091	     -5.91783312	    -28.21995903	     33.18053168	     82.98786599
      1.82000000	     -3.73576877	      2.46529436	     85.24473804	     -0.27872707	      0.96433247	     -1.10349367	     19.71815732	     -9.37462352	     -5.16044523	     60.49691517	      1.05587036	     -3.36723862	    -32.92723263	     -7.49999987	     -1.36462594	      7.53512753	    -13.93653856	     11.65194000	      0.20336472	      8.40830506	      6.04633989	     -7.49999987	    -16.45511362	     -4.28697827	     -0.78038108	      5.05923878	     -6.91950491	    -35.84317634	     35.87354280	    103.37439869	      8.29214378	     -6.11236356	    -27.06480378	     33.97637540	     82.63201563
      1.83000000	     -3.53460418	      2.28459192	     85.82175426	     -0.27979424	      0.96424929	     -1.11460433	     20.80879268	     -9.28310984	     -6.24692982	     58.85447627	      1.02720439	     -2.32714165	    -32.65544486	     -7.49999987	     -2.14270640	      7.35516874	    -13.93391855	     11.23662849	      0.19611616	      8.74707431	      7.17901339	     -7.49999987	    -16.41007014	     -3.90345035	     -1.34011491	      4.84106923	     -6.74779680	    -37.32857064	     35.34606803	    106.95177073	      9.07925893	     -6.29954593	    -26.85763455	     34.44282335	     87.86298198
      1.84000000	     -3.35972588	      2.40948399	     86.39954236	     -0.28100685	      0.96433440	     -1.12585381	     21.42983108	     -9.21782700	     -7.27762407	     56.87722183	      0.99269479	     -1.60111377	    -32.36445036	     -7.49999987	     -3.39380208	      7.26367675	    -13.75159858	     10.56702708	      0.18442941	      8.71277828	      7.89425490	     -7.49999987	    -16.69029413	     -3.55793218	     -1.88661353	      4.30614639	     -6.88522167	    -37.28608459	     35.10822105	    104.71484359	      9.83813562	     -6.43974357	    -25.91065181	     35.01969880	     86.19017418
      1.85000000	     -3.22570156	      2.36866454	     86.99454407	     -0.28198841	      0.96384853	     -1.13692684	     22.19085439	     -9.14621275	     -8.33427225	     54.69608781	      0.95462682	     -0.90852996	    -31.85527843	     -7.49999987	     -4.32115041	      7.10342006	    -13.87379064	     10.17245140	      0.17754277	      9.11119169	      9.37336480	     -7.49999987	    -16.82658569	     -3.27332879	     -2.43914536	      4.02635370	     -6.68942526	    -38.69024426	     34.78955684	    107.06943998	     10.45786440	     -6.81787234	    -24.58615480	     35.76385508	     87.08486254
      1.86000000	     -3.20954850	      2.37652315	     87.63894650	     -0.28310602	      0.96317861	     -1.14810023	     22.81104993	     -9.20199054	     -9.39747035	     52.31217094	      0.91301962	     -0.47580876	    -31.33717750	     -7.49999987	     -5.22433484	      7.07299045	    -13.55730215	      9.94712874	      0.17361015	      9.31953617	      9.88641681	     -7.49999987	    -16.92441418	     -3.09939816	     -3.14736827	      3.53977848	     -6.77712062	    -38.40958330	     34.44340519	    104.40004541	     11.23604778	     -7.06512893	    -23.72561659	     36.21658529	     85.31689576
      1.87000000	     -3.04928077	      2.58430137	     88.20413336	     -0.28399545	      0.96265956	     -1.15933721	     23.09441762	     -9.02392131	    -10.37425285	     49.63972562	      0.86637665	     -0.33338454	    -30.68510329	     -7.49999987	     -6.43100994	      6.86972951	    -13.71372947	      9.58178209	      0.16723365	      9.66142841	     11.09823066	     -7.49999987	    -17.32074484	     -2.78958076	     -3.70151084	      3.06038538	     -6.79651663	    -38.55042912	     34.31729418	    102.32925317	     11.98955578	     -7.29506359	    -22.68959990	     36.83041143	     83.87183891
      1.88000000	     -3.33390217	      2.43129663	     88.88484208	     -0.28505136	      0.96131624	     -1.17040929	     23.83061875	     -9.38745364	    -11.34327078	     46.96770513	      0.81974110	     -0.09122443	    -29.98655406	     -7.49999987	     -7.15877623	      7.15468542	    -13.18235580	      9.28313511	      0.16202127	     10.00095073	     11.71456918	     -7.49999987	    -17.30786421	     -2.96844834	     -4.37001926	      2.48536818	     -6.78979577	    -38.57910727	     34.06105958	    100.25131451	     12.75137130	     -7.59778019	    -21.67187382	     37.49393313	     82.46611567
      1.89000000	     -3.19615662	      2.73808914	     89.47417826	     -0.28565933	      0.96060184	     -1.18183017	     23.77669048	     -9.21178839	    -12.48119933	     43.79790725	      0.76441769	      0.71681435	    -28.10796580	     -7.49999987	     -8.35991623	      6.82634308	    -13.97190530	      9.17125394	      0.16006858	     10.53964357	     14.03759112	     -7.49999987	    -17.82964527	     -2.65397973	     -4.93955075	      2.58553931	     -6.15994443	    -41.88839801	     33.87258703	    107.09285461	     13.28946747	     -8.11427536	    -20.48152515	     38.30179562	     85.91961663
      1.90000000	     -3.22771874	      2.91640962	     90.03764485	     -0.28623328	      0.95937692	     -1.19323373	     23.94798579	     -9.20303786	    -13.53783360	     40.76885299	      0.71155072	      0.82535249	    -26.60484897	     -7.49999987	     -9.41698946	      6.73071768	    -13.99332551	      9.09428760	      0.15872526	     11.01005634	     14.90570973	     -7.49999987	    -18.18460926	     -2.57835761	     -5.44906099	      2.16455715	     -6.03377692	    -42.59782058	     33.71161148	    107.06469095	     14.08076927	     -8.42179528	    -19.70853944	     38.82857501	     87.23614898
      1.91000000	     -3.35928693	      3.06300169	     90.74313761	     -0.28690232	      0.95794179	     -1.20464608	     24.02278083	     -9.34181260	    -14.83499942	     37.53142188	      0.65504688	      1.36633193	    -24.52180935	     -7.49999987	    -10.40699748	      6.68297703	    -13.96019535	      9.05622419	      0.15806093	     11.27198576	     15.80534722	     -7.49999987	    -18.48291317	     -2.59071776	     -6.10465186	      1.72382456	     -5.83906273	    -43.28229991	     33.59771092	    107.00350992	     14.84583302	     -8.77558611	    -18.81671276	     39.30935056	     87.45264289
      1.92000000	     -3.45668032	      3.24108421	     91.29360123	     -0.28727933	      0.95646838	     -1.21627167	     24.00506393	     -9.29076577	    -15.96039502	     34.12904076	      0.59566413	      2.07502939	    -22.20542826	     -7.49999987	    -11.45618531	      6.60310632	    -14.16108987	      8.99814742	      0.15704730	     11.60179299	     16.90431854	     -7.49999987	    -18.78987213	     -2.57506001	     -6.70212265	      1.30779134	     -5.72530938	    -43.51209253	     33.43396421	    105.43453613	     15.37255312	     -9.24147972	    -17.53575316	     40.06102757	     85.64426894
      1.93000000	     -3.57639597	      3.28958161	     91.94619214	     -0.28761329	      0.95484343	     -1.22775175	     24.17833961	     -9.28877428	    -17.14716631	     30.90646444	      0.53941956	      2.30873711	    -19.38157630	     -7.49999987	    -12.27960860	      6.50046501	    -14.00435967	      9.07650110	      0.15841483	     11.86294101	     17.26322147	     -7.49999987	    -19.01855460	     -2.57493963	     -7.31527667	      0.90498681	     -5.50130244	    -44.19305658	     33.28732927	    105.74229173	     16.11538254	     -9.49034687	    -16.99596523	     40.53049360	     86.06705647
      1.94000000	     -3.76051658	      3.24703444	     92.45837604	     -0.28765472	      0.95289080	     -1.23935271	     24.42214719	     -9.27548187	    -18.43055348	     27.63597083	      0.48233868	      2.91339281	    -15.89963787	     -7.49999987	    -12.99918687	      6.47231979	    -14.07561165	      9.19513146	      0.16048532	     12.14946607	     17.92287019	     -7.49999987	    -19.10146615	     -2.70375039	     -7.80669028	      0.55119263	     -5.27562376	    -44.93901785	     33.03243467	    106.00595974	     16.77083968	     -9.77153889	    -16.32752021	     40.92665765	     86.51592482
      1.95000000	     -4.01377347	      3.32239454	     92.89347793	     -0.28744438	      0.95102607	     -1.25094416	     24.60636700	     -9.28468054	    -19.55263794	     24.62441349	      0.42977709	      3.53964975	    -11.42648226	     -7.49999987	    -13.87630166	      6.54463851	    -13.92505456	      9.24026044	      0.16127297	     12.26186810	     18.25292930	     -7.49999987	    -19.36446040	     -2.90726881	     -8.23400508	      0.30709492	     -4.92623510	    -46.13127175	     32.85364064	    105.89045552	     17.39313182	    -10.26787526	    -15.23986989	     41.47180978	     87.14065090
      1.96000000	     -4.10130878	      3.23612008	     93.23290694	     -0.28689242	      0.94903150	     -1.26246941	     24.93257797	     -9.01008383	    -20.43868264	     21.69204083	      0.37859753	      3.78756404	     -6.98507587	     -7.49999987	    -14.44304789	      6.39200629	    -14.05505682	      9.55164440	      0.16670764	     12.33183666	     18.66834946	     -7.49999987	    -19.41695135	     -2.98649634	     -8.55447382	      0.09997759	     -4.68992918	    -46.95849268	     32.47990439	    105.82496286	     18.10542365	    -10.67182429	    -14.27408655	     41.65512162	     86.56451388
      1.97000000	     -4.19964170	      3.00977795	     93.57832364	     -0.28612420	      0.94678805	     -1.27405440	     25.38744424	     -8.71815669	    -21.17012242	     18.97962839	      0.33125701	      4.04428658	     -2.62990263	     -7.49999987	    -14.78176529	      6.23559057	    -13.94859459	     10.01669721	      0.17482435	     12.49662928	     18.62160698	     -7.49999987	    -19.31651977	     -3.10693148	     -8.80534057	     -0.16259207	     -4.40736301	    -47.86106515	     32.15076971	    105.59224554	     18.67418893	    -10.94475137	    -13.55182650	     42.07207004	     85.89934850
      1.98000000	     -4.14284729	      2.70087811	     93.81752908	     -0.28506640	      0.94441334	     -1.28554832	     25.88520003	     -8.20272775	    -21.51714514	     16.44927582	      0.28709402	      4.10898287	      0.62596666	     -7.49999987	    -14.84539768	      5.90159224	    -13.89045576	     10.80994795	      0.18866918	     12.90366875	     18.44545510	     -7.49999987	    -19.15688832	     -3.07545290	     -8.97694449	     -0.29249126	     -4.15620192	    -48.86663611	     31.78665241	    106.47390335	     19.16711867	    -11.19623360	    -13.10207293	     42.40968836	     86.48495828
      1.99000000	     -4.15671578	      2.26907128	     94.08607276	     -0.28402270	      0.94193780	     -1.29716547	     26.42702705	     -7.84106405	    -22.04470468	     14.16244869	      0.24718136	      4.07746430	      3.98929154	     -7.49999987	    -14.76207179	      5.61486684	    -13.74867349	     11.63405398	      0.20305255	     13.10180546	     18.40648651	     -7.49999987	    -18.82795752	     -3.13413071	     -9.11004853	     -0.50214701	     -3.90192965	    -49.76710936	     31.39315966	    106.82640042	     19.71519146	    -11.33734524	    -12.76397027	     42.54503407	     87.51392561
      2.00000000	     -3.99643908	      1.86647936	     94.28437873	     -0.28296334	      0.93950844	     -1.30908103	     26.83445283	     -7.27567244	    -22.32316481	     12.10160494	      0.21121285	      3.71092581	      6.39943590	     -7.49999987	    -14.68849762	      5.13065346	    -13.70253864	     12.53944281	      0.21885456	     13.30598667	     18.57008734	     -7.49999987	    -18.48054947	     -2.97847604	     -9.12125668	     -0.70884840	     -3.75037890	    -50.60330308	     30.98904270	    106.33540312	     20.12957784	    -11.45830370	    -12.13830289	     42.69123982	     86.40679159
      2.01000000	     -3.89124214	      1.56069099	     94.48018322	     -0.28209299	      0.93725336	     -1.32148654	     27.18760658	     -6.87102868	    -22.60962419	     10.73489155	      0.18735920	      3.36123681	      8.40762699	     -7.49999987	    -14.71415606	      4.70909755	    -13.61948951	     13.45938750	      0.23491063	     13.18660352	     18.57622262	     -7.49999987	    -18.16793200	     -2.84651305	     -9.10796701	     -1.01057957	     -3.66547902	    -51.20355602	     30.61266916	    105.74835033	     20.47179809	    -11.44497816	    -11.70660241	     42.78391993	     85.35855180
      2.02000000	     -3.70081642	      1.31912516	     94.69804618	     -0.28144756	      0.93504831	     -1.33443335	     27.52761862	     -6.50466969	    -22.60019411	     10.18122470	      0.17769589	      3.00774893	      9.33168892	     -7.49999987	    -14.86653933	      4.21480729	    -13.29636599	     14.33588734	      0.25020844	     12.95454839	     18.14809404	     -7.49999987	    -17.88061908	     -2.57693896	     -9.04946353	     -1.47940892	     -3.66559354	    -51.51128611	     30.44878224	    105.80094266	     20.64131733	    -11.29579867	    -11.53709302	     42.89220120	     85.56861208
      2.03000000	     -3.50174159	      1.32891691	     94.85845943	     -0.28106557	      0.93320484	     -1.34808583	     27.70731439	     -6.23458160	    -22.44161545	     10.49532531	      0.18317798	      2.81162272	      9.48341308	     -7.49999987	    -15.41636638	      3.75609410	    -12.88890058	     14.99600698	      0.26172970	     12.41221731	     18.12496675	     -7.49999987	    -17.73679563	     -2.21230643	     -8.94507059	     -1.94934564	     -3.81462415	    -51.69788837	     30.19097929	    105.79870719	     20.72457220	    -11.04535645	    -11.48500546	     42.98422420	     85.63487209
      2.04000000	     -3.34617685	      1.38429693	     95.10572469	     -0.28062953	      0.93166132	     -1.36253329	     27.65330025	     -6.03494682	    -22.00672775	     11.05097748	      0.19287594	      2.52911920	      9.54961771	     -7.49999987	    -16.13441604	      3.29022633	    -12.50588445	     15.46347596	      0.26988857	     12.08175719	     18.15060244	     -7.49999987	    -17.49274848	     -1.94642209	     -8.97317548	     -2.53095695	     -3.85712589	    -51.85149819	     29.94185327	    105.79173308	     20.53363930	    -10.89325998	    -11.45768447	     42.97303334	     85.65596320
      2.05000000	     -2.93656825	      1.53966281	     95.36732958	     -0.28094459	      0.93021443	     -1.37693757	     27.61267387	     -5.77272911	    -22.00951088	     12.36616917	      0.21583037	      1.88951952	      8.93642783	     -7.49999987	    -16.75575900	      2.55000031	    -12.18432050	     16.26722797	      0.28391669	     10.88246572	     17.97853929	     -7.49999987	    -17.44309820	     -1.21050073	     -8.73335755	     -2.98020945	     -4.20568980	    -52.18574025	     29.62147019	    105.75277815	     20.50337660	    -10.31240847	    -11.42992572	     43.04624524	     85.72998470
      2.06000000	     -2.56849240	      1.73454734	     95.57288525	     -0.28104589	      0.92890450	     -1.39206355	     27.30029259	     -5.40724072	    -21.31459830	     13.60971749	      0.23753438	      1.27445820	      8.53358381	     -7.49999987	    -17.54329683	      1.90562462	    -11.53235500	     16.85842515	      0.29423503	     10.04766662	     17.99062564	     -7.49999987	    -17.24900167	     -0.53185728	     -8.70781261	     -3.41938426	     -4.48434272	    -52.41506049	     29.38762804	    105.72532657	     20.09904725	     -9.99105455	    -11.44536034	     42.96799155	     85.76385344
      2.07000000	     -2.46214744	      2.07555067	     95.60407409	     -0.28059562	      0.92792538	     -1.40746901	     26.84023426	     -5.13703138	    -20.23751556	     14.94261826	      0.26079789	     -1.74982485	      4.83785259	     -7.49999987	    -18.58459487	      1.54960328	    -11.25252173	     17.21322287	      0.30042741	      8.06934995	     17.28194516	     -7.49999987	    -17.25296821	     -0.26947314	     -8.45652076	     -3.81380485	     -4.64408798	    -53.01459200	     28.91031650	    105.61878889	     19.80722563	     -9.38565118	    -12.25664540	     43.02768601	     85.89000101
      2.08000000	     -2.04267463	      2.28802552	     95.38111188	     -0.28002259	      0.92691738	     -1.42283621	     26.68496497	     -4.49363809	    -18.98179399	     16.30531658	      0.28458146	     -4.27772080	      1.58943466	     -7.49999987	    -19.34799668	      0.92348859	    -11.30088554	     17.84917908	      0.31152694	      6.35064073	     16.96735767	     -7.49999987	    -17.09847274	      0.34868844	     -7.95026671	     -4.07615083	     -4.98419615	    -53.41924026	     28.43950488	    105.56473329	     19.26162793	     -8.82120231	    -12.78386602	     43.08565845	     86.08362901
      2.09000000	     -1.71418516	      2.70860748	     94.85306054	     -0.27885096	      0.92713972	     -1.43826238	     26.32621431	     -3.74170805	    -16.87715369	     17.88672508	      0.31218225	     -4.67366248	     -0.80749246	     -7.49999987	    -20.27383672	      0.42190702	    -11.58011222	     18.55854664	      0.32390774	      4.05601141	     17.12459790	     -7.49999987	    -17.24452070	      0.81519316	     -7.28357162	     -4.17147352	     -5.36274012	    -53.60188207	     27.85037113	    105.60303673	     18.67351407	     -8.28177414	    -13.46268944	     43.08787019	     86.25065414
      2.10000000	     -0.99971318	      2.86767379	     94.42750303	     -0.27748080	      0.92719821	     -1.45331544	     26.36635478	     -2.61755121	    -14.77662857	     19.76035196	      0.34488320	     -5.52046476	     -3.17209208	     -7.49999987	    -20.59258408	     -0.46829513	    -11.70783803	     19.73424803	      0.34442760	      2.11443668	     16.59825665	     -7.49999987	    -17.13231629	      1.66798934	     -6.62129855	     -4.19704481	     -5.72192286	    -53.81835226	     27.29185059	    105.69419257	     18.09404458	     -7.59031078	    -14.54504422	     43.01545521	     86.57335389
      2.11000000	     -0.23151623	      3.18599829	     93.93976449	     -0.27620290	      0.92794081	     -1.46886671	     26.15483301	     -1.44238544	    -12.96796277	     21.69650296	      0.37867541	     -6.37354526	     -5.04424906	     -7.49999987	    -21.20990096	     -1.28282021	    -11.59265558	     20.61340580	      0.35977180	     -0.62391988	     15.13077596	     -7.49999987	    -17.15233333	      2.58872605	     -5.96989057	     -4.19256215	     -6.16997164	    -53.83826714	     26.67938799	    105.78308745	     17.32873451	     -6.96617395	    -15.48753202	     42.99686365	     86.90127651
      2.12000000	      0.61987448	      3.58781632	     93.57348648	     -0.27436333	      0.92907364	     -1.48459146	     25.68110080	     -0.06158697	    -11.13109780	     23.30335834	      0.40672033	     -6.58273976	     -7.77585563	     -7.49999987	    -21.68437800	     -2.31618845	    -11.61668373	     21.83637820	      0.38111670	     -3.78018527	     13.65431572	     -7.49999987	    -17.22809089	      3.51768634	     -5.48261072	     -4.14966147	     -6.47137680	    -53.76882490	     26.13460618	    105.84855725	     16.41951896	     -6.59241275	    -16.24447193	     43.02310645	     87.19759843
      2.13000000	      1.49630117	      3.95311168	     93.32447892	     -0.27232390	      0.93052067	     -1.50029371	     25.02698507	      1.42679799	     -9.35791067	     24.45115017	      0.42675308	     -6.81167590	    -10.77016942	     -7.49999987	    -21.84032687	     -3.42434579	    -11.40896140	     23.45943626	      0.40944440	     -7.13777953	     11.78510945	     -7.49999987	    -17.24991655	      4.45595879	     -5.13045270	     -4.07903057	     -6.69677668	    -53.61625192	     25.60914099	    105.93466881	     15.53470131	     -6.18931818	    -17.24242749	     42.86365184	     87.54067325
      2.14000000	      2.25775899	      4.26335211	     92.83165376	     -0.27018256	      0.93190500	     -1.51609809	     24.30769205	      2.90185567	     -7.56266122	     25.54269699	      0.44580416	     -6.07283193	    -13.46252118	     -7.49999987	    -21.87122773	     -4.26792477	    -11.36316875	     25.12626451	      0.43853604	    -11.13682672	      9.61429044	     -7.49999987	    -17.18629038	      5.21792843	     -4.57153121	     -4.07598989	     -6.90699869	    -53.50998638	     25.27915144	    106.01807212	     14.57304667	     -5.83843274	    -18.04119593	     42.70716888	     87.80456022
      2.15000000	      2.92850313	      4.44878828	     92.66119491	     -0.26849492	      0.93341417	     -1.53103793	     23.45654842	      4.08523019	     -6.59227653	     26.18352029	      0.45698864	     -4.94045412	    -14.73060068	     -7.49999987	    -21.29196255	     -5.16941211	    -10.85161883	     27.36732919	      0.47765000	    -15.47976160	      7.20501111	     -7.49999987	    -17.09677405	      5.93165581	     -4.40378438	     -4.03042365	     -7.06755289	    -52.64460256	     25.12863333	    104.83849878	     13.63567986	     -5.51188832	    -18.71272871	     42.50852150	     85.52423085
      2.16000000	      3.41604761	      4.38700599	     92.53971777	     -0.26700804	      0.93471965	     -1.54559889	     22.83560239	      4.94284225	     -5.98411169	     26.69647753	      0.46594143	     -3.77704479	    -15.21509354	     -7.49999987	    -20.18964432	     -5.76984331	     -9.73384658	     29.84463189	      0.52088709	    -19.38072243	      4.38733068	     -7.49999987	    -16.77890461	      6.45684601	     -4.23051015	     -3.65717357	     -7.07692471	    -53.49347324	     24.79662762	    107.01225546	     12.87604817	     -5.17717344	    -20.27336430	     42.06554960	     92.00174068
      2.17000000	      3.79863330	      4.26147173	     92.65633847	     -0.26625420	      0.93595508	     -1.55956765	     22.24858308	      5.46915534	     -5.82866723	     27.09593456	      0.47291327	     -2.80855596	    -15.84028139	     -7.49999987	    -18.70499020	     -6.17340541	     -7.93240757	     32.67452364	      0.57027802	    -22.29322828	      2.49749855	     -7.49999987	    -16.42255979	      6.96334417	     -4.26240895	     -3.66249495	     -7.15993599	    -52.50846521	     25.02224832	    104.73160487	     12.12053202	     -4.90250830	    -20.51882523	     41.61141632	     88.79153331
      2.18000000	      4.20622821	      4.08604771	     92.87158460	     -0.26570316	      0.93709352	     -1.57318145	     21.57244298	      5.93014216	     -6.11834839	     27.18778408	      0.47451635	     -1.67626374	    -15.55331303	     -7.49999987	    -16.91834467	     -6.59364081	     -6.17157777	     35.80815284	      0.62497017	    -24.83631701	      0.09183333	     -7.49999987	    -16.04775225	      7.48734520	     -4.30152237	     -3.53720608	     -7.16911386	    -52.12759077	     25.27011179	    104.08731210	     11.58148214	     -4.54918799	    -21.05817100	     40.89066587	     86.86490742
      2.19000000	      4.53490063	      3.53864673	     93.26005809	     -0.26527542	      0.93787386	     -1.58613244	     21.25513889	      6.30274802	     -6.25979936	     27.13060477	      0.47351838	     -1.01724749	    -16.03736213	     -7.49999987	    -14.39280221	     -6.97147904	     -4.49959380	     39.38119747	      0.68733156	    -27.78865204	     -3.54970770	     -7.49999987	    -15.26714471	      7.90881347	     -4.54731050	     -3.31612730	     -7.33378960	    -50.93352242	     25.08187263	    102.42214650	     10.95894498	     -4.55953389	    -20.64909745	     40.03380453	     84.20466223
      2.20000000	      4.89596004	      3.56471723	     93.64352722	     -0.26523322	      0.93955904	     -1.59936592	     20.17611076	      6.62899333	     -6.92644537	     26.83917988	      0.46843206	      0.41337207	    -15.15380628	     -7.49999987	    -12.59274982	     -7.49650647	     -3.48110573	     42.63169130	      0.74406338	    -30.94826798	     -6.74846421	     -7.49999987	    -15.15889171	      8.44289916	     -4.59775614	     -2.68000238	     -7.01829873	    -53.50964426	     25.42837215	    107.93199862	     10.71824399	     -3.96392103	    -22.69352673	     39.12504832	     90.82598082
      2.21000000	      5.05290021	      3.34415568	     93.86864427	     -0.26483125	      0.94122521	     -1.61204122	     19.40704270	      6.84169295	     -7.11819219	     26.59763057	      0.46421623	      1.06949496	    -15.17536487	     -7.49999987	    -10.45395045	     -7.74209699	     -2.65146830	     45.81454624	      0.79961468	    -33.90635560	    -10.33513443	     -7.49999987	    -14.82489684	      8.63671972	     -4.57618643	     -2.53258915	     -7.13849872	    -51.90843272	     25.58406182	    105.14057040	     10.27565534	     -3.95924486	    -22.11661520	     38.17163069	     87.36052396
      2.22000000	      5.13085921	      3.67288253	     94.53508129	     -0.26532750	      0.94402538	     -1.62457513	     17.88443512	      6.72384790	     -8.37247239	     26.09116463	      0.45537673	      2.33365034	    -13.46088633	     -7.49999987	     -8.83750529	     -7.97735061	     -1.53392064	     48.63012483	      0.84875579	    -36.10020639	    -13.50818559	     -7.49999987	    -15.14536044	      8.90121501	     -4.85654896	     -1.92638218	     -6.80640846	    -53.16913406	     26.08218739	    106.79385478	     10.25634977	     -3.40813068	    -23.75809759	     37.15326545	     88.51925488
      2.23000000	      5.15002751	      3.62506763	     94.88310016	     -0.26521526	      0.94633646	     -1.63659556	     16.80990572	      6.71439376	     -9.01729066	     25.54724740	      0.44588358	      3.06081193	    -12.51259710	     -7.49999987	     -6.78132864	     -8.11563630	     -0.95477321	     51.40005642	      0.89710022	    -36.72452226	    -16.40061190	     -7.49999987	    -15.16218797	      8.96683631	     -4.77449039	     -1.49849354	     -6.65643556	    -53.11363527	     26.53896163	    107.67824572	     10.13400104	     -3.27339586	    -24.39929380	     36.17662997	     91.96185572
      2.24000000	      5.18700758	      3.56434724	     95.35404124	     -0.26528386	      0.94867560	     -1.64849453	     15.70843620	      6.71939219	     -9.72973838	     24.88022912	      0.43424192	      3.70769964	    -11.73473716	     -7.49999987	     -4.66933558	     -8.22768993	     -0.35546052	     53.96718345	      0.94190504	    -35.88620374	    -19.40314750	     -7.49999987	    -15.12083535	      9.06766701	     -4.81972160	     -1.19910233	     -6.57895578	    -52.20485977	     27.06459546	    106.32428688	     10.01893157	     -3.07365055	    -24.60051675	     35.06687994	     89.23721660
      2.25000000	      5.10690360	      3.36335918	     95.80530873	     -0.26520053	      0.95067652	     -1.65999473	     14.81211315	      6.65286205	    -10.15733972	     24.28188202	      0.42379879	      4.33021203	    -11.12489378	     -7.49999987	     -2.33779798	     -8.16479183	      0.15683866	     56.43462968	      0.98497010	    -33.15852272	    -21.67543725	     -7.49999987	    -14.96619429	      8.98308142	     -4.84445397	     -0.75540286	     -6.45176200	    -51.73977819	     27.49305196	    106.16518634	      9.82311842	     -3.18527645	    -24.14795829	     34.20807897	     87.53554176
      2.26000000	      4.91686131	      3.22842010	     96.12301613	     -0.26510294	      0.95273806	     -1.67166498	     13.96098006	      6.53064650	    -10.07786129	     24.00761784	      0.41901198	      4.87639279	    -10.74103171	     -7.49999987	     -0.21600076	     -7.89938896	      0.53461451	     58.48277813	      1.02071703	    -29.92031208	    -23.84207142	     -7.49999987	    -14.91650847	      8.76941978	     -4.68261196	     -0.21194775	     -6.25956344	    -51.98985144	     27.90947148	    107.46199885	      9.75860504	     -3.02449321	    -24.91246197	     33.27814205	     89.59493709
      2.27000000	      4.67612367	      2.90919541	     96.36446606	     -0.26505361	      0.95451579	     -1.68298449	     13.21444490	      6.29886753	    -10.36337866	     23.48363358	      0.40986673	      5.42886974	    -10.06152497	     -7.49999987	      2.12553414	     -7.46544093	      0.85058625	     60.38958224	      1.05399704	    -25.46409053	    -25.45688606	     -7.49999987	    -14.69537793	      8.46071861	     -4.53054442	      0.20109139	     -6.19507438	    -51.27152291	     28.45225028	    106.96703750	      9.56830192	     -3.05031936	    -24.86463452	     32.49413026	     89.28717656
      2.28000000	      4.36640918	      2.49620824	     96.56051163	     -0.26473370	      0.95602626	     -1.69419996	     12.61663538	      6.04127179	    -10.45412509	     23.02538970	      0.40186886	      5.94897956	     -9.81499397	     -7.49999987	      4.64949345	     -7.03553422	      0.86130613	     62.17634370	      1.08518191	    -21.27131453	    -26.64791398	     -7.49999987	    -14.36071983	      8.00884082	     -4.36067306	      0.50990324	     -6.22713022	    -49.70879504	     28.88825339	    104.27370442	      9.25546864	     -3.22710721	    -24.07203153	     31.74356656	     85.82625619
      2.29000000	      4.04189457	      2.38877654	     96.64779913	     -0.26442838	      0.95798022	     -1.70550981	     11.65392880	      5.82766391	    -10.44938144	     22.49078336	      0.39253822	      6.46789960	     -9.39671251	     -7.49999987	      6.70900404	     -6.61075403	      0.76447939	     63.38572309	      1.10628957	    -18.02312828	    -27.80809934	     -7.49999987	    -14.46012104	      7.58921699	     -4.06177928	      1.18383532	     -6.00461437	    -49.98969077	     29.52682955	    106.70041524	      9.00543271	     -3.22869953	    -24.58316032	     31.29391196	     87.58058698
      2.30000000	      3.79528300	      2.11801671	     96.58036221	     -0.26374613	      0.95944360	     -1.71668106	     10.83166823	      5.69697146	    -10.49864892	     21.82920894	      0.38099157	      6.83397373	     -8.77300440	     -7.49999987	      8.89948533	     -6.34099015	      0.38388469	     64.30942575	      1.12241122	    -14.87135540	    -28.64161858	     -7.49999987	    -14.37495842	      7.17268750	     -3.69363442	      1.47348458	     -6.07275772	    -48.18370768	     30.34638088	    104.88548021	      8.57698770	     -3.39519389	    -24.11396398	     31.04450994	     85.08296348
      2.31000000	      3.49387468	      1.80434270	     96.39787503	     -0.26308342	      0.96076483	     -1.72786795	     10.10166416	      5.48784425	    -10.45042173	     21.29922488	      0.37174160	      7.17639077	     -7.91185711	     -7.49999987	     10.99577350	     -5.98035626	     -0.15210076	     64.83995973	      1.13167078	    -12.26512332	    -29.37723033	     -7.49999987	    -14.24720470	      6.69632350	     -3.21587122	      2.04531875	     -6.09756309	    -47.47295912	     30.88348552	    106.24378728	      8.30926992	     -3.37672418	    -25.06114118	     30.52828881	     88.60269275
      2.32000000	      3.17512965	      1.71798518	     96.19725579	     -0.26241601	      0.96228404	     -1.73942688	      9.03755698	      5.32645558	    -10.32626040	     20.61236984	      0.35975372	      7.47252638	     -7.23200377	     -7.49999987	     12.67583959	     -5.68004461	     -0.81133246	     64.95254448	      1.13363576	     -9.97301686	    -29.83168958	     -7.49999987	    -14.33412321	      6.20586872	     -2.72341905	      2.32531054	     -6.22258896	    -45.74596059	     31.75236786	    104.85947371	      7.87236803	     -3.45934333	    -25.03285312	     30.56836867	     85.81741891
      2.33000000	      2.77072111	      1.49872698	     95.80580399	     -0.26143840	      0.96334486	     -1.75066735	      8.23123102	      5.04992750	    -10.15682749	     20.14291749	      0.35156023	      8.07387871	     -6.68876652	     -7.49999987	     14.42742727	     -5.35115595	     -1.72237224	     64.77858740	      1.13059963	     -7.80784684	    -30.00057807	     -7.49999987	    -14.33606774	      5.56740067	     -2.14590916	      2.95764541	     -6.25130981	    -45.01818751	     32.34737011	    106.18341342	      7.38001948	     -3.53671774	    -25.54583736	     30.24782830	     87.56304709
      2.34000000	      2.40596451	      1.37189969	     95.41251680	     -0.26046881	      0.96433788	     -1.76212694	      7.29086754	      4.80372224	    -10.04442398	     19.60006483	      0.34208566	      8.53384569	     -5.86076088	     -7.49999987	     15.96078104	     -5.11058856	     -2.65409679	     64.26848589	      1.12169668	     -5.88406178	    -29.69206950	     -7.49999987	    -14.39884920	      4.98102723	     -1.59067631	      3.41140471	     -6.36575362	    -43.55418594	     33.17070832	    105.77103855	      6.81523189	     -3.64667945	    -26.06690109	     30.28745388	     88.66036251
      2.35000000	      2.19018793	      1.27194198	     95.06122697	     -0.25945788	      0.96516764	     -1.77349209	      6.33074226	      4.61876558	    -10.52618326	     19.03127484	      0.33215841	      9.08303550	     -4.17824036	     -7.49999987	     17.40710832	     -5.07113270	     -3.55442575	     63.42412311	      1.10695977	     -4.34659620	    -29.19073735	     -7.49999987	    -14.51443282	      4.55346048	     -1.06257076	      3.80020207	     -6.60965978	    -41.63272344	     34.04817381	    104.20493742	      6.23084992	     -3.72740294	    -26.27972351	     30.42398774	     86.44015347
      2.36000000	      1.67238702	      1.23396617	     94.54102352	     -0.25876518	      0.96590260	     -1.78507280	      5.35383215	      4.20997479	     -9.99220641	     18.65025877	      0.32550842	      9.62972866	     -3.77494077	     -7.49999987	     18.51605036	     -4.69687548	     -4.72129372	     62.07396091	      1.08339500	     -3.04743928	    -28.63536793	     -7.49999987	    -14.67176236	      3.82930511	     -0.46689648	      4.40398831	     -6.74340509	    -40.72805215	     34.76181535	    105.60786441	      5.62285872	     -3.78712556	    -27.06434630	     30.54817212	     88.36907441
      2.37000000	      1.45365992	      1.35121497	     94.17631505	     -0.25776121	      0.96662948	     -1.79682671	      4.15387547	      4.07909733	    -10.08397585	     18.10097446	      0.31592160	     10.00721393	     -2.80003393	     -7.49999987	     19.50284102	     -4.75083258	     -5.82318336	     60.57098013	      1.05716303	     -1.73243077	    -28.07934738	     -7.49999987	    -14.94761911	      3.41236168	      0.03650446	      4.82804491	     -6.97468860	    -38.94923626	     35.66130099	    103.10393355	      5.00289761	     -3.89360627	    -27.22477233	     30.68583111	     85.87732842
      2.38000000	      1.36348113	      1.24047674	     93.50684339	     -0.25633758	      0.96678212	     -1.80800522	      3.36893199	      3.93373085	    -10.58707888	     17.78796970	      0.31045864	     10.53489759	     -0.62705859	     -7.49999987	     20.62867912	     -5.04357466	     -7.21600047	     58.78892426	      1.02606029	     -0.95597875	    -27.27782776	     -7.49999987	    -15.04912295	      3.07124143	      0.82218988	      5.36760986	     -7.33094115	    -37.17324721	     36.44925067	    101.94895684	      4.42320702	     -3.91113488	    -27.73099100	     30.87219756	     84.15680326
      2.39000000	      1.05065888	      1.22269911	     93.00291702	     -0.25545728	      0.96684876	     -1.81963965	      2.46524971	      3.59963525	    -10.66587243	     17.55826520	      0.30644954	     11.00839964	      0.45641352	     -7.49999987	     21.47422722	     -4.99047467	     -8.51799824	     56.59581897	      0.98778338	     -0.36222833	    -26.49904030	     -7.49999987	    -15.15893570	      2.54889610	      1.34293074	      6.16442530	     -7.47705740	    -36.61581171	     36.91965640	    105.61195501	      3.91333967	     -3.92482559	    -29.18048614	     30.66858167	     88.21083966
      2.40000000	      1.01885697	      1.40611351	     92.36220596	     -0.25419586	      0.96689622	     -1.83135118	      1.20407429	      3.65211907	    -10.46303745	     16.94523590	      0.29575016	     11.31878233	      1.26391688	     -7.49999987	     22.01685320	     -5.33424667	     -9.91410550	     54.18814608	      0.94576156	      0.39261792	    -25.51119525	     -7.49999987	    -15.49781105	      2.30523479	      2.13015311	      6.62963236	     -7.87287735	    -34.92666974	     37.81612481	    103.75891751	      3.36927517	     -3.93937527	    -29.54490041	     30.80424569	     85.99380436
      2.41000000	      0.88947983	      1.58411274	     91.92564592	     -0.25377862	      0.96659437	     -1.84316507	      0.09210945	      3.41151045	    -10.96838426	     16.74688180	      0.29228823	     11.96012712	      3.06394950	     -7.49999987	     22.49384910	     -5.38052597	    -11.09011724	     51.48767655	      0.89862948	      0.86185596	    -25.08857936	     -7.49999987	    -15.30878511	      2.16769781	      1.42986211	      8.37396540	     -8.24033251	    -32.45639326	     36.83473021	    103.86206678	      1.98416681	     -3.94018840	    -31.24537893	     31.00191555	     84.94803512
