Coordinates
version=1
nRows=232
nColumns=36
inDegrees=yes

Units are S.I. units (second, meters, Newtons, ...)
If the header above contains a line with 'inDegrees', this indicates whether rotational values are in degrees (yes) or radians (no).

endheader
time	pelvis_tilt	pelvis_list	pelvis_rotation	pelvis_tx	pelvis_ty	pelvis_tz	hip_flexion_r	hip_adduction_r	hip_rotation_r	knee_angle_r	knee_angle_r_beta	ankle_angle_r	subtalar_angle_r	mtp_angle_r	hip_flexion_l	hip_adduction_l	hip_rotation_l	knee_angle_l	knee_angle_l_beta	ankle_angle_l	subtalar_angle_l	mtp_angle_l	lumbar_extension	lumbar_bending	lumbar_rotation	arm_flex_r	arm_add_r	arm_rot_r	elbow_flex_r	pro_sup_r	arm_flex_l	arm_add_l	arm_rot_l	elbow_flex_l	pro_sup_l
      0.00000000	      2.41001872	      3.04693456	     90.19947126	     -0.20279776	      0.92697700	      1.07264163	     23.88214530	      4.03202125	     -7.06558100	     23.71511508	      0.41390684	     -5.04163938	     -6.33208167	     -7.60880091	    -14.58778546	     -3.45836686	    -10.57229977	     35.49184805	      0.61944961	    -13.15728363	      0.85276605	     -7.60880091	    -15.27166169	      4.38097200	     -4.30206208	     -6.21815556	     -4.26048700	    -35.95544456	     52.84572006	     98.52503956	     18.43637189	     -4.96948693	    -24.56702728	     47.55886457	     90.13456705
      0.01000000	      3.08418238	      3.31055720	     90.11071675	     -0.20122847	      0.92731565	      1.05809639	     23.39083861	      5.17054663	     -5.80745509	     25.26180296	      0.44090164	     -3.50271705	     -7.74257413	     -7.58446354	    -13.57764375	     -4.65383928	    -10.22818440	     38.56422401	      0.67307268	    -17.27957806	      0.24028039	     -7.58446354	    -15.38105860	      5.09064337	     -3.88355831	     -5.75197618	     -4.24667620	    -36.68732750	     51.85477790	    103.84550916	     18.12116388	     -4.55350187	    -25.41068745	     47.43568722	     92.39077749
      0.02000000	      3.50059188	      3.63391230	     90.06230813	     -0.20035910	      0.92777598	      1.04406070	     22.85074538	      5.73874792	     -5.45367903	     26.81949444	      0.46808848	     -1.73387488	     -8.33743747	     -7.58029989	    -12.48765495	     -5.38261673	     -9.44062133	     41.62596040	      0.72651006	    -20.38904827	      0.15037099	     -7.58029989	    -15.69798261	      5.53916971	     -3.32473022	     -5.66418571	     -4.51202403	    -36.50591338	     51.37014204	    102.73217744	     17.88060591	     -4.14415883	    -25.42358202	     47.52713325	     91.61711413
      0.03000000	      4.32150048	      3.87899616	     90.27880871	     -0.19961520	      0.92874824	      1.03022196	     21.96509312	      6.68679492	     -5.37658407	     27.41149297	      0.47842081	     -0.85029675	     -9.07132931	     -7.57691678	    -11.06456839	     -6.69694826	     -8.72845156	     44.90356166	      0.78371500	    -23.74453278	     -1.71658687	     -7.57691678	    -15.85519492	      6.49133350	     -3.06674140	     -5.37071954	     -4.75607491	    -36.40329805	     50.71991330	    102.56121149	     17.59040850	     -3.80310178	    -25.68535585	     47.19596485	     91.39480182
      0.04000000	      4.65783422	      3.91396387	     90.55733780	     -0.19969798	      0.92960012	      1.01688171	     21.31279810	      7.07760901	     -5.20398804	     28.03171157	      0.48924566	      0.33599545	     -9.59716184	     -7.57351040	     -9.32506869	     -7.31753326	     -7.69951342	     48.08660758	      0.83926963	    -26.85243670	     -4.49479651	     -7.57351040	    -15.84233436	      6.96519504	     -2.85324901	     -5.17517077	     -4.99386568	    -36.27069992	     50.28371690	    102.52828961	     17.32350628	     -3.31978652	    -25.91778674	     46.89395959	     91.19657752
      0.05000000	      4.90615000	      3.97926653	     90.90713086	     -0.19999469	      0.93118932	      1.00375749	     20.46033403	      7.25317408	     -5.49668731	     28.28760058	      0.49371177	      1.46496355	     -9.48295583	     -7.57008083	     -7.41855922	     -7.82639374	     -6.81769682	     51.27450468	      0.89490893	    -30.17606235	     -7.56809851	     -7.57008083	    -15.85800460	      7.33699525	     -2.69258746	     -4.80162830	     -5.14066823	    -36.43422215	     49.61208811	    103.20607605	     17.13878334	     -2.78056653	    -26.40444663	     46.33433002	     91.38721934
      0.06000000	      5.17211896	      4.22877770	     91.11141407	     -0.19994128	      0.93363580	      0.99092598	     19.09342139	      7.52593100	     -5.82135003	     27.89428428	      0.48684710	      2.24462761	     -9.02420968	     -7.56896707	     -5.76905022	     -8.43998796	     -6.32575699	     54.15292021	      0.94514676	    -31.83061738	     -9.59447734	     -7.56896707	    -16.17318017	      7.65455312	     -2.31958927	     -4.42005547	     -5.29200323	    -36.41541201	     49.09370234	    103.56251975	     16.99235633	     -2.40531606	    -26.52971620	     45.73314838	     91.50941271
      0.07000000	      5.33819936	      4.24129056	     91.56902821	     -0.20010786	      0.93607046	      0.97846685	     17.90471682	      7.64816629	     -6.24681426	     27.28578440	      0.47622678	      3.00683570	     -8.52618399	     -7.56752582	     -3.76518550	     -8.93433359	     -5.58050368	     56.81044937	      0.99152939	    -32.35441871	    -12.98146899	     -7.56752582	    -16.18140712	      7.88518563	     -2.23861301	     -4.01209982	     -5.36905272	    -36.49754301	     48.53499129	    103.97030144	     16.77435502	     -2.15268913	    -26.64563191	     45.18849271	     91.66001637
      0.08000000	      5.35231517	      4.27404514	     91.86996089	     -0.20025863	      0.93880838	      0.96633717	     16.59055069	      7.65416299	     -6.58083903	     26.44295408	      0.46151661	      3.80210363	     -8.08416265	     -7.56652307	     -1.79318348	     -9.15449315	     -5.14406653	     59.17287810	      1.03276155	    -31.17552676	    -16.22459398	     -7.56652307	    -16.26212879	      7.93609337	     -1.98232395	     -3.56260195	     -5.46950039	    -36.50801474	     48.04464998	    104.15399636	     16.56059899	     -1.89458458	    -26.63725363	     44.55444476	     91.69748360
      0.09000000	      5.22588390	      4.02861894	     92.18176977	     -0.20044190	      0.94154074	      0.95464491	     15.50285750	      7.54421996	     -6.76543147	     25.39579133	      0.44324017	      4.26692140	     -7.45923051	     -7.56503470	      0.47781334	     -9.22011821	     -4.89051473	     61.20584463	      1.06824351	    -28.28492084	    -19.07803505	     -7.56503470	    -16.09443396	      7.81834210	     -1.82843310	     -3.13168762	     -5.47558777	    -36.49062242	     47.72280026	    104.02908161	     16.23035044	     -1.68016507	    -26.66886043	     44.00198211	     91.52879980
      0.10000000	      5.35128786	      3.27004819	     92.89878789	     -0.20086180	      0.94334121	      0.94315120	     15.02636809	      7.52094691	     -7.74350690	     24.33823497	      0.42478233	      4.48178474	     -6.51024479	     -7.56210021	      3.66811777	     -9.26983308	     -3.72757225	     63.43626725	      1.10717173	    -24.87459022	    -22.08713126	     -7.56210021	    -15.20752491	      7.98837449	     -2.01283141	     -2.77786330	     -5.39104527	    -36.61458799	     47.37373477	    104.36530139	     15.72770621	     -1.50685575	    -26.61316943	     43.42462804	     91.49692961
      0.11000000	      4.91468411	      3.12675837	     93.02997682	     -0.20092888	      0.94640005	      0.93195680	     13.85935153	      7.15111652	     -7.57823494	     23.34725975	      0.40748655	      4.80704545	     -6.08498515	     -7.56120770	      5.78970082	     -8.80553682	     -3.57003916	     64.83569869	      1.13159642	    -21.46918786	    -24.10386588	     -7.56120770	    -15.29546544	      7.42323941	     -1.66504117	     -2.37354041	     -5.39632182	    -36.51883542	     47.29720588	    104.30528925	     15.39523169	     -1.41232987	    -26.58594889	     43.12018331	     91.38049046
      0.12000000	      4.81305041	      2.29633751	     93.64501057	     -0.20153814	      0.94809459	      0.92054744	     13.67442314	      6.87837362	     -8.41517782	     22.78929047	      0.39774815	      5.14814465	     -5.33581319	     -7.54818625	      8.95940857	     -8.48688284	     -2.79502967	     66.19337196	      1.15529228	    -18.14326045	    -25.83624402	     -7.54818625	    -14.34063299	      7.34652688	     -1.93332479	     -1.89431428	     -5.28532988	    -36.86804060	     47.00733388	    106.64818116	     14.78595598	     -1.39128596	    -26.66553987	     42.45149907	     92.30214906
      0.13000000	      4.40583704	      2.16879816	     93.71595132	     -0.20118917	      0.95111755	      0.90919018	     12.45067123	      6.60576902	     -8.23155479	     21.66610320	      0.37814484	      5.34406835	     -4.99310629	     -7.54827482	     10.92270776	     -7.93824708	     -2.63843758	     66.67932473	      1.16377376	    -15.71829919	    -27.64939288	     -7.54827482	    -14.35946767	      6.74808420	     -1.61563298	     -1.55035826	     -5.18683490	    -36.70982855	     47.12418487	    106.91533891	     14.35160568	     -1.44221963	    -26.64762922	     42.10344313	     92.43859055
      0.14000000	      4.13328614	      1.50372586	     94.08885753	     -0.20196369	      0.95285567	      0.89777020	     12.07713666	      6.25203472	     -8.52160241	     21.12425280	      0.36868776	      5.67083668	     -4.28511394	     -7.54611030	     13.59590606	     -7.38879231	     -2.32000003	     67.14916798	      1.17197407	    -12.26568551	    -28.23338926	     -7.54611030	    -13.60723402	      6.50774005	     -1.85849038	     -1.28699863	     -5.27468345	    -36.26730902	     47.36965205	    106.39144576	     13.50857664	     -1.53603380	    -26.53090545	     41.74229582	     92.09970520
      0.15000000	      3.67649280	      1.32077746	     94.16196246	     -0.20199803	      0.95546044	      0.88641525	     11.03488815	      5.87220510	     -8.34823456	     20.24787220	      0.35339204	      5.80980146	     -4.02330830	     -7.54605693	     15.44700010	     -6.67205600	     -2.26286277	     66.99230582	      1.16923631	    -10.08036201	    -29.43080912	     -7.54605693	    -13.57251173	      5.93183742	     -1.63078014	     -0.97524813	     -5.20099193	    -36.12091827	     47.71741387	    106.55725455	     12.93130962	     -1.62312180	    -26.56886390	     41.43324811	     92.16011968
      0.16000000	      3.43668662	      0.84166513	     94.35972397	     -0.20219412	      0.95714889	      0.87528921	     10.48885005	      5.54075095	     -9.08017545	     19.64994980	      0.34295632	      6.19013495	     -2.81954931	     -7.54407288	     17.68248199	     -6.23158228	     -2.24345110	     66.72855500	      1.16463299	     -6.67970765	    -28.94165773	     -7.54407288	    -13.15599095	      5.61259731	     -1.66582096	     -0.75641591	     -5.24682785	    -35.62026651	     48.32820789	    105.98706714	     12.08304721	     -1.78016744	    -26.49522593	     41.40979090	     91.77585173
      0.17000000	      2.80486650	      0.53689340	     94.14038559	     -0.20201610	      0.95915361	      0.86362661	      9.64463029	      5.01169277	     -8.50618884	     19.00958892	      0.33177992	      6.30250014	     -2.60200866	     -7.54298941	     19.26341012	     -5.54120790	     -2.81638703	     65.73918913	      1.14736530	     -4.65703593	    -28.84944554	     -7.54298941	    -12.95705573	      4.82369211	     -1.41772120	     -0.52226152	     -5.22405686	    -35.21214964	     48.90936651	    105.76469303	     11.17368452	     -2.00272680	    -26.55776509	     41.34204118	     91.57305642
      0.18000000	      2.45046714	      0.54576976	     93.93722080	     -0.20158642	      0.96132171	      0.85211196	      8.42514458	      4.74938452	     -8.50972092	     18.17525396	      0.31721802	      6.55729079	     -1.65792670	     -7.54085174	     20.45753621	     -5.24705231	     -3.43424139	     64.47190411	      1.12524700	     -3.02710250	    -28.19886256	     -7.54085174	    -13.13616622	      4.34208843	     -1.12296117	     -0.29054362	     -5.31673510	    -34.43870037	     49.62403363	    105.27160016	     10.35365889	     -2.20677113	    -26.55330405	     41.33422650	     91.19566356
      0.19000000	      1.94862827	      0.57887452	     93.79751643	     -0.20167843	      0.96309884	      0.84074368	      7.28125221	      4.27273451	     -8.45872891	     17.58435034	      0.30690481	      6.96954295	     -1.12850482	     -7.53881743	     21.48377725	     -4.63218532	     -3.92849577	     62.78719099	      1.09584321	     -1.89102249	    -27.69546610	     -7.53881743	    -13.36954557	      3.74279304	     -0.92284915	     -0.08432779	     -5.40844216	    -33.82008944	     50.55325070	    104.85152160	      9.57379454	     -2.39587388	    -26.66003837	     41.40750003	     90.86055530
      0.20000000	      1.66307766	      0.23171320	     93.47776112	     -0.20114375	      0.96413991	      0.82907450	      6.54284292	      4.05100367	     -8.35492527	     16.93557366	      0.29558152	      6.99917654	     -0.64852059	     -7.53796681	     22.76639776	     -4.41620560	     -4.67715560	     60.78554608	      1.06090792	     -1.06672767	    -27.34200812	     -7.53796681	    -13.07452092	      3.32387562	     -0.58930513	      0.16527418	     -5.39085068	    -33.52902907	     51.25300722	    104.44169737	      8.64601368	     -2.58033291	    -26.84043713	     41.30131313	     90.56457027
      0.21000000	      1.16708767	      0.68721109	     92.80101393	     -0.20036618	      0.96610297	      0.81729560	      4.92807739	      3.59076286	     -8.41728226	     16.27563019	      0.28406333	      7.38599288	      0.73163071	     -7.53652762	     22.85767877	     -4.11514244	     -5.85008376	     58.30878168	      1.01768022	     -0.07030730	    -26.20090348	     -7.53652762	    -13.79430177	      2.63241818	      0.10720810	      0.38897037	     -5.60468477	    -32.67023717	     52.22535361	    104.20923989	      7.80537507	     -2.72829651	    -27.26757084	     41.51924652	     90.33910769
      0.22000000	      0.87503611	      1.00384952	     92.38027234	     -0.19979835	      0.96746423	      0.80562814	      3.51551709	      3.31316926	     -8.67991590	     15.68812117	      0.27380937	      7.65484206	      2.05337035	     -7.53510369	     23.05832395	     -3.95541147	     -6.79799666	     55.53867241	      0.96933270	      0.74394286	    -25.27367748	     -7.53510369	    -14.34282768	      2.20707761	      0.56300915	      0.64468362	     -5.80499086	    -31.95975555	     53.18372609	    104.07070131	      7.05442503	     -2.85608077	    -27.75040618	     41.53453798	     90.21767756
      0.23000000	      0.89084974	      1.26686042	     91.88659155	     -0.19875913	      0.96822990	      0.79381194	      2.18578691	      3.34741179	     -9.18188516	     15.11608794	      0.26382550	      7.93151532	      3.60196901	     -7.53361388	     23.26066392	     -4.20263772	     -7.77998397	     52.64338006	      0.91880031	      1.49950102	    -24.04824191	     -7.53361388	    -14.76773777	      2.06263772	      1.14780366	      0.88251696	     -6.00113212	    -31.31569750	     54.16102500	    103.84596734	      6.23176436	     -2.98637019	    -28.30190737	     41.54468297	     90.13815283
      0.24000000	      0.72036417	      1.60972047	     91.18061047	     -0.19796468	      0.96888053	      0.78194258	      0.90070235	      3.15219910	     -9.19910166	     14.87625262	      0.25963959	      8.04787828	      4.47444014	     -7.53235985	     23.13939981	     -4.21590813	     -9.01917547	     49.34282355	      0.86119473	      1.86339633	    -23.31180298	     -7.53235985	    -15.26218572	      1.71361720	      1.86740920	      1.12716886	     -6.30786594	    -30.64524109	     55.09153228	    103.59323264	      5.45992809	     -3.04873781	    -28.88929817	     41.51736381	     90.07331572
      0.25000000	      0.71913568	      1.93333511	     90.56181373	     -0.19716053	      0.96897244	      0.77016430	     -0.35883272	      3.10500845	     -9.49703459	     14.58032974	      0.25447476	      8.46982776	      5.68442278	     -7.53109152	     22.97706762	     -4.41388160	    -10.24158244	     45.87552323	      0.80067893	      2.23992647	    -22.11673172	     -7.53109152	    -15.73472099	      1.52702453	      2.55870327	      1.40855176	     -6.60037525	    -29.94205348	     55.96487580	    103.25176409	      4.73702207	     -3.07480143	    -29.65639893	     41.39123024	     90.01681732
      0.26000000	      1.04715616	      1.79372546	     90.19069666	     -0.19669571	      0.96787710	      0.75836682	     -1.10941781	      3.45926701	     -9.64858955	     14.33100710	      0.25012326	      8.69231457	      6.10108952	     -7.53090592	     23.46852943	     -4.77455629	    -11.06099352	     42.55278718	      0.74268624	      2.19080713	    -21.67832308	     -7.53090592	    -15.58888113	      1.80206749	      3.02525823	      1.69647957	     -6.79555043	    -29.63905877	     56.77827382	    103.23280047	      3.79644018	     -3.20370142	    -30.07181995	     41.21592712	     90.04448051
      0.27000000	      1.01743087	      2.59332471	     89.32794500	     -0.19579333	      0.96800805	      0.74633443	     -2.81265336	      3.30422992	     -9.78028153	     14.29954720	      0.24957418	      9.27775856	      7.41619769	     -7.52776195	     22.48916700	     -4.92552377	    -12.65734230	     38.70183347	      0.67547442	      2.46022078	    -19.98104039	     -7.52776195	    -16.58815251	      1.52105574	      3.91498469	      1.87483321	     -7.40720725	    -28.39270602	     57.80699947	    101.87384417	      3.25224592	     -2.94744825	    -31.64647743	     41.20498757	     89.99410256
      0.28000000	      1.18416415	      2.92331478	     88.77565954	     -0.19543992	      0.96713480	      0.73435256	     -4.02399331	      3.37040370	     -9.97753556	     14.19069650	      0.24767438	      9.76643851	      8.46126432	     -7.52406334	     22.15126857	     -5.05209267	    -13.72241885	     34.99797955	      0.61082997	      2.50143851	    -18.35475671	     -7.52406334	    -16.97770264	      1.57612292	      4.53996620	      2.12361275	     -7.87518621	    -27.62200499	     58.63429691	    100.66549366	      2.56116335	     -2.89383446	    -32.57477031	     40.98729556	     90.06880136
      0.29000000	      1.30416280	      2.91690099	     87.88800983	     -0.19480489	      0.96565696	      0.72314672	     -4.57351335	      3.32475225	     -9.75045595	     14.63042159	      0.25534903	     10.31696628	      8.81176384	     -7.52298636	     22.14174260	     -5.25777672	    -15.24144533	     31.35086666	      0.54717585	      2.61299832	    -16.01851488	     -7.52298636	    -17.10124081	      1.51076718	      5.47259400	      2.47448045	     -8.36355747	    -26.97389462	     59.36740555	    100.33531167	      1.98755267	     -2.82087760	    -33.46688440	     40.64561240	     89.93037528
      0.30000000	      1.41818915	      2.85021100	     87.31061063	     -0.19465227	      0.96383635	      0.71163940	     -5.13459877	      3.26716942	     -9.91464150	     14.94039794	      0.26075914	     11.03324689	      9.30764313	     -7.52236399	     22.26202065	     -5.31399272	    -16.51227033	     27.88527743	      0.48668990	      2.82035445	    -12.98684936	     -7.52236399	    -17.10748476	      1.50730249	      6.09744754	      2.77244685	     -8.76499742	    -26.44128676	     60.05703466	    100.12352043	      1.37506115	     -2.77015470	    -34.36512810	     40.36814773	     89.81616766
      0.31000000	      1.41751246	      3.11891485	     86.56276604	     -0.19459150	      0.96245474	      0.70011010	     -6.04371639	      2.99370780	    -10.01490714	     15.27987161	      0.26668407	     11.77445896	     10.37053540	     -7.52171234	     21.82180649	     -5.24468732	    -18.11332483	     24.26418878	      0.42348998	      3.39293273	     -8.65222592	     -7.52171234	    -17.49793159	      1.36179657	      6.85033258	      3.19853126	     -9.20844803	    -25.95644113	     60.61495644	    100.11051663	      0.99728344	     -2.54015132	    -35.78241197	     39.94315093	     89.93169808
      0.32000000	      1.46696745	      2.95925032	     86.10371785	     -0.19505011	      0.96021904	      0.68898818	     -6.35812835	      2.82638811	    -10.12581404	     15.86968302	      0.27697822	     12.45824179	     10.48989364	     -7.52113458	     22.03394081	     -5.04764632	    -18.99648345	     20.95414967	      0.36571890	      3.53104780	     -4.51591731	     -7.52113458	    -17.43046100	      1.37128337	      7.27909992	      3.68655081	     -9.60524305	    -25.49012416	     61.03214829	     99.93800299	      0.53198973	     -2.41916881	    -36.97425649	     39.52272139	     89.98994971
      0.33000000	      1.42046821	      2.63467679	     85.36660786	     -0.19541632	      0.95768779	      0.67825161	     -6.31127847	      2.49078670	     -9.92446478	     16.75612899	      0.29244962	     13.14573293	     10.40057125	     -7.52077718	     22.29824137	     -4.79762053	    -19.82932466	     17.65067656	      0.30806242	      3.19493174	     -0.72821551	     -7.52077718	    -17.25795708	      1.25259394	      7.99502687	      4.16989855	     -9.95825954	    -25.22602452	     61.48300645	     99.84234876	      0.16809120	     -2.26474731	    -38.07997817	     39.08144564	     90.02371754
      0.34000000	      1.42248473	      2.45018145	     84.97676489	     -0.19626174	      0.95531673	      0.66705353	     -6.60325322	      2.24062235	    -10.03788267	     17.31270678	      0.30216374	     13.79262278	     10.84029242	     -7.51951013	     22.45801432	     -4.49749748	    -20.35892719	     14.68570646	      0.25631393	      2.88732330	      3.50231778	     -7.51951013	    -17.17380032	      1.24929961	      8.39339235	      4.61445315	    -10.29602111	    -24.95514213	     61.75493194	     99.12076272	     -0.01903436	     -1.97575701	    -39.81673589	     38.51648981	     89.87053283
      0.35000000	      1.33241105	      2.06875511	     84.63662772	     -0.19733489	      0.95257764	      0.65588178	     -6.58472950	      1.89097904	    -10.10696503	     18.06887556	      0.31536137	     14.45337229	     10.96383655	     -7.51813241	     22.76373619	     -4.05970607	    -20.41475612	     11.83088116	      0.20648783	      2.06181311	      6.73994546	     -7.51813241	    -16.84911845	      1.18786235	      8.68451020	      5.02498670	    -10.57457248	    -24.75419984	     61.95679651	     98.22526651	     -0.27515528	     -1.82084190	    -41.24878477	     37.92041105	     89.95829974
      0.36000000	      1.19302926	      1.77495647	     84.31377006	     -0.19846728	      0.94990931	      0.64449492	     -6.66054647	      1.47010985	    -10.12943548	     18.82778919	      0.32860691	     15.02259617	     10.87695672	     -7.51767033	     22.92667610	     -3.58363908	    -20.31027956	      9.26240070	      0.16165939	      1.01599169	      8.89750886	     -7.51767033	    -16.59036132	      1.04967912	      8.92766332	      5.51746113	    -10.71840156	    -24.68636134	     61.91991373	     97.94938894	     -0.62838231	     -1.87277331	    -42.04719362	     37.28997882	     90.05748732
      0.37000000	      1.10713454	      1.44963299	     83.86384718	     -0.19934463	      0.94722024	      0.63291307	     -6.68825704	      1.10915045	     -9.79036029	     19.60465108	      0.34216571	     15.35720973	     11.06705343	     -7.51825484	     23.24516260	     -3.34996576	    -20.64444184	      7.49950374	      0.13089103	      0.38732439	     10.94091532	     -7.51825484	    -16.25395500	      0.92762932	      9.31750872	      5.93376529	    -10.69258409	    -24.98711519	     61.84378268	     97.31866711	     -0.83467622	     -1.79915666	    -43.37787618	     36.66938181	     90.11301220
      0.38000000	      0.86199529	      1.23052007	     83.59716152	     -0.20060509	      0.94467102	      0.62098304	     -6.80401391	      0.51643218	     -9.79294702	     20.48959888	      0.35761096	     15.83105303	     11.47639225	     -7.51729921	     23.54503757	     -2.93395496	    -20.78150707	      6.38890085	      0.11150736	     -0.08896151	     11.71175020	     -7.51729921	    -15.98380461	      0.66021631	      9.36576944	      6.36706970	    -10.75343757	    -24.75793258	     61.61112637	     95.67268267	     -1.09265443	     -1.76225463	    -44.80218726	     36.07792409	     90.36661270
      0.39000000	      0.81381456	      1.09096270	     83.22407064	     -0.20126543	      0.94218768	      0.60862873	     -7.12623960	      0.24205222	     -9.17029250	     21.14308862	      0.36901651	     15.98792829	     11.08070092	     -7.51653486	     24.04634176	     -3.00339541	    -21.22194319	      6.58332610	      0.11490072	      0.04460697	     12.38537311	     -7.51653486	    -15.74738110	      0.54105647	      9.56634482	      6.73763175	    -10.58490157	    -24.95597396	     61.36871288	     94.71822769	     -1.37860518	     -1.81183866	    -46.03186042	     35.54436165	     90.69405499
      0.40000000	      0.73774116	      1.15142408	     82.91931791	     -0.20180730	      0.94005747	      0.59562720	     -7.74265578	     -0.09557564	     -8.66256085	     21.69646059	      0.37867467	     15.96241729	     11.04750820	     -7.51584594	     24.32739070	     -3.08090383	    -21.48645330	      7.35570112	      0.12838120	      0.32442304	     12.45737665	     -7.51584594	    -15.63614297	      0.34395249	      9.66007295	      7.02193520	    -10.30743711	    -25.13163849	     61.09532613	     94.00167213	     -1.71641575	     -1.99887056	    -47.03289646	     34.99224828	     90.99323903
      0.41000000	      0.72141323	      1.28456030	     82.59493420	     -0.20214293	      0.93819274	      0.58237821	     -8.43781394	     -0.33790778	     -7.82841423	     22.25829177	      0.38848048	     15.67792560	     10.49612141	     -7.51541627	     24.43169285	     -3.26607124	    -21.65726373	      8.45132543	      0.14750345	      0.59669900	     12.14489924	     -7.51541627	    -15.59161098	      0.16975886	      9.84054562	      7.22376147	     -9.87017235	    -25.66461723	     60.86346269	     93.42059495	     -2.00577514	     -2.22070720	    -47.77702271	     34.44652183	     90.94261549
      0.42000000	      0.54457287	      1.62866063	     82.42681970	     -0.20261870	      0.93672425	      0.56854820	     -9.40018732	     -0.82126797	     -7.44661936	     22.77079115	      0.39742528	     15.32543022	     10.58846598	     -7.51175405	     24.14452654	     -3.19061238	    -21.64897990	      9.58396600	      0.16727176	      0.51805917	     11.28847767	     -7.51175405	    -15.69104016	     -0.19720134	      9.74131041	      7.36544988	     -9.46687043	    -25.82999782	     60.56759104	     92.32651316	     -2.33300547	     -2.53537759	    -48.43332740	     33.93874329	     90.32427458
      0.43000000	      0.46990176	      1.96484161	     82.22155960	     -0.20286485	      0.93538883	      0.55447635	    -10.37207279	     -1.11404405	     -6.69674427	     23.24943946	      0.40577927	     14.60213560	     10.08561441	     -7.50898474	     23.76157414	     -3.26799907	    -21.57546523	     10.96415900	      0.19136067	      0.08181357	      9.63104277	     -7.50898474	    -15.76586679	     -0.45193633	      9.72767265	      7.36909925	     -8.97470376	    -26.20355725	     60.41989888	     91.98117664	     -2.67325052	     -2.90379854	    -48.75053888	     33.44967605	     89.95723069
      0.44000000	      0.35115216	      2.44913581	     82.10174069	     -0.20337656	      0.93442553	      0.53993033	    -11.49968454	     -1.53488594	     -6.23635065	     23.76245406	      0.41473306	     13.60504862	      9.78385730	     -7.50739548	     23.18426918	     -3.20228115	    -21.93993864	     12.40370999	      0.21648558	     -2.81025370	      5.68236701	     -7.50739548	    -15.91751083	     -0.77546691	      9.54354451	      7.40609957	     -8.43280511	    -26.57273569	     60.08114580	     91.54623763	     -2.99259031	     -3.21712158	    -49.42934907	     32.91236424	     88.99907454
      0.45000000	      0.21234110	      2.80707031	     82.12097662	     -0.20378188	      0.93370263	      0.52564941	    -12.36613140	     -1.88357703	     -5.68607266	     24.44695476	      0.42667985	     12.24329456	      9.15302242	     -7.50624254	     22.82875183	     -3.15090676	    -22.28069478	     13.88790958	      0.24238975	     -5.00367053	      1.84072355	     -7.50624254	    -15.99021936	     -1.12010481	      9.25830088	      7.36844933	     -7.79785452	    -27.04505695	     59.80324190	     91.37632195	     -3.32121823	     -3.68897829	    -49.47397583	     32.47531719	     88.06955916
      0.46000000	     -0.18329289	      3.10433361	     82.31735979	     -0.20466368	      0.93343401	      0.51183296	    -12.91569515	     -2.47153717	     -5.27313057	     25.50421244	      0.44513248	     10.62566430	      8.31128361	     -7.50505177	     22.63501088	     -2.73977648	    -21.84282872	     15.54092757	      0.27124035	     -5.60975214	     -0.84814967	     -7.50505177	    -16.05146478	     -1.67588240	      8.73249188	      7.40556465	     -7.09977896	    -27.54674517	     59.43893674	     91.45321312	     -3.37514930	     -4.15727419	    -49.74530499	     31.80183995	     86.80663482
      0.47000000	     -0.75662349	      3.35242265	     82.59790349	     -0.20583836	      0.93373517	      0.49803725	    -13.27755532	     -3.22325247	     -5.01876852	     26.72091420	      0.46636793	      8.65481178	      7.25654300	     -7.50476585	     22.41534158	     -2.05329416	    -21.16464571	     16.97726351	      0.29630915	     -6.24693374	     -1.56508638	     -7.50476585	    -16.07834797	     -2.38288690	      8.14721266	      7.39780814	     -6.32940313	    -28.25608030	     58.99322319	     92.45123581	     -3.36626715	     -4.68398105	    -49.78083994	     31.09886830	     86.99949018
      0.48000000	     -1.32768890	      3.67924639	     82.88923822	     -0.20710686	      0.93469369	      0.48410213	    -13.63231643	     -3.92663826	     -4.67834049	     28.02772743	      0.48917613	      6.18609242	      5.59277095	     -7.50408269	     22.06419295	     -1.32832514	    -20.53743722	     18.42722275	      0.32161571	     -6.92948877	     -1.21611049	     -7.50408269	    -16.20895767	     -3.08006867	      7.67344241	      7.19917854	     -5.53268132	    -29.17717773	     58.76118001	     91.70325167	     -3.14197459	     -5.19631159	    -49.65859179	     30.14779603	     85.65642353
      0.49000000	     -2.09490506	      4.17428340	     83.47944996	     -0.20965270	      0.93610551	      0.46938659	    -14.12495879	     -4.98997231	     -5.19710610	     29.52788243	      0.51535877	      3.49971539	      4.90983815	     -7.50261104	     21.43903885	     -0.01480645	    -19.06646326	     19.56561908	      0.34148447	     -7.18744102	     -1.92227493	     -7.50261104	    -16.42651743	     -3.81640353	      6.71410989	      7.03924793	     -4.97336677	    -29.77894664	     58.19260913	     95.97713533	     -3.17660885	     -5.58115442	    -49.72023105	     29.55516593	     87.01253800
      0.50000000	     -2.51886502	      4.59784036	     83.75674380	     -0.21179581	      0.93744961	      0.45493078	    -14.37184642	     -5.57923603	     -4.84938201	     31.16649706	      0.54395799	      0.07143823	      2.67511479	     -7.50231296	     20.84605514	      0.87170617	    -17.66490698	     20.76027359	      0.36233513	     -6.99163774	     -4.04453424	     -7.50231296	    -16.59230370	     -4.20123820	      6.36555650	      6.52781006	     -4.53190659	    -30.41481270	     58.14455250	     94.48778853	     -2.91911046	     -5.83856917	    -49.40083135	     28.74314723	     85.29157390
      0.51000000	     -3.13838379	      5.20428592	     84.07692866	     -0.21406737	      0.93912607	      0.43998002	    -14.63638525	     -6.54046689	     -5.01398130	     33.10827911	      0.57784848	     -3.71019224	      1.61763197	     -7.50200389	     19.74456471	      1.96599780	    -16.79899726	     21.53755208	      0.37590120	     -6.06735444	     -7.22702805	     -7.50200389	    -16.87724968	     -4.82864489	      5.69605180	      6.13435282	     -4.35599772	    -30.27254602	     57.62406802	     95.15257159	     -3.04801034	     -6.00638216	    -49.29100700	     28.57777219	     84.77821923
      0.52000000	     -3.54971641	      5.46446853	     84.33881914	     -0.21611220	      0.94050659	      0.42579368	    -14.17421145	     -7.18242944	     -4.78253128	     35.46337794	      0.61895271	     -8.63000233	     -0.46334327	     -7.50176934	     18.90348138	      2.85053409	    -15.90516408	     22.15705904	      0.38671363	     -4.88134706	     -8.26609769	     -7.50176934	    -16.89506617	     -5.20654719	      5.40075397	      5.49493029	     -4.08091066	    -30.59558959	     57.55682107	     94.54736578	     -2.76177823	     -6.21864474	    -48.86542789	     28.08630233	     83.57097717
      0.53000000	     -4.12516098	      5.44339420	     84.54436509	     -0.21859927	      0.94143049	      0.41207739	    -13.08212233	     -8.06339210	     -4.50693316	     38.09829753	      0.66494073	    -13.31599035	     -2.46488134	     -7.50151097	     18.26625671	      3.92744932	    -15.11030513	     22.44013473	      0.39165424	     -3.89217936	     -8.55584753	     -7.50151097	    -16.62041020	     -5.67632443	      4.90508469	      5.02230139	     -4.09117969	    -30.28672269	     57.16371998	     94.55789240	     -2.72996222	     -6.31042290	    -48.34173489	     27.93276123	     82.82127171
      0.54000000	     -4.60957269	      5.48174513	     84.63268669	     -0.22044762	      0.94261035	      0.39879804	    -11.85687854	     -8.76162718	     -3.86168186	     40.70346471	      0.71040948	    -17.14114054	     -4.34364348	     -7.50145758	     17.40389004	      4.75386006	    -14.84759041	     22.38781301	      0.39074105	     -3.04184024	     -9.18503401	     -7.50145758	    -16.50212612	     -6.15175360	      4.65637127	      4.55441070	     -3.97869841	    -30.30047192	     56.91652801	     94.49767424	     -2.40085268	     -6.39276464	    -48.17255172	     27.80276758	     82.79145413
      0.55000000	     -4.89012610	      5.30912660	     84.73755674	     -0.22175048	      0.94363561	      0.38589452	    -10.31269047	     -9.07393843	     -3.09821707	     43.31112492	      0.75592173	    -20.37748497	     -6.02947076	     -7.50139954	     16.74973042	      5.31459306	    -14.44330329	     22.34909589	      0.39006531	     -2.14373799	     -9.52325443	     -7.50139954	    -16.20417404	     -6.43410518	      4.41716403	      4.10009543	     -3.79791572	    -30.29063385	     56.65409424	     94.51800899	     -2.06017231	     -6.52996659	    -47.91193140	     27.71814545	     82.79438603
      0.56000000	     -5.17372183	      5.11682560	     84.61241147	     -0.22268825	      0.94474946	      0.37375577	     -8.48932636	     -9.44533106	     -2.21786287	     46.07842221	      0.80422018	    -23.21422109	     -7.41622166	     -7.50133892	     16.09126772	      5.78176320	    -14.37015736	     22.18499501	      0.38720121	     -1.32775869	     -9.56650368	     -7.50133892	    -15.97761494	     -6.78562418	      4.29696571	      3.86094070	     -3.68677703	    -30.21121306	     56.21621406	     94.65102786	     -1.62513718	     -6.63092072	    -47.60725738	     27.83681037	     82.88641654
      0.57000000	     -5.15924129	      5.23587654	     84.70077292	     -0.22386487	      0.94661903	      0.36190421	     -7.11528965	     -9.51549474	     -1.65797815	     48.64141357	      0.84895282	    -25.28752958	     -7.62138834	     -7.50131550	     14.98534504	      6.05806611	    -13.93011700	     21.85149793	      0.38138059	     -0.47714399	     -9.41865677	     -7.50131550	    -16.25553606	     -6.72580375	      3.88213149	      3.85272777	     -3.56016285	    -30.14511682	     55.86466301	     94.50678177	     -1.08944693	     -6.64064241	    -47.40689861	     27.89354245	     82.79931598
      0.58000000	     -5.32862872	      4.63573132	     84.20345715	     -0.22411109	      0.94753768	      0.35029903	     -4.50704039	     -9.90165649	     -0.92011743	     51.66986984	      0.90180935	    -26.68963325	     -8.75492670	     -7.50121381	     14.72499828	      6.17198692	    -14.57820059	     21.63162638	      0.37754310	      0.33817176	     -8.84581020	     -7.50121381	    -15.55344987	     -7.01660965	      4.24000886	      3.62726612	     -3.51292802	    -30.16693842	     55.21285199	     95.17264502	     -0.54967443	     -6.74954584	    -46.91822550	     27.86278103	     83.14531912
      0.59000000	     -5.48868538	      4.45057298	     83.73562812	     -0.22472268	      0.94921271	      0.33885323	     -2.41047950	    -10.45295456	     -0.58534600	     54.34633163	      0.94852242	    -26.70272417	     -9.04125506	     -7.50115207	     13.86898804	      6.44462854	    -15.02280657	     21.05758873	      0.36752426	      0.92863923	     -8.41536655	     -7.50115207	    -15.41661013	     -7.26725252	      4.35296004	      3.56902786	     -3.54568882	    -29.99647126	     54.65163790	     95.34902926	     -0.00163438	     -6.67068803	    -46.57199912	     28.23463687	     83.21399904
      0.60000000	     -5.46512973	      4.23227683	     83.64698504	     -0.22545198	      0.95080739	      0.32820994	     -0.36668096	    -10.48799749	     -0.23970285	     56.81144707	      0.99154680	    -25.80326273	    -10.88694151	     -7.50110834	     13.17083039	      6.55683801	    -15.07701116	     20.68370365	      0.36099873	      1.63181734	     -7.96516828	     -7.50110834	    -15.43524731	     -7.26687298	      4.09972831	      3.65948293	     -3.53832111	    -29.77892645	     54.12484912	     95.22011159	      0.72271617	     -6.72562045	    -46.21844933	     28.43556921	     83.09597339
      0.61000000	     -5.53879101	      3.73749468	     83.21459459	     -0.22585820	      0.95199109	      0.31756562	      2.19877332	    -10.54333359	      0.34713664	     59.17047299	      1.03271957	    -24.18934877	    -13.39791664	     -7.50105687	     12.69186264	      6.66239518	    -15.60749108	     20.10647014	      0.35092410	      2.07882876	     -7.27017635	     -7.50105687	    -15.04173434	     -7.38117420	      4.15926093	      3.66913648	     -3.55442663	    -29.54390667	     53.58329725	     95.31925957	      1.31214664	     -6.70918690	    -45.66599077	     28.85617198	     83.10366244
      0.62000000	     -5.51680970	      3.49463464	     82.99059039	     -0.22656150	      0.95368283	      0.30671698	      4.33501143	    -10.49807890	      0.62953855	     61.07514690	      1.06596240	    -22.03506058	    -15.82817746	     -7.50102601	     11.84485534	      6.75664122	    -16.05464338	     19.39489088	      0.33850470	      2.60568290	     -6.51503428	     -7.50102601	    -14.96928032	     -7.33550767	      4.04461276	      3.67829479	     -3.59400553	    -29.43798267	     53.12073861	     95.43238176	      2.02846340	     -6.71663836	    -45.21544803	     29.08702831	     83.16209502
      0.63000000	     -5.45924857	      3.38395373	     82.84083065	     -0.22748465	      0.95547558	      0.29579058	      6.26196713	    -10.31889219	      0.94471716	     62.60774183	      1.09271123	    -20.07803661	    -18.53390051	     -7.50101591	     10.78913527	      6.90126319	    -16.32158483	     18.53941670	      0.32357386	      3.00878370	     -5.86000304	     -7.50101591	    -15.01445280	     -7.23548037	      3.83765106	      3.71336869	     -3.64914915	    -29.29396479	     52.66662200	     95.67030176	      2.79505662	     -6.64575516	    -44.82996884	     29.26797681	     83.29912650
      0.64000000	     -5.40697527	      2.69439484	     82.47724200	     -0.22790462	      0.95626681	      0.28511822	      8.94832405	    -10.03455350	      1.36922104	     63.98222273	      1.11670045	    -18.70977853	    -22.65258105	     -7.50097925	     10.53839574	      6.76834084	    -17.48045185	     18.06164019	      0.31523509	      3.64708968	     -4.16101548	     -7.50097925	    -14.39619974	     -7.13956977	      3.92397368	      3.51995159	     -3.68558707	    -29.28054928	     52.38079732	     96.45497105	      3.26290352	     -6.65242290	    -43.84000163	     29.91357437	     83.78092428
      0.65000000	     -5.31086194	      2.61167022	     82.56850036	     -0.22893053	      0.95802153	      0.27413174	     10.68046303	     -9.81285798	      1.33325544	     64.83918769	      1.13165731	    -16.79041033	    -25.82478516	     -7.50092219	      9.41272244	      6.90104696	    -17.74252400	     17.15195525	      0.29935809	      4.11236688	     -2.89587749	     -7.50092219	    -14.48863113	     -6.96170501	      3.52485338	      3.45525492	     -3.68148929	    -29.34317136	     52.11027102	     97.06514989	      3.81119587	     -6.81615735	    -42.44750742	     30.37439993	     83.90525559
      0.66000000	     -5.29279138	      2.38202427	     82.79924914	     -0.23034270	      0.95936064	      0.26297529	     12.45570641	     -9.79367364	      0.96603150	     65.37574752	      1.14102205	    -14.49056649	    -28.51637087	     -7.50076050	      8.46785148	      7.17116886	    -17.73954253	     16.22161686	      0.28312062	      4.28804344	     -2.32373972	     -7.50076050	    -14.40008249	     -6.78624150	      3.08872868	      3.24555851	     -3.67767103	    -29.67959636	     51.97564302	     99.39653821	      4.43802819	     -6.94194566	    -41.21901589	     30.78187225	     85.02014528
      0.67000000	     -5.07351776	      2.34660620	     82.97876835	     -0.23159230	      0.96101149	      0.25223385	     13.98711960	     -9.64624116	      0.44714435	     65.56411152	      1.14430962	    -12.56890129	    -30.57233853	     -7.50076879	      7.28602818	      7.25269646	    -17.55740755	     15.24559823	      0.26608589	      4.35879716	     -1.86187933	     -7.50076879	    -14.59493705	     -6.42425667	      2.76565029	      3.13256354	     -3.83709507	    -29.71957954	     51.78426380	     99.82497882	      5.46973760	     -6.78626489	    -40.99672883	     30.97631573	     85.28898799
      0.68000000	     -5.01536762	      2.18097404	     83.36239270	     -0.23305617	      0.96216714	      0.24100376	     15.50228688	     -9.69553057	     -0.23998115	     65.48293697	      1.14289285	     -9.69550359	    -31.64188222	     -7.50075783	      6.23909761	      7.49260614	    -17.35544866	     14.30314376	      0.24963695	      4.65660329	     -1.00716868	     -7.50075783	    -14.54921974	     -6.19860853	      2.18738954	      2.70626921	     -3.84760331	    -29.80189036	     52.02175337	     99.98579952	      6.20097830	     -6.75061658	    -40.48305016	     31.48498894	     85.48358379
      0.69000000	     -4.70801837	      2.22171521	     83.79631730	     -0.23441200	      0.96369431	      0.22983458	     16.64193028	     -9.53940286	     -1.10967146	     64.97855251	      1.13408968	     -7.56227218	    -32.20264798	     -7.50074530	      4.93973186	      7.45579479	    -17.17180002	     13.35659790	      0.23311661	      4.94356785	     -0.01547019	     -7.50074530	    -14.83227039	     -5.72101832	      1.69082929	      2.37812444	     -3.92806511	    -30.02321233	     52.16653926	    100.14460483	      7.04959360	     -6.70741683	    -39.72123192	     31.88224831	     85.72124507
      0.70000000	     -4.36685859	      2.36266594	     84.18432371	     -0.23566174	      0.96508398	      0.21888489	     17.58896821	     -9.28394197	     -1.86531744	     64.14471458	      1.11953647	     -5.79825953	    -32.41754364	     -7.50071780	      3.56541565	      7.35196285	    -17.09188195	     12.47623291	      0.21775134	      5.25260282	      1.18952364	     -7.50071780	    -15.16101432	     -5.22929113	      1.24950468	      2.14131184	     -4.03869392	    -30.21208082	     52.17883558	    100.23489636	      7.87679885	     -6.75264339	    -38.60608877	     32.31603136	     86.01377286
      0.71000000	     -4.02186827	      2.25304609	     84.66108338	     -0.23685957	      0.96592801	      0.20803496	     18.73383741	     -9.01502978	     -2.73771546	     63.06846884	      1.10075244	     -4.38477343	    -32.34777412	     -7.50065958	      2.56215048	      7.18937429	    -16.78418605	     11.77696107	      0.20554675	      5.48859776	      1.82221882	     -7.50065958	    -15.26905247	     -4.72808810	      0.80939010	      1.74174354	     -4.14414292	    -30.33506139	     52.33176961	     99.07450925	      8.76877180	     -6.76869826	    -37.50301515	     32.73921420	     85.22342794
      0.72000000	     -3.80620851	      2.09723554	     85.16462717	     -0.23833512	      0.96647541	      0.19726495	     19.86300711	     -8.90129464	     -3.60328977	     61.69686821	      1.07681349	     -3.44490370	    -32.12837285	     -7.50060185	      1.68837901	      7.12273928	    -16.68257591	     11.19500525	      0.19538970	      5.71503045	      2.69448133	     -7.50060185	    -15.28905509	     -4.30571130	      0.23448533	      1.48890262	     -4.28061219	    -30.37632437	     52.31686213	     97.63168369	      9.62638635	     -6.75634000	    -36.59212010	     33.11011897	     84.18455372
      0.73000000	     -3.53714071	      2.21733771	     85.62801249	     -0.23938398	      0.96720399	      0.18656390	     20.55416455	     -8.71099000	     -4.48688913	     59.95033530	      1.04633074	     -2.51999744	    -31.45536091	     -7.50055174	      0.57498366	      6.91928207	    -16.99450846	     10.71858040	      0.18707452	      6.16252508	      4.26982159	     -7.50055174	    -15.67166541	     -3.91054258	     -0.17208649	      1.18011951	     -4.24565009	    -30.81152208	     52.58984404	     96.91928554	     10.59320528	     -6.79160024	    -35.52096349	     33.61522664	     83.68429131
      0.74000000	     -3.24412195	      2.26250718	     86.12257038	     -0.24042159	      0.96751544	      0.17551879	     21.21426437	     -8.51912003	     -5.51049839	     57.94634553	      1.01135452	     -1.66824899	    -30.58880367	     -7.50050577	     -0.51155896	      6.69328834	    -17.17922420	     10.21022507	      0.17820204	      6.74090206	      5.78928336	     -7.50050577	    -15.87842258	     -3.46882363	     -0.63299756	      0.86456830	     -4.22957227	    -31.24749934	     52.71730016	     96.78309674	     11.37094434	     -6.87373195	    -34.30489375	     34.17299530	     83.59910417
      0.75000000	     -3.32339975	      1.78936023	     86.53987051	     -0.24149440	      0.96663837	      0.16496635	     22.58475634	     -8.53136507	     -6.07562484	     55.95601061	      0.97661662	     -1.26973446	    -30.01973023	     -7.50049221	     -0.86701168	      6.85899160	    -17.03744156	      9.87947569	      0.17242938	      7.15310685	      5.95342512	     -7.50049221	    -15.45916037	     -3.42081106	     -1.23568673	      0.57272021	     -4.22685884	    -31.30753701	     52.69683602	     96.36476553	     12.15184989	     -6.85370983	    -33.97141309	     34.68162354	     83.31958494
      0.76000000	     -2.92843711	      2.28252241	     87.21002715	     -0.24267134	      0.96711078	      0.15389823	     22.42281907	     -8.27752100	     -7.34041756	     53.26420721	      0.92963579	     -0.38925929	    -28.21555115	     -7.50047240	     -2.45104440	      6.49564496	    -17.25150584	      9.40690966	      0.16418155	      7.79205648	      7.97036338	     -7.50047240	    -16.19609742	     -2.86158070	     -1.75656797	      0.41548917	     -4.17916562	    -31.99048095	     52.76838252	     96.62713833	     13.21033343	     -6.95734075	    -32.73472953	     34.94841140	     83.70143881
      0.77000000	     -2.84469136	      2.34965399	     87.72483344	     -0.24364674	      0.96662668	      0.14298171	     22.81260650	     -8.21935362	     -8.33245983	     50.49898647	      0.88137358	      0.09972271	    -26.93760007	     -7.50044862	     -3.42691105	      6.43599802	    -17.48613644	      9.12523499	      0.15926540	      8.29416664	      9.14822220	     -7.50044862	    -16.41576853	     -2.64739640	     -2.29406663	      0.14694021	     -4.10167002	    -32.42630518	     52.90983884	     96.63090106	     14.02806501	     -7.08919151	    -31.66457306	     35.44214019	     83.91243283
      0.78000000	     -2.80802460	      2.43197608	     88.31172415	     -0.24472083	      0.96592115	      0.13194001	     23.09427529	     -8.23008884	     -9.35258565	     47.54150861	      0.82975586	      0.62313584	    -25.45824095	     -7.50042518	     -4.41637319	      6.42178998	    -17.53403097	      8.84021906	      0.15429093	      8.66689818	     10.04603842	     -7.50042518	    -16.61602824	     -2.47338229	     -2.88017445	     -0.08302112	     -4.00762658	    -32.91169990	     52.92978728	     96.42449011	     14.88362093	     -7.22148343	    -30.62513939	     35.91574759	     83.98740453
      0.79000000	     -2.88789094	      2.57906838	     88.83261645	     -0.24559082	      0.96498734	      0.12088007	     23.30757132	     -8.27920730	    -10.22300856	     44.50798554	      0.77681089	      1.25052270	    -24.11660637	     -7.50039154	     -5.42958980	      6.48334492	    -17.81832137	      8.68207989	      0.15153088	      9.35222249	     11.49328275	     -7.50039154	    -16.90572713	     -2.43675241	     -3.41775181	     -0.38783137	     -3.83518382	    -33.43333517	     53.19031992	     96.64415471	     15.56070109	     -7.51032485	    -29.11814026	     36.55793168	     84.47532955
      0.80000000	     -2.87243744	      2.66798259	     89.40921001	     -0.24645728	      0.96396336	      0.10977175	     23.41430156	     -8.23769577	    -11.33376859	     41.16094707	      0.71839405	      1.58361000	    -22.63540167	     -7.50037229	     -6.34554379	      6.42562439	    -17.84664047	      8.60050881	      0.15010720	      9.77893068	     12.09570764	     -7.50037229	    -17.07986852	     -2.30997775	     -4.03039304	     -0.54514034	     -3.78494866	    -33.71520684	     52.95859904	     96.33792687	     16.42473924	     -7.61893644	    -28.31321032	     36.85158273	     84.40398062
      0.81000000	     -2.92451504	      2.88543817	     89.99729255	     -0.24731424	      0.96285071	      0.09854572	     23.33635662	     -8.27682085	    -12.51692710	     37.80795944	      0.65987338	      2.19790024	    -20.47473799	     -7.50035717	     -7.41151128	      6.41520447	    -17.93347686	      8.52205818	      0.14873797	     10.38839306	     12.98684260	     -7.50035717	    -17.41599008	     -2.22917110	     -4.60652530	     -0.81201458	     -3.62483274	    -34.24422918	     53.09475271	     96.27344047	     17.25283413	     -7.75095921	    -27.35558540	     37.32917204	     84.55956216
      0.82000000	     -2.99934283	      3.04697311	     90.55625827	     -0.24789565	      0.96155242	      0.08743842	     23.30150450	     -8.24620853	    -13.58752120	     34.41191428	      0.60060121	      2.63602165	    -17.89676693	     -7.50034019	     -8.35023658	      6.38168071	    -17.93992126	      8.58549609	      0.14984517	     10.95381339	     13.71329075	     -7.50034019	    -17.71662550	     -2.19872646	     -5.19211529	     -1.03559160	     -3.48335230	    -34.58005908	     53.11878143	     96.12342586	     17.97288366	     -8.01225004	    -26.19430812	     37.84768535	     84.68482970
      0.83000000	     -3.07082424	      3.08002347	     91.05820152	     -0.24823418	      0.95991891	      0.07627100	     23.40239968	     -8.15034280	    -14.64453966	     31.05045306	      0.54193264	      2.94178505	    -15.03876876	     -7.50033240	     -9.08952046	      6.30332221	    -18.02506285	      8.76283477	      0.15294032	     11.50884663	     14.33657544	     -7.50033240	    -17.85427488	     -2.19440437	     -5.69356602	     -1.26184831	     -3.26251571	    -35.06369820	     53.13842121	     96.39666979	     18.69918301	     -8.19356848	    -25.24795284	     38.32247632	     85.10080310
      0.84000000	     -3.15054207	      3.17530168	     91.48532390	     -0.24852625	      0.95831010	      0.06524581	     23.46441270	     -8.04704122	    -15.70987155	     27.86787751	      0.48638622	      3.13778255	    -11.62569334	     -7.50032425	     -9.87457157	      6.25455829	    -17.96129983	      8.96504011	      0.15646947	     12.05478244	     14.74607037	     -7.50032425	    -18.07029625	     -2.19583862	     -6.15841378	     -1.34016010	     -3.08484940	    -35.54515689	     53.01123283	     96.72335781	     19.45042607	     -8.42375812	    -24.23266452	     38.70001765	     85.52319568
      0.85000000	     -3.18133186	      3.03953057	     91.77272744	     -0.24842762	      0.95637808	      0.05423793	     23.77639984	     -7.72867381	    -16.35425439	     24.77382399	      0.43238480	      2.78638036	     -8.61844925	     -7.50031972	    -10.35537603	      6.15929531	    -17.99066544	      9.24904004	      0.16142620	     12.60290817	     14.78281393	     -7.50031972	    -18.03832871	     -2.19985242	     -6.43729394	     -1.51977181	     -2.95367779	    -35.85208844	     52.90396551	     96.98030674	     20.11929474	     -8.51819548	    -23.51429788	     39.13814641	     85.82977194
      0.86000000	     -3.15258299	      3.05417551	     92.15860975	     -0.24809842	      0.95461274	      0.04314522	     23.83068395	     -7.39996248	    -17.34878571	     21.81480378	      0.38074015	      3.02908302	     -4.56669914	     -7.50031385	    -10.90431485	      5.92729526	    -17.82090854	      9.75790486	      0.17030757	     13.16828927	     14.63497893	     -7.50031385	    -18.17666305	     -2.14593890	     -6.79288701	     -1.57760720	     -2.70410693	    -36.27707890	     52.66807209	     97.28999113	     20.77480241	     -8.74323478	    -22.57845573	     39.52185905	     86.18082075
      0.87000000	     -3.20970392	      3.03928365	     92.44998146	     -0.24754963	      0.95264166	      0.03230893	     24.06931605	     -7.14317544	    -18.11171351	     19.44198978	      0.33932673	      3.13265671	     -1.11573457	     -7.50019813	    -11.32856808	      5.79849755	    -17.42869508	     10.40109556	      0.18153336	     13.65231020	     14.27190517	     -7.50019813	    -18.30424849	     -2.20291179	     -7.06142637	     -1.54125776	     -2.32775283	    -37.12056461	     52.57278412	     99.26273066	     21.37244394	     -9.15259064	    -21.15178182	     40.04348569	     86.10796605
      0.88000000	     -3.14669070	      2.71915104	     92.52417679	     -0.24649384	      0.95031550	      0.02115024	     24.46150859	     -6.54651963	    -18.35382692	     16.92510591	      0.29539882	      3.06812435	      1.31372217	     -7.50019580	    -11.37199516	      5.53506554	    -17.36045907	     11.17705376	      0.19507639	     14.11751517	     13.80722298	     -7.50019580	    -18.02102050	     -2.19901445	     -7.07379443	     -1.73040837	     -2.16587893	    -37.35166537	     52.46930720	     99.43443834	     21.93218117	     -9.17620782	    -20.76349187	     40.31620870	     86.29269476
      0.89000000	     -2.91290007	      2.70164911	     92.82962480	     -0.24545643	      0.94844058	      0.01002954	     24.44020188	     -5.91108232	    -19.01364343	     14.85263500	      0.25922738	      3.00484895	      3.99363373	     -7.50017910	    -11.67019526	      5.00784922	    -16.73779452	     12.07381135	      0.21072776	     14.58416269	     13.02669267	     -7.50017910	    -18.07709188	     -1.97984835	     -7.24512727	     -1.74705582	     -1.89095266	    -37.65953851	     52.24138730	     97.13349597	     22.42194784	     -9.44008266	    -19.40669723	     40.79573733	     83.80765750
      0.90000000	     -2.70886211	      2.26825517	     93.06084880	     -0.24435409	      0.94603803	     -0.00092898	     24.77745966	     -5.28030009	    -19.55648923	     12.96677570	      0.22631293	      2.50087028	      6.21699545	     -7.50013277	    -11.22576823	      4.44135366	    -16.40677690	     13.59626418	      0.23729958	     15.23092386	     12.60053326	     -7.50013277	    -17.65964347	     -1.79195001	     -7.38321459	     -1.63009016	     -1.58566458	    -38.49251408	     51.83739101	    102.35498581	     22.88732406	     -9.49503192	    -19.16408118	     40.99380245	     85.98774615
      0.91000000	     -2.59181752	      2.07107939	     93.15846642	     -0.24313299	      0.94399983	     -0.01260610	     24.98010705	     -4.74530812	    -19.54573290	     11.88410566	      0.20741677	      2.07115299	      7.54651086	     -7.50012603	    -11.28677902	      4.02641466	    -16.13413786	     14.66538148	      0.25595919	     15.37471593	     12.22475261	     -7.50012603	    -17.42352991	     -1.72123833	     -7.35279716	     -1.75845564	     -1.43411636	    -38.69714007	     51.58265345	    102.39136785	     23.21083968	     -9.49874831	    -18.67530395	     41.29665044	     85.57187904
      0.92000000	     -2.56443994	      2.05384104	     93.28228463	     -0.24257766	      0.94228455	     -0.02491626	     25.10052501	     -4.46958810	    -19.57765207	     11.70355562	      0.20426558	      1.88329150	      8.71366267	     -7.50012285	    -11.75146419	      3.85988526	    -15.18392118	     15.32129156	      0.26740698	     15.18994646	     11.00182265	     -7.50012285	    -17.27767015	     -1.64828268	     -7.38333962	     -1.93399720	     -1.33347512	    -38.96684119	     51.39675585	    102.35385877	     23.31646818	     -9.36146606	    -18.38533209	     41.72188219	     85.00420761
      0.93000000	     -2.40824244	      2.12675499	     93.32188992	     -0.24179183	      0.94072221	     -0.03781603	     25.20099140	     -4.09509452	    -19.27311390	     12.27740256	      0.21428110	      1.94959341	      8.86704908	     -7.50011912	    -12.25446776	      3.47286168	    -14.67384325	     16.16354814	      0.28210713	     14.83920654	     10.44076203	     -7.50011912	    -17.13938956	     -1.42823552	     -7.26101909	     -2.16826499	     -1.35839863	    -39.07411766	     51.12606847	    102.46782932	     23.27680908	     -9.15042514	    -18.15469742	     42.09258570	     84.36925526
      0.94000000	     -2.35924753	      2.29691489	     93.29125738	     -0.24109018	      0.93933573	     -0.05121972	     25.11731643	     -3.82283213	    -18.72857886	     13.19127062	      0.23023110	      2.15240018	      8.43682373	     -7.50010853	    -12.91807179	      3.19930837	    -14.28982484	     16.97600278	      0.29628714	     14.40117531	     10.46130912	     -7.50010853	    -17.01179942	     -1.31947611	     -7.11884256	     -2.43763423	     -1.47438127	    -39.03939101	     50.75341892	    103.97309316	     23.21051204	     -8.86123787	    -18.25928519	     42.20239084	     84.19099982
      0.95000000	     -2.21736909	      2.60409677	     93.40083791	     -0.24063172	      0.93839382	     -0.06501259	     24.70111307	     -3.48480477	    -17.94272883	     14.24715391	      0.24865974	      1.89258081	      7.24860404	     -7.50007573	    -13.72468890	      2.83008804	    -13.51683501	     17.74947261	      0.30978674	     13.67846946	      9.76765022	     -7.50007573	    -17.02417424	     -1.04933052	     -7.05542930	     -2.60169111	     -1.50190085	    -39.45993638	     50.30970224	    106.72212040	     22.93713684	     -8.62643093	    -18.28776385	     42.57083378	     85.66089665
      0.96000000	     -2.02539406	      2.91918167	     93.31795181	     -0.23996927	      0.93750441	     -0.07901885	     24.13319589	     -3.00759480	    -16.96863631	     15.25908361	      0.26632125	      1.16493583	      5.85927798	     -7.50006807	    -14.49416641	      2.45880203	    -12.89768385	     18.63702054	      0.32527737	     12.64169199	      9.09055568	     -7.50006807	    -17.00054130	     -0.73757387	     -6.76970037	     -2.92773010	     -1.72849142	    -39.30106141	     49.95119816	    106.30941273	     22.58785968	     -8.23446541	    -18.40122086	     42.88219744	     84.83571961
      0.97000000	     -1.90741923	      3.28981851	     93.15781757	     -0.23952650	      0.93690715	     -0.09323388	     23.59587532	     -2.66848548	    -16.21538040	     16.39680751	      0.28617828	     -1.19128287	      4.10153242	     -7.50006349	    -15.40873758	      2.25321900	    -12.24065893	     19.30543947	      0.33694348	     11.34637227	      8.09881324	     -7.50006349	    -17.02272546	     -0.45586146	     -6.43833862	     -3.20615385	     -2.00232554	    -39.23194398	     49.54644524	    106.53307122	     22.15177931	     -7.74392916	    -18.76309352	     43.16230278	     84.50875805
      0.98000000	     -1.65403897	      3.56814539	     92.97532678	     -0.23865886	      0.93654627	     -0.10719222	     23.24839255	     -2.13132877	    -15.02783269	     17.45352001	      0.30462139	     -3.56197980	      1.77653251	     -7.50006041	    -15.95322625	      1.81805374	    -11.71850637	     20.44696085	      0.35686679	      9.84766350	      7.09390873	     -7.50006041	    -17.01844780	     -0.06990151	     -6.01257687	     -3.41617027	     -2.19913599	    -39.22108427	     49.11522891	    106.05311638	     21.65339651	     -7.34066622	    -18.89443057	     43.49806728	     83.96479911
      0.99000000	     -1.31043282	      3.77489169	     92.62312431	     -0.23721613	      0.93639971	     -0.12104171	     23.05268118	     -1.44205076	    -13.32705468	     18.75783392	      0.32738596	     -3.94786215	      0.07474525	     -7.50005609	    -16.20382615	      1.27841908	    -11.50392818	     21.96787417	      0.38341173	      8.12471023	      6.36508864	     -7.50005609	    -16.92031027	      0.32207045	     -5.52477528	     -3.39942137	     -2.46908714	    -39.06484013	     48.22801580	    106.70850176	     21.09441997	     -6.90365583	    -19.45471314	     43.69671910	     83.85877231
      1.00000000	     -1.12370938	      4.14069302	     92.15671368	     -0.23586512	      0.93714786	     -0.13495708	     22.65216470	     -0.93727351	    -11.78409720	     20.14863985	      0.35166011	     -4.79642543	     -1.18164107	     -7.50005261	    -16.68271300	      1.13841117	    -10.87936369	     23.27633575	      0.40624870	      5.63455869	      4.22665110	     -7.50005261	    -17.05265377	      0.54878590	     -4.94962710	     -3.27750948	     -2.70056467	    -39.09015494	     47.30571395	    107.17578474	     20.46929794	     -6.48856829	    -19.91921747	     43.95520307	     83.37578476
      1.01000000	     -0.61682028	      4.52499775	     91.83316456	     -0.23405314	      0.93832658	     -0.14895257	     21.97167282	     -0.04436287	    -10.30496794	     21.16236912	      0.36935302	     -5.36939832	     -3.86229834	     -7.50005125	    -16.87414522	      0.44390725	    -10.57049499	     25.09457936	      0.43798303	      2.76616569	      2.24473726	     -7.50005125	    -17.21517354	      1.08476364	     -4.44476637	     -3.07785290	     -2.86837493	    -39.14623137	     46.25678965	    107.81361429	     19.77749513	     -6.07120002	    -20.55524791	     44.18855313	     83.12170583
      1.02000000	     -0.03294518	      4.99301745	     91.47748978	     -0.23192161	      0.93988716	     -0.16301954	     21.13772796	      1.00575742	     -8.84853406	     22.07454741	      0.38527353	     -5.68723637	     -6.52139554	     -7.50004897	    -17.01398300	     -0.53539348	    -10.88062636	     27.08301706	      0.47268782	     -0.59610034	      1.08809421	     -7.50004897	    -17.45724989	      1.64737661	     -4.00480731	     -2.75416621	     -3.02460380	    -39.04030574	     45.05364091	    107.80387130	     18.90162992	     -5.79385947	    -21.09097739	     44.51099082	     82.38528419
      1.03000000	      0.54320270	      5.48775090	     91.20116566	     -0.22975375	      0.94172214	     -0.17697848	     20.11627703	      2.05483900	     -7.70641387	     22.78658150	      0.39770087	     -5.13349936	     -8.15068588	     -7.50004520	    -16.88691502	     -1.46163938	    -10.81460201	     29.49825246	      0.51484163	     -4.14140876	     -0.52040362	     -7.50004520	    -17.71252747	      2.19811666	     -3.50956061	     -2.50966960	     -3.15555127	    -39.02104039	     43.96843082	    108.73823805	     18.26412676	     -5.48890108	    -21.77711176	     44.28271995	     83.58756482
      1.04000000	      0.91185804	      5.87116313	     91.09269846	     -0.22815762	      0.94349887	     -0.19037874	     19.18143511	      2.78130058	     -6.82731970	     23.56423489	      0.41127348	     -4.05735388	     -8.93703619	     -7.50004216	    -16.33821388	     -2.14695074	    -10.32969021	     32.15368600	      0.56118769	     -8.57720604	     -2.55306767	     -7.50004216	    -17.92363366	      2.57962188	     -3.28003265	     -2.14125714	     -3.23605314	    -39.04084633	     42.93433130	    109.36161444	     17.59142993	     -5.20486063	    -22.57237548	     44.17308977	     84.27662291
      1.05000000	      1.44616594	      6.11316623	     91.08192479	     -0.22663201	      0.94499169	     -0.20376352	     18.26674912	      3.63934157	     -6.14335786	     24.08095687	      0.42029198	     -3.00800340	     -9.75065556	     -7.50003820	    -15.33847457	     -3.11133908	     -9.86797052	     35.20098278	      0.61437305	    -13.05996174	     -3.89361022	     -7.50003820	    -17.97605680	      3.15277726	     -3.03010904	     -1.90699579	     -3.37582548	    -38.92271040	     42.08963502	    109.58010278	     16.85655163	     -4.96112323	    -23.04599744	     44.08898454	     84.53566593
      1.06000000	      1.90274922	      6.22942594	     91.20425135	     -0.22556212	      0.94630797	     -0.21674042	     17.41944303	      4.27118271	     -5.92929524	     24.38838452	      0.42565761	     -1.95059644	    -10.21384564	     -7.50003649	    -13.99705255	     -3.96190807	     -8.97567107	     38.42614669	      0.67066278	    -16.76248715	     -5.07475988	     -7.50003649	    -17.94056671	      3.69825248	     -2.89624728	     -1.73515237	     -3.54777486	    -38.59485759	     41.46316117	    109.15757418	     16.10791215	     -4.71694908	    -23.35747067	     44.00957751	     83.50286713
      1.07000000	      2.19885630	      6.32608358	     91.26189646	     -0.22455991	      0.94752496	     -0.22949300	     16.59997214	      4.73703815	     -5.67320164	     24.72499486	      0.43153257	     -0.65862535	    -10.18310343	     -7.50003463	    -12.55895067	     -4.52720759	     -7.97354092	     41.59019467	      0.72588583	    -19.39245946	     -4.99362717	     -7.50003463	    -17.90134940	      4.01138811	     -2.51299269	     -1.75813476	     -3.70521227	    -38.26282891	     41.11345528	    107.99988863	     15.56641577	     -4.49143701	    -23.39242745	     43.61671881	     83.02215644
      1.08000000	      2.66506792	      6.49094873	     91.42519062	     -0.22398256	      0.94897555	     -0.24174559	     15.54394636	      5.33730863	     -5.67368169	     24.64564427	      0.43014764	      0.17386529	    -10.23152167	     -7.50003334	    -11.03249617	     -5.32325557	     -7.19783036	     44.87250565	      0.78317297	    -22.03907706	     -6.15029310	     -7.50003334	    -18.01118592	      4.58869816	     -2.25021884	     -1.60273080	     -3.92611515	    -37.94733060	     40.75871110	    107.45688881	     15.17035430	     -4.22528024	    -23.56785882	     42.91478945	     82.77989333
      1.09000000	      3.11198581	      5.98945276	     91.90343680	     -0.22402508	      0.94939882	     -0.25375612	     15.22690707	      5.73268982	     -6.25586858	     24.54126717	      0.42832591	      0.75514168	    -10.25233773	     -7.50002908	     -8.54374337	     -6.06192835	     -6.13195212	     48.32595424	      0.84344702	    -24.89180629	     -9.37877666	     -7.50002908	    -17.28216678	      5.27573035	     -2.45041468	     -1.46813992	     -4.09307750	    -37.89526861	     40.58159566	    110.34574547	     14.75587275	     -3.54287316	    -25.46476465	     42.03950816	     84.52792670
      1.10000000	      3.34851453	      6.29041064	     92.04333289	     -0.22345817	      0.95133146	     -0.26562634	     13.86805818	      6.09013819	     -6.32823232	     24.13006016	      0.42114900	      1.61813688	    -10.04318293	     -7.50002850	     -7.14529350	     -6.65330011	     -5.76793846	     51.13920164	      0.89254745	    -27.46957321	    -10.94280672	     -7.50002850	    -17.64255875	      5.54486395	     -2.03946785	     -1.26291575	     -4.26626215	    -37.72005417	     40.29223162	    110.11409138	     14.44643833	     -3.37384753	    -25.42872819	     41.36866373	     84.49330828
      1.11000000	      3.51425973	      5.91548329	     92.55256450	     -0.22379447	      0.95245809	     -0.27689463	     13.30546221	      6.14032574	     -7.13439872	     23.76116683	      0.41471060	      2.23994860	     -9.30407552	     -7.50002722	     -4.74486009	     -7.04182343	     -4.89683801	     54.02338079	      0.94288587	    -30.24754309	    -15.09123730	     -7.50002722	    -17.25063472	      5.88012991	     -2.02336016	     -1.29280288	     -4.38077290	    -37.55108640	     40.52703666	    110.18298869	     14.20321821	     -2.98743223	    -26.00009830	     40.34303815	     84.68537993
      1.12000000	      3.52327650	      5.79702313	     92.88529066	     -0.22372084	      0.95421801	     -0.28792203	     12.36126116	      6.11715298	     -7.73752080	     23.16218022	      0.40425631	      2.83505880	     -8.47538006	     -7.50002626	     -2.72002395	     -7.30797890	     -4.45406216	     56.52510884	      0.98654926	    -31.35636216	    -17.82315946	     -7.50002626	    -17.22701224	      5.95603872	     -1.86073788	     -1.07617631	     -4.50594765	    -37.38198326	     40.48010830	    110.24723356	     14.03132773	     -2.74171841	    -26.51379013	     39.37428509	     84.84646700
      1.13000000	      3.51815482	      5.79650963	     93.09371422	     -0.22336033	      0.95615383	     -0.29886947	     11.24986307	      6.16248297	     -8.07347576	     22.48065777	      0.39236150	      3.36654679	     -7.88133062	     -7.50002598	     -0.88434209	     -7.56256544	     -4.25149579	     58.78806097	      1.02604522	    -30.58401789	    -20.22334625	     -7.50002598	    -17.35737451	      5.95730014	     -1.58919455	     -0.78168677	     -4.63298733	    -37.25679585	     40.44648715	    110.57924291	     13.86308476	     -2.60582861	    -26.83806303	     38.36820727	     85.00357301
      1.14000000	      3.51287006	      5.29817445	     93.75940445	     -0.22366050	      0.95719944	     -0.30923550	     10.80231813	      6.04271559	     -8.98323301	     21.97939446	      0.38361280	      3.99691264	     -6.88140713	     -7.50002500	      1.76256781	     -7.68895136	     -3.48556042	     61.11623747	      1.06667957	    -28.57671738	    -22.55351385	     -7.50002500	    -16.92222790	      6.04874894	     -1.71674944	     -0.67953502	     -4.72114116	    -37.00114860	     40.70374096	    110.42711319	     13.78757418	     -2.42025885	    -27.48992496	     37.12999636	     85.00477848
      1.15000000	      3.37902910	      5.12783241	     94.01438849	     -0.22324199	      0.95877320	     -0.31973910	      9.98819641	      5.96468400	     -9.25248920	     21.46492189	      0.37463356	      4.47455990	     -6.38823662	     -7.50002446	      3.86581729	     -7.66287817	     -3.21600166	     62.99778011	      1.09951868	    -25.83801006	    -24.79254276	     -7.50002446	    -16.91730360	      5.85751399	     -1.51620733	     -0.39323037	     -4.76737198	    -36.83134045	     40.76429496	    110.40956034	     13.59740838	     -2.36669432	    -27.93458682	     36.19903158	     85.01547217
      1.16000000	      3.35458013	      4.64339109	     94.50641862	     -0.22321683	      0.95973217	     -0.32997035	      9.50332369	      5.92048730	     -9.83574646	     20.84903797	      0.36388436	      4.98946811	     -5.73491061	     -7.50002372	      6.46998065	     -7.53568866	     -2.41858146	     64.72799957	      1.12971671	    -23.22412334	    -26.56322451	     -7.50002372	    -16.54578180	      5.84142475	     -1.50723618	     -0.17862302	     -4.87761679	    -36.60194473	     41.02765518	    110.37080695	     13.42467831	     -2.30439895	    -28.49751782	     35.12405082	     85.06094924
      1.17000000	      3.02827090	      4.60283821	     94.63498115	     -0.22274544	      0.96157784	     -0.34022237	      8.54093216	      5.73459172	     -9.56314532	     20.30425930	      0.35437618	      5.28075021	     -5.56609799	     -7.50002367	      8.30633534	     -7.12743096	     -2.19968891	     65.77033568	      1.14790891	    -21.10340168	    -28.42728240	     -7.50002367	    -16.77853958	      5.42217889	     -1.34199599	      0.25274049	     -4.90248894	    -36.46048074	     41.20473764	    110.60709501	     13.12108996	     -2.41943816	    -28.74659087	     34.44546825	     85.12545598
      1.18000000	      2.85093310	      4.41698365	     94.73627029	     -0.22208493	      0.96296168	     -0.35056553	      7.75818689	      5.68647910	     -9.51410627	     19.74911050	      0.34468700	      5.57729444	     -5.35023150	     -7.50002363	     10.25403534	     -6.90240794	     -2.05750224	     66.48995728	      1.16046867	    -19.13761926	    -30.01681141	     -7.50002363	    -16.79120974	      5.14716692	     -1.12389577	      0.61667287	     -4.94807509	    -36.31256182	     41.47440659	    110.81296727	     12.76280265	     -2.54483472	    -29.04089603	     33.69787943	     85.17282965
      1.19000000	      2.84403790	      3.79177306	     95.00930361	     -0.22179224	      0.96332642	     -0.36105472	      7.50803631	      5.73986699	     -9.73820994	     19.32307980	      0.33725136	      6.16365460	     -5.09951770	     -7.50001997	     12.75013771	     -6.79905338	     -1.79086490	     67.11307540	      1.17134414	    -16.90542080	    -30.86418415	     -7.50001997	    -16.14218744	      5.07876876	     -0.99118835	      0.49741906	     -5.26491897	    -35.23562262	     42.04933204	    108.14225680	     12.65333786	     -2.33557016	    -30.29273933	     32.34227541	     82.60189699
      1.20000000	      2.62143401	      3.36797026	     94.84125694	     -0.22114621	      0.96406440	     -0.37139209	      7.02779896	      5.63021424	     -9.36092748	     18.89925968	      0.32985431	      6.58650549	     -4.89124081	     -7.50001419	     14.74789411	     -6.48428730	     -2.01400286	     67.19268395	      1.17273357	    -14.56883116	    -31.53843573	     -7.50001419	    -15.87153011	      4.72276946	     -0.66028180	      0.93440730	     -5.36821578	    -35.28136824	     42.24727172	    110.39233999	     12.25517296	     -2.21469631	    -31.91176120	     31.61766107	     84.72507927
      1.21000000	      2.38071311	      3.41535095	     94.66356905	     -0.22032419	      0.96547540	     -0.38216526	      5.87579248	      5.54537275	     -9.20215349	     18.20826064	      0.31779410	      6.93698855	     -4.41834347	     -7.50001237	     16.04003052	     -6.26793340	     -2.38193552	     66.83181745	      1.16643526	    -12.36104863	    -31.84472994	     -7.50001237	    -16.10635917	      4.36891380	     -0.31137105	      1.15075165	     -5.56919677	    -34.55348704	     42.83870347	    108.70240688	     11.72743134	     -2.35278782	    -32.26662515	     31.10893088	     83.39282408
      1.22000000	      1.99956163	      3.27392124	     94.37398490	     -0.21938554	      0.96653818	     -0.39286555	      5.03531281	      5.23214757	     -9.20381964	     17.73917489	      0.30960701	      7.37753299	     -3.52469167	     -7.50000857	     17.41010362	     -5.92192514	     -2.95486477	     66.14400835	      1.15443073	    -10.23390132	    -31.84281535	     -7.50000857	    -16.14151877	      3.81522347	      0.02573252	      1.59596274	     -5.62166502	    -34.40161809	     43.14418479	    110.02845523	     11.20482103	     -2.43305450	    -33.42924336	     30.49286677	     84.35757257
      1.23000000	      1.66858555	      3.35548864	     94.04250133	     -0.21846416	      0.96769789	     -0.40355917	      3.88513489	      5.00264777	     -9.13632085	     17.10330278	      0.29850895	      7.74938454	     -2.76688425	     -7.50000747	     18.41770893	     -5.65141808	     -3.57314924	     65.10503553	      1.13629723	     -8.53421039	    -31.71326226	     -7.50000747	    -16.44839631	      3.33840872	      0.41263490	      1.85115234	     -5.86231114	    -33.53121629	     43.76358272	    107.95141321	     10.50621955	     -2.64000858	    -33.59083378	     30.26364312	     83.02023954
      1.24000000	      1.31279767	      3.35518646	     93.68663893	     -0.21743396	      0.96856119	     -0.41418986	      2.89820582	      4.71562182	     -9.11200538	     16.59919312	      0.28971057	      8.16108856	     -2.01086118	     -7.50000644	     19.37644690	     -5.37800940	     -4.26385157	     63.66606813	      1.11118251	     -7.48408779	    -31.45618904	     -7.50000644	    -16.64778622	      2.81055166	      0.80212039	      2.12822916	     -6.08541316	    -32.72386255	     44.38378630	    106.05646871	      9.86515629	     -2.82521218	    -34.05818517	     29.95066933	     81.35553615
      1.25000000	      1.10985752	      3.09743598	     93.35654465	     -0.21652536	      0.96868154	     -0.42484163	      2.28832209	      4.46610874	     -9.65965059	     16.30069584	      0.28450081	      8.89813049	     -0.20988353	     -7.50000506	     20.59561261	     -5.25136441	     -4.92321266	     62.05665333	      1.08309292	     -7.02126897	    -30.87535073	     -7.50000506	    -16.50351402	      2.45277591	      1.07194365	      2.71363057	     -6.16018365	    -32.73182146	     44.58237089	    108.82713077	      9.13471873	     -2.88431281	    -35.33938064	     29.66795686	     82.62309085
      1.26000000	      0.83342277	      3.24625819	     92.80262569	     -0.21532522	      0.96938771	     -0.43600614	      1.10954317	      4.25104848	     -9.51123025	     15.77921427	      0.27539924	      9.12918714	      0.49694290	     -7.50000466	     21.00637653	     -5.16532200	     -5.90040656	     59.80044488	      1.04371466	     -6.70031897	    -30.22236072	     -7.50000466	    -16.80410232	      1.97362780	      1.65119883	      3.03872805	     -6.34633749	    -32.23905480	     45.11234617	    108.11825915	      8.35755082	     -3.08785504	    -35.72452797	     29.48688644	     82.21808595
      1.27000000	      0.61170779	      3.32099431	     92.22837998	     -0.21401572	      0.96960210	     -0.44674403	      0.09011148	      4.07002246	     -9.32905244	     15.34783978	      0.26787034	      9.45876034	      0.95513911	     -7.50000385	     21.44973730	     -5.19515043	     -7.05149548	     57.35017376	      1.00094936	     -6.58513324	    -29.47108156	     -7.50000385	    -17.04403094	      1.55963649	      2.20821912	      3.25426290	     -6.67602769	    -31.20861051	     45.94637005	    105.75372150	      7.70457306	     -3.21939475	    -36.27728094	     29.19105184	     80.44187349
      1.28000000	      0.52436528	      3.27211821	     91.84190965	     -0.21337055	      0.96940384	     -0.45758563	     -0.69950296	      3.85192672	    -10.18349796	     15.14290583	      0.26429357	     10.10987593	      3.39229332	     -7.50000297	     22.04230207	     -5.11119294	     -7.74376682	     54.75994084	      0.95574127	     -6.27022530	    -28.55561278	     -7.50000297	    -17.13618038	      1.38461359	      2.48765235	      3.86673179	     -6.83792291	    -31.08465135	     46.27238171	    107.87144367	      6.90009853	     -3.19664854	    -37.74348524	     29.11117009	     81.92705316
      1.29000000	      0.47221346	      3.40513727	     91.36469148	     -0.21238693	      0.96922405	     -0.46861949	     -1.80972593	      3.80314088	    -10.33039897	     14.68990555	      0.25638722	     10.50054387	      4.29200307	     -7.50000275	     22.26191989	     -5.13971170	     -8.62400307	     51.86405237	      0.90519848	     -5.92600331	    -27.39844595	     -7.50000275	    -17.38326702	      1.18248758	      2.97780327	      4.18103805	     -7.19257325	    -30.23281821	     46.81450828	    106.19460398	      6.10932300	     -3.34537171	    -38.05531894	     28.94379232	     80.55354856
      1.30000000	      0.52249940	      3.59779937	     90.81463247	     -0.21141092	      0.96887385	     -0.47972226	     -2.93845901	      3.80867325	    -10.62475130	     14.35531402	      0.25054749	     10.94354716	      5.62106660	     -7.50000247	     22.26250385	     -5.32418205	     -9.71812889	     48.67876483	      0.84960472	     -5.59342383	    -25.96887938	     -7.50000247	    -17.70505954	      1.09313244	      3.51971369	      4.53360510	     -7.50892546	    -29.61389604	     47.45879547	    105.54652451	      5.27890850	     -3.36728468	    -38.72852401	     28.95725239	     79.81586792
      1.31000000	      0.58450544	      3.72782294	     90.34632904	     -0.21085431	      0.96819301	     -0.49077733	     -4.02647085	      3.82279819	    -10.90964875	     13.92342341	      0.24300958	     11.40392671	      6.76341952	     -7.50000217	     22.33255107	     -5.30046300	    -10.45799149	     45.35921488	      0.79166765	     -5.37269906	    -24.65109790	     -7.50000217	    -17.91765932	      1.07891325	      3.94474796	      4.89282038	     -7.91219008	    -28.88037482	     48.05336976	    104.94989349	      4.48925867	     -3.34222137	    -39.55685257	     28.81911708	     79.04382546
      1.32000000	      0.80866839	      3.77904595	     89.89987310	     -0.20974512	      0.96717510	     -0.50192844	     -4.97704875	      4.00866166	    -11.36108430	     13.64429260	      0.23813783	     11.77789752	      8.02919709	     -7.50000190	     22.42856469	     -5.52199204	    -11.34401410	     41.94687102	      0.73211101	     -4.95725141	    -22.83039901	     -7.50000190	    -18.05789358	      1.14586545	      4.46252510	      5.20908730	     -8.19553531	    -28.30669164	     48.61734961	    104.22729371	      3.78150073	     -3.35009487	    -40.45538098	     28.62825135	     78.40300832
      1.33000000	      0.94103162	      3.74708581	     89.23499675	     -0.20912019	      0.96586853	     -0.51279865	     -5.66029404	      4.01097614	    -11.41233777	     13.70527694	      0.23920221	     12.24757176	      8.97978008	     -7.50000125	     22.47705947	     -5.57651841	    -12.32178232	     38.32475702	      0.66889319	     -4.47906499	    -20.53916173	     -7.50000125	    -18.12438264	      1.17878273	      5.04222703	      5.73379210	     -8.47956228	    -28.15010373	     49.06017973	    107.18052869	      3.06661711	     -3.19106720	    -42.09960288	     28.47521984	     81.36410444
      1.34000000	      1.00741780	      3.87745943	     88.65909104	     -0.20857029	      0.96467595	     -0.52388277	     -6.58743067	      3.96271355	    -11.47788183	     13.64772185	      0.23819768	     12.78863401	      9.70316852	     -7.50000121	     22.30930819	     -5.51181421	    -13.32925595	     34.67037795	      0.60511225	     -4.07001520	    -17.45780475	     -7.50000121	    -18.36858585	      1.13825422	      5.61045158	      6.05851190	     -8.90668681	    -27.46504969	     49.66536621	    105.90822099	      2.28335580	     -3.16807894	    -42.42481989	     28.38536552	     79.88547871
      1.35000000	      1.56337353	      3.52179918	     88.45707396	     -0.20897970	      0.96245016	     -0.53413834	     -6.83596796	      4.46704681	    -11.66307768	     13.82869360	      0.24135623	     12.99473690	      9.83766597	     -7.50000121	     22.94765955	     -5.61335077	    -13.19322441	     31.33707598	      0.54693515	     -4.15155067	    -16.11199781	     -7.50000121	    -18.19296179	      1.83658469	      5.90152271	      6.60795225	     -9.23188213	    -27.43588297	     50.18759069	    106.15411009	      1.50569170	     -3.05860233	    -42.62845732	     28.17834682	     79.96567839
      1.36000000	      1.09422698	      3.76016753	     87.62608394	     -0.20834125	      0.96151371	     -0.54561592	     -7.71154977	      3.68246332	    -11.70367179	     14.16415600	      0.24721116	     13.99121766	     10.93239133	     -7.50000118	     22.23475347	     -5.11431764	    -15.28536433	     27.30331727	      0.47653278	     -3.14651809	     -9.93174872	     -7.50000118	    -18.44030431	      1.11327214	      6.53994882	      6.94559689	     -9.63756702	    -26.68184887	     50.44590895	    106.35399443	      0.87592052	     -3.01207750	    -43.70988200	     27.90163283	     80.07300472
      1.37000000	      1.17557841	      3.75406022	     87.23429537	     -0.20839883	      0.95993469	     -0.55650199	     -8.36938755	      3.61624321	    -11.73819933	     14.34361065	      0.25034323	     14.30268734	     11.18366418	     -7.50000111	     22.09675503	     -4.88798682	    -16.20802488	     23.75202553	      0.41455105	     -2.59009583	     -5.19497760	     -7.50000111	    -18.56639133	      1.16563856	      6.92763480	      7.35545906	     -9.92369139	    -26.38498843	     50.91934053	    106.24180790	      0.37222045	     -2.85380286	    -44.71920431	     27.57179025	     80.04200623
      1.38000000	      1.16808313	      3.62600121	     86.83680507	     -0.20885730	      0.95815458	     -0.56723955	     -8.74088021	      3.38738909	    -11.84355515	     14.80469603	      0.25839069	     14.80559503	     11.51183393	     -7.50000105	     22.04084600	     -4.48192617	    -16.93182403	     20.30827981	      0.35444635	     -2.31472680	     -1.32933457	     -7.50000105	    -18.54928295	      1.16674523	      7.21935149	      7.82610349	    -10.28242003	    -25.92587810	     51.21914984	    105.78353760	     -0.20158549	     -2.59962799	    -45.81859553	     27.40606753	     80.02858511
      1.39000000	      1.07559411	      3.45829309	     86.40707099	     -0.20922739	      0.95636683	     -0.57787571	     -9.03000005	      3.11941880	    -11.47548201	     15.30397231	      0.26710471	     15.19557110	     11.11059848	     -7.50000097	     21.99881491	     -4.00142649	    -17.57184546	     17.04915619	      0.29756391	     -2.22825521	      2.32777524	     -7.50000097	    -18.53410874	      1.03661054	      7.62468387	      8.21133938	    -10.60861995	    -25.56135231	     51.57983586	    104.05162272	     -0.60904477	     -2.37117873	    -46.57821014	     27.13576676	     77.92878847
      1.40000000	      1.41005166	      3.12216060	     86.36632014	     -0.21039718	      0.95407456	     -0.58830502	     -9.19162686	      3.36490688	    -11.43142937	     15.72418634	      0.27443882	     15.37160052	     11.06792609	     -7.50000098	     22.33924280	     -3.78935705	    -16.95891064	     14.42671926	      0.25179375	     -2.18844539	      3.67780507	     -7.50000098	    -18.34287773	      1.58322710	      7.59035360	      8.83248675	    -10.82717916	    -25.53385954	     51.81236883	    104.43599711	     -1.20714569	     -2.21335892	    -46.78531116	     26.65765514	     78.08633208
      1.41000000	      0.87882397	      2.83993568	     85.65996787	     -0.21063931	      0.95208513	     -0.59946820	     -9.00320578	      2.41582973	    -11.24148747	     16.99422167	      0.29660512	     16.11434314	     11.02423727	     -7.50000081	     22.19642958	     -3.01733616	    -18.10602306	     11.61752985	      0.20276415	     -2.67592274	      6.85274808	     -7.50000081	    -18.02609321	      0.90236123	      8.02852268	      9.30949569	    -11.12237131	    -25.05009616	     51.56339769	    104.76305713	     -1.50227933	     -1.87771528	    -48.89874276	     26.35345375	     77.63095413
      1.42000000	      0.48586048	      2.51171174	     85.22286197	     -0.21206139	      0.94991372	     -0.61046538	     -8.80365584	      1.65687322	    -10.90561063	     18.13036739	      0.31643461	     16.61460526	     10.77114085	     -7.50000074	     22.12828575	     -2.19507641	    -18.60590786	      9.07336353	      0.15836007	     -3.27464668	      8.52224527	     -7.50000074	    -17.71309976	      0.55898403	      8.26829180	      9.77541125	    -11.40070922	    -24.96840338	     51.54769572	    104.86282607	     -1.91940004	     -1.54514920	    -49.97027973	     26.03779153	     77.49553122
      1.43000000	      0.41919018	      2.23283057	     84.80153301	     -0.21230526	      0.94783304	     -0.62178954	     -8.78572351	      1.32423923	    -10.60831497	     19.06092197	      0.33267585	     16.81885781	     10.69741472	     -7.50000066	     22.44384448	     -1.97396709	    -18.97823989	      8.16143411	      0.14244390	     -3.51927526	      9.31831370	     -7.50000066	    -17.40470517	      0.45213101	      8.43803135	     10.35805799	    -11.43105571	    -24.94257982	     51.26178859	    105.15960750	     -2.31418046	     -1.36645032	    -51.22213124	     25.58019101	     77.28598150
      1.44000000	      0.17444999	      2.05827193	     84.37940697	     -0.21278794	      0.94590105	     -0.63352434	     -8.87310862	      0.79415160	    -10.07578208	     19.99748700	      0.34902199	     16.92090706	     10.39322025	     -7.50000057	     22.70005244	     -1.64385555	    -19.69639652	      7.87749294	      0.13748819	     -3.58638567	      9.94978027	     -7.50000057	    -17.14695829	      0.15195595	      8.62050754	     10.76884020	    -11.46983269	    -24.95946815	     51.05656076	    105.06431395	     -2.84028175	     -1.26606113	    -51.87321036	     25.23771096	     77.01073214
      1.45000000	     -0.01597537	      2.04406450	     83.98269698	     -0.21324824	      0.94418279	     -0.64578613	     -9.19782565	      0.30955303	     -9.46499934	     20.86101473	      0.36409339	     16.80040935	     10.20771020	     -7.50000051	     22.84716703	     -1.45601040	    -20.51681024	      8.38017702	      0.14626168	     -3.27157105	     10.31025503	     -7.50000051	    -16.98515336	     -0.10855482	      8.69936581	     11.21925224	    -11.43298911	    -25.02294732	     50.70717464	    105.09475099	     -3.36133957	     -1.14261595	    -52.76077827	     24.84622478	     76.89809997
      1.46000000	     -0.24765257	      2.23038172	     83.73485606	     -0.21340076	      0.94292952	     -0.65857443	     -9.88354828	     -0.19026260	     -9.02140804	     21.45587812	      0.37447572	     16.41341169	     10.18028755	     -7.50000050	     22.76451474	     -1.24901005	    -21.15579045	      9.33978206	      0.16300995	     -3.19108368	      9.91357087	     -7.50000050	    -16.98680246	     -0.48043630	      8.70196385	     11.40965455	    -11.30923207	    -25.13105401	     50.56993523	    105.11437908	     -3.98186913	     -1.23707610	    -52.91585904	     24.56347944	     76.92255330
      1.47000000	     -0.38398258	      2.45556568	     83.23287892	     -0.21302523	      0.94183303	     -0.67169041	    -10.55153760	     -0.61519918	     -8.16599186	     22.18279364	      0.38716279	     15.96458429	      9.92599631	     -7.50000049	     22.52274865	     -1.27479527	    -21.79254242	     10.63046528	      0.18553662	     -2.83219006	      9.44982931	     -7.50000049	    -16.97416559	     -0.84328951	      8.89610795	     11.82543759	    -11.09938684	    -25.47501787	     49.91972649	    105.20892742	     -4.58865556	     -1.25643362	    -53.27325872	     24.22780960	     77.02512553
      1.48000000	     -0.62119097	      2.68561781	     83.06912759	     -0.21309262	      0.94093075	     -0.68528392	    -11.32659674	     -1.12507289	     -7.77637311	     22.72436224	      0.39661494	     15.17010304	      9.91566301	     -7.50000048	     22.07229396	     -1.05180255	    -22.24610883	     11.79763467	      0.20590757	     -2.96250672	      9.01631778	     -7.50000048	    -16.90166850	     -1.24982919	      8.81726876	     11.84390311	    -10.90704070	    -25.65888551	     49.64720670	    105.24021936	     -5.16995774	     -1.38730429	    -53.51087711	     23.88017275	     77.03628784
      1.49000000	     -0.78655135	      3.02911776	     82.74568384	     -0.21274884	      0.94019666	     -0.69941617	    -12.26831694	     -1.60824076	     -7.28181710	     23.20844477	      0.40506378	     14.21210631	      9.98360250	     -7.50000048	     21.38709590	     -0.93954239	    -22.45272418	     13.11532543	      0.22890561	     -3.06658784	      8.44117746	     -7.50000048	    -16.85337482	     -1.66199137	      8.89871714	     11.83585786	    -10.69400453	    -25.91221218	     49.21933469	    105.26853173	     -5.77169279	     -1.51276382	    -53.75461657	     23.51392918	     77.04449377
      1.50000000	     -1.01313651	      3.36169852	     82.68103570	     -0.21309512	      0.93973160	     -0.71335800	    -13.13986696	     -2.13030196	     -6.95927873	     23.77042351	      0.41487215	     12.87468023	      9.98224365	     -7.50000047	     20.75245874	     -0.70642625	    -23.16103215	     14.20468837	      0.24791858	     -4.67090143	      7.70132150	     -7.50000047	    -16.86636590	     -2.04468143	      8.65204785	     11.92522446	    -10.46139863	    -26.24518728	     48.72751458	    105.29787212	     -6.25142928	     -1.61509489	    -53.95645684	     23.17239792	     77.06201467
      1.51000000	     -1.25904771	      3.95329765	     82.51631406	     -0.21324595	      0.94001497	     -0.72759573	    -14.26888215	     -2.69866730	     -6.38979069	     24.27307985	      0.42364516	     11.01832466	      9.46056676	     -7.50000046	     19.87152929	     -0.32052994	    -23.10933250	     14.87125222	      0.25955232	     -6.43161300	      5.85320247	     -7.50000046	    -17.03984352	     -2.47198664	      8.32706658	     12.39283402	    -10.02073358	    -27.02806816	     47.55667735	    105.39820927	     -6.74696441	     -1.71095066	    -54.37743790	     22.62008703	     77.11865825
      1.52000000	     -1.95046121	      4.29873135	     82.84059871	     -0.21446520	      0.94049379	     -0.74133567	    -14.92141006	     -3.68900028	     -6.51324349	     25.13100171	      0.43861872	      9.28883363	      9.26505189	     -7.50000044	     19.19511462	      0.84359274	    -21.65366524	     15.09726560	      0.26349699	     -7.38317976	      3.55906637	     -7.50000044	    -17.10225363	     -3.31489125	      7.73409148	     12.72879581	     -9.37216459	    -28.55138998	     46.50531045	    105.81137813	     -6.76254293	     -1.91253180	    -55.12211093	     22.02348120	     77.36162866
      1.53000000	     -2.39352754	      4.45720282	     83.09292835	     -0.21546169	      0.94108210	     -0.75498209	    -15.23788453	     -4.45522685	     -6.87961897	     26.18990444	      0.45710006	      6.94925959	      9.20444893	     -7.50000043	     18.85230991	      1.50017500	    -20.77973101	     15.99396101	      0.27914728	     -7.43480485	      3.08631672	     -7.50000043	    -17.02033271	     -3.84115784	      7.17068845	     12.73243333	     -9.13837757	    -29.04449237	     45.92304838	    105.98195777	     -6.93524140	     -2.04036970	    -55.28327150	     21.56184074	     77.44999920
      1.54000000	     -3.24439106	      4.75811087	     83.36846591	     -0.21690442	      0.94204932	     -0.76923676	    -15.63247951	     -5.54165348	     -6.64975067	     27.35325253	      0.47740432	      4.52729616	      8.21148071	     -7.50000041	     18.14627010	      2.72608615	    -19.83487765	     16.65817903	      0.29074007	     -7.19522933	      1.58357080	     -7.50000041	    -16.91090250	     -4.76360584	      6.52842107	     12.78599162	     -8.71889902	    -30.03045987	     44.97722598	    106.20903016	     -6.97847846	     -2.24598826	    -55.66541670	     20.84366704	     77.58263090
      1.55000000	     -3.87458280	      5.18040993	     83.64059348	     -0.21803856	      0.94358828	     -0.78356134	    -16.07138542	     -6.46413606	     -6.75500375	     28.60449867	      0.49924268	      1.64022474	      7.56319414	     -7.50000040	     17.36321478	      3.63137802	    -19.02483435	     17.71527364	      0.30918985	     -5.91399294	     -0.24985897	     -7.50000040	    -17.02269597	     -5.49637036	      6.00214070	     12.72180509	     -8.37870314	    -31.07130385	     44.23931007	    106.41078079	     -6.98987817	     -2.46162678	    -55.83024743	     20.32692666	     77.71816257
      1.56000000	     -4.44956095	      5.60071110	     83.86813380	     -0.21933417	      0.94511378	     -0.79802774	    -16.31597131	     -7.37362356	     -6.79308037	     30.10843177	      0.52549127	     -1.74815109	      6.75423726	     -7.50000031	     16.59944474	      4.59000219	    -17.66056061	     18.78249922	      0.32781645	     -4.98391433	     -2.40416566	     -7.50000031	    -17.09309550	     -6.14784778	      5.52301418	     12.76511225	     -7.87829910	    -32.81528046	     43.31358227	    107.46709950	     -7.13873767	     -2.58072657	    -55.44597839	     20.00952585	     77.97496042
      1.57000000	     -4.86498638	      5.82969144	     84.06503819	     -0.22093478	      0.94638547	     -0.81235754	    -16.05135263	     -8.15358934	     -6.71628251	     32.04382704	      0.55927029	     -5.91681643	      5.70729256	     -7.50000024	     16.08752067	      5.46115472	    -15.85884004	     19.92051126	      0.34767851	     -3.92752910	     -4.31241190	     -7.50000024	    -16.98553919	     -6.54497237	      5.16977010	     12.48673031	     -7.76594737	    -33.75380017	     42.72171602	    107.66931656	     -7.25871259	     -2.64069299	    -54.81464831	     19.73347196	     78.22066378
      1.58000000	     -5.08855060	      5.89036941	     84.19559244	     -0.22247637	      0.94728686	     -0.82627693	    -15.34042446	     -8.66833605	     -6.23048745	     34.23846764	      0.59757399	    -10.83715239	      3.93633860	     -7.50000018	     15.66825559	      6.10399314	    -14.13974034	     20.98275735	      0.36621820	     -2.76940984	     -6.20724751	     -7.50000018	    -16.76390656	     -6.72644532	      4.93977462	     12.14646328	     -7.77300296	    -34.53793847	     42.24154625	    107.82863278	     -7.32548286	     -2.65114262	    -53.86000903	     19.58589121	     78.10159975
      1.59000000	     -5.32160667	      5.91456329	     84.08541015	     -0.22357017	      0.94819536	     -0.84002060	    -14.35359809	     -9.18230934	     -5.28230168	     36.49598769	      0.63697515	    -15.56076554	      1.61654188	     -7.50000013	     15.11069111	      6.74120829	    -12.74463985	     21.65787897	      0.37800130	     -1.83741807	     -8.11929198	     -7.50000013	    -16.49533464	     -6.97563443	      4.92858948	     11.76173511	     -7.85455158	    -35.06946119	     41.77683154	    107.78070819	     -7.03588864	     -2.52676111	    -54.50220149	     19.31090916	     78.26758166
      1.60000000	     -5.40154451	      5.73156747	     84.02662533	     -0.22439008	      0.94876668	     -0.85301178	    -12.86444718	     -9.40853784	     -4.19365990	     39.07178150	      0.68193123	    -19.18286084	     -0.06978121	     -7.50000009	     14.75970350	      7.12350319	    -11.71357133	     22.25701220	      0.38845814	     -0.79996115	     -9.22601537	     -7.50000009	    -16.07194745	     -7.06441886	      4.86414157	     11.54847881	     -7.88634506	    -35.70530392	     41.08005712	    107.25855385	     -7.16648139	     -2.52160292	    -53.12562948	     19.66417844	     78.20302703
      1.61000000	     -5.59103180	      5.53918791	     83.86106874	     -0.22478028	      0.94932981	     -0.86572363	    -11.16636246	     -9.72865620	     -3.03529232	     41.85908324	      0.73057882	    -22.32274521	     -1.31871115	     -7.50000005	     14.22773070	      7.53606345	    -11.16271462	     22.42114895	      0.39132287	      0.29776398	     -9.70300731	     -7.50000005	    -15.69583618	     -7.32813804	      4.80547643	     11.38923292	     -7.81693776	    -36.36346391	     40.48892780	    106.85558932	     -6.99196324	     -2.49185582	    -52.91271996	     19.90059091	     78.15251054
      1.62000000	     -5.88233768	      5.75767985	     83.68644713	     -0.22499710	      0.95075457	     -0.87820276	     -9.83705896	    -10.28634486	     -2.18599986	     44.59390078	      0.77831039	    -25.44568049	     -2.58715435	     -7.50000005	     12.98024889	      8.07906878	    -11.07021882	     21.98766032	      0.38375707	      1.01724765	     -9.79860159	     -7.50000005	    -15.85292521	     -7.73554990	      4.66150529	     11.26999744	     -7.84565398	    -36.57842029	     39.99414205	    106.80707273	     -6.57179887	     -2.53455048	    -52.80852058	     19.94111529	     78.20536542
      1.63000000	     -6.11055931	      5.38767890	     83.28137213	     -0.22487654	      0.95145996	     -0.89002150	     -7.52440723	    -10.67246450	     -1.06744971	     47.68402072	      0.83224316	    -28.20055208	     -5.18082618	     -7.50000004	     12.35662687	      8.33353665	    -11.65482357	     21.46264266	      0.37459378	      1.55456940	     -9.38242107	     -7.50000004	    -15.42289920	     -8.10445960	      4.78344196	     11.18691083	     -7.74289994	    -37.17339162	     39.43843241	    106.44745801	     -6.29782609	     -2.41920005	    -52.63179458	     20.60915787	     78.35094342
      1.64000000	     -6.15815974	      5.31390681	     82.96205447	     -0.22489550	      0.95265806	     -0.90183225	     -5.61578938	    -10.92993360	     -0.32062429	     50.49153400	      0.88124351	    -30.04953324	     -7.21947334	     -7.50000004	     11.29429174	      8.45118697	    -12.28764863	     20.79637615	      0.36296524	      2.33370958	     -8.39628448	     -7.50000004	    -15.36219085	     -8.23157642	      4.75784957	     11.23882033	     -7.73719162	    -37.64898703	     38.79132573	    106.43248589	     -5.85166133	     -2.37328961	    -52.46301738	     20.97324564	     78.59882445
      1.65000000	     -6.24991873	      5.17916847	     82.68561680	     -0.22498150	      0.95389206	     -0.91329569	     -3.60096313	    -11.27352203	      0.14604636	     53.19800336	      0.92848031	    -30.42026146	     -9.18426060	     -7.50000003	     10.22559819	      8.62344801	    -13.04354760	     19.89555124	      0.34724288	      2.99334376	     -7.20574518	     -7.50000003	    -15.29830407	     -8.39553449	      4.60849775	     11.31255185	     -7.76869688	    -37.89361419	     38.17937404	    106.25859227	     -5.40217911	     -2.30633959	    -52.22486939	     21.44927251	     78.76198247
      1.66000000	     -6.10434549	      5.18140859	     82.44189634	     -0.22518887	      0.95523166	     -0.92455704	     -1.74150717	    -11.33318636	      0.56817207	     55.72974784	      0.97266759	    -29.36778759	    -11.55146422	     -7.50000003	      9.05629194	      8.57899274	    -13.67147290	     19.19813663	      0.33507069	      3.68577235	     -6.35089704	     -7.50000003	    -15.44789265	     -8.22891039	      4.41844869	     11.41918010	     -7.85445059	    -37.96954682	     37.67137910	    105.94200539	     -4.76410010	     -2.22991063	    -51.98911339	     21.74340770	     78.79719969
      1.67000000	     -6.06542724	      4.57060629	     81.81167009	     -0.22470677	      0.95579303	     -0.93532321	      1.07250853	    -11.36464340	      1.26237634	     58.27600330	      1.01710813	    -27.94161538	    -14.70834147	     -7.50000002	      8.66285551	      8.35816085	    -15.35275065	     18.61630232	      0.32491577	      4.62148845	     -3.97596843	     -7.50000002	    -14.90011271	     -8.25186342	      4.70985124	     11.53861709	     -7.85085244	    -38.58385433	     36.98102460	    105.78199026	     -4.30088864	     -2.17203949	    -51.40255279	     22.35092081	     79.35178747
      1.68000000	     -5.91129710	      4.58126010	     81.70601178	     -0.22537029	      0.95723738	     -0.94627317	      2.92634259	    -11.45633191	      1.20519465	     60.29912252	      1.05241822	    -25.72927855	    -17.02791002	     -7.50000001	      7.44620552	      8.42592923	    -15.48132837	     17.76709842	      0.31009437	      5.03127424	     -3.40697302	     -7.50000001	    -15.19282968	     -8.01612737	      4.36868399	     11.60451046	     -7.99592062	    -38.60213663	     36.72544400	    105.54264174	     -3.54946935	     -2.07048268	    -51.08391037	     22.65496423	     79.37434657
      1.69000000	     -6.02276784	      4.08824514	     81.12424329	     -0.22500136	      0.95770770	     -0.95696787	      5.70599943	    -11.49657793	      1.91223672	     62.38859840	      1.08888646	    -23.76746702	    -20.63816380	     -7.50000001	      6.93488591	      8.49344724	    -16.82054846	     17.06705168	      0.29787625	      5.51142247	     -1.70466363	     -7.50000001	    -14.75498900	     -8.17215519	      4.49013740	     11.69047240	     -7.99500381	    -38.84931143	     36.15639877	    105.56688763	     -3.16121838	     -2.06136631	    -50.22405705	     23.57079912	     79.80228391
      1.70000000	     -5.85169727	      4.01969699	     80.99615533	     -0.22533202	      0.95892063	     -0.96788535	      7.67408555	    -11.33614128	      2.02864025	     63.88992851	      1.11508961	    -21.29306108	    -23.33011221	     -7.50000001	      5.92243539	      8.51910224	    -16.94115539	     16.42180921	      0.28661464	      5.89524144	     -1.19782680	     -7.50000001	    -14.94161301	     -7.94552165	      4.29244257	     11.64536319	     -8.10914622	    -38.96359491	     35.90915673	    105.55786072	     -2.29662332	     -2.08560322	    -49.73009253	     23.88219735	     79.98295139
      1.71000000	     -5.74373642	      3.89001932	     80.91797253	     -0.22555288	      0.96000261	     -0.97879818	      9.65138406	    -11.15800588	      2.12900694	     65.02055933	      1.13482284	    -18.97212733	    -26.11481112	     -7.50000001	      4.96252032	      8.59636935	    -17.00133933	     15.71452893	      0.27427027	      6.13736311	     -0.64963985	     -7.50000001	    -15.01475209	     -7.83590778	      4.12402860	     11.52604794	     -8.17241229	    -39.09039469	     35.61465292	    105.66979524	     -1.43953683	     -2.15432478	    -49.16985937	     24.34809778	     80.20360680
      1.72000000	     -5.56958887	      3.57225328	     80.73408068	     -0.22565108	      0.96060923	     -0.98968397	     11.86537962	    -10.83770833	      2.25051868	     65.96113161	      1.15123892	    -17.03713339	    -28.92819511	     -7.49999999	      4.26255550	      8.54155771	    -17.22589614	     15.13994338	      0.26424186	      6.59502157	      0.15240102	     -7.49999999	    -14.88916991	     -7.57131735	      4.04253196	     11.34501972	     -8.19185742	    -39.41388887	     35.58307084	    104.36888983	     -1.21034166	     -2.44580297	    -46.39587679	     25.37439031	     79.80333267
      1.73000000	     -5.37678646	      3.32837269	     80.96777092	     -0.22632589	      0.96124659	     -1.00076973	     13.75171384	    -10.63261745	      1.85698358	     66.49508487	      1.16055817	    -14.51452009	    -30.67678639	     -7.49999996	      3.43552968	      8.55386229	    -16.97510304	     14.51826828	      0.25339158	      7.01637259	      0.79168474	     -7.49999996	    -14.83393325	     -7.21548364	      3.57305115	     11.21254058	     -8.18310429	    -39.95500792	     35.37289310	    106.01996866	     -0.75118332	     -2.89361257	    -43.89926584	     25.99658753	     81.46067322
      1.74000000	     -5.08896405	      3.28816667	     81.23102481	     -0.22706018	      0.96217535	     -1.01206316	     15.25202364	    -10.37009441	      1.35608821	     66.58445423	      1.16211796	    -12.14739243	    -31.77564704	     -7.49999995	      2.26233851	      8.56367090	    -16.38996795	     13.65239535	      0.23827925	      6.99995802	      0.53827471	     -7.49999995	    -15.04765161	     -6.79471379	      3.20143568	     10.74522195	     -8.39675953	    -39.45830723	     35.46301321	    103.63917551	      0.21528023	     -2.94934454	    -43.21964541	     26.45884196	     80.13395731
      1.75000000	     -4.69596607	      3.37154530	     81.68843538	     -0.22782623	      0.96315236	     -1.02324987	     16.49395556	     -9.99343111	      0.69439984	     66.37524856	      1.15846663	     -9.74083319	    -32.33189300	     -7.49999994	      1.00852903	      8.37498869	    -16.12435092	     12.99022598	      0.22672221	      7.62387902	      1.76844616	     -7.49999994	    -15.47373942	     -6.26072802	      2.68440680	     10.28363503	     -8.45728413	    -39.42881463	     35.85385248	    102.45280465	      1.03883622	     -3.12167530	    -41.85163658	     27.26122515	     79.48054711
      1.76000000	     -4.43653780	      2.95188883	     82.22500542	     -0.22870196	      0.96313730	     -1.03397724	     18.31044962	     -9.82413967	     -0.21901862	     65.95706773	      1.15116800	     -7.88512851	    -32.69722592	     -7.49999993	      0.51917781	      8.22795615	    -15.31680353	     12.67855447	      0.22128252	      7.83074253	      1.60067296	     -7.49999993	    -15.28652809	     -5.80224848	      2.12100150	      9.78982658	     -8.59884257	    -38.95915713	     35.86473919	     99.92453071	      2.04916570	     -3.39324608	    -40.77864814	     27.56822559	     78.12882995
      1.77000000	     -3.99218169	      2.95404902	     82.58431986	     -0.22921328	      0.96366821	     -1.04518489	     19.47606383	     -9.39385596	     -0.93247580	     65.07513821	      1.13577542	     -5.83868443	    -32.63880821	     -7.49999991	     -0.63647015	      7.87433919	    -15.54907368	     12.03266580	      0.21000964	      8.33581916	      3.09789625	     -7.49999991	    -15.57981591	     -5.20393495	      1.80007529	      9.60724360	     -8.37783850	    -40.77565956	     36.00124105	    105.98371717	      2.87646145	     -3.68971745	    -39.56113113	     28.21929127	     82.48697980
      1.78000000	     -3.65650990	      2.97825672	     83.17358826	     -0.23035125	      0.96404019	     -1.05642178	     20.47204625	     -9.17291152	     -1.82406167	     63.85470253	      1.11447480	     -4.50153723	    -32.59022747	     -7.49999991	     -1.72228977	      7.68139795	    -15.07270066	     11.53290455	      0.20128716	      8.56625405	      3.42142457	     -7.49999991	    -15.86506064	     -4.66551373	      1.25536127	      8.99182953	     -8.60362668	    -40.24318284	     36.23758112	    103.59276575	      3.96468969	     -3.79681940	    -38.76376465	     28.67778226	     81.33713637
      1.79000000	     -3.38508971	      2.94031314	     83.73708949	     -0.23115392	      0.96408228	     -1.06745955	     21.52141340	     -9.00011451	     -2.70502366	     62.45339929	      1.09001745	     -3.59586026	    -32.41980609	     -7.49999991	     -2.70242486	      7.47982602	    -14.87750351	     11.05991796	      0.19303198	      8.89194934	      4.25071702	     -7.49999991	    -16.09199416	     -4.22081899	      0.72035542	      8.45943097	     -8.68536717	    -40.04807524	     36.43513674	    102.09571316	      5.05318780	     -4.03547686	    -37.72126616	     29.15832369	     80.61427790
      1.80000000	     -3.15567007	      3.02313958	     84.32204915	     -0.23178124	      0.96416511	     -1.07873885	     22.28577224	     -8.92736504	     -3.74728878	     60.64721144	      1.05849352	     -2.70778862	    -32.01132811	     -7.49999990	     -3.80531196	      7.25796570	    -14.98034527	     10.65095996	      0.18589432	      9.21985643	      5.57468179	     -7.49999990	    -16.42406618	     -3.85253928	      0.20190533	      8.12508429	     -8.48341201	    -41.23714701	     36.53763704	    105.58106828	      5.91059204	     -4.39238852	    -36.58012868	     29.93589796	     84.28969885
      1.81000000	     -2.91971360	      2.96198337	     84.98735884	     -0.23251452	      0.96363795	     -1.08959078	     23.14472863	     -8.85534795	     -4.86116598	     58.63791829	      1.02342474	     -2.17661965	    -31.70965575	     -7.49999989	     -4.61338009	      6.97470780	    -14.86263774	     10.49164341	      0.18311372	      9.75179513	      6.79577394	     -7.49999989	    -16.64261491	     -3.44838378	     -0.37184934	      7.56896131	     -8.49185519	    -41.14872896	     36.78860984	    104.16006915	      7.00955961	     -4.78194462	    -35.20908933	     30.41430077	     83.82077437
      1.82000000	     -2.76627015	      3.06421230	     85.66410975	     -0.23324276	      0.96328540	     -1.10086473	     23.66306734	     -8.82585180	     -5.89443381	     56.26835662	      0.98206809	     -1.59154361	    -31.19327740	     -7.49999989	     -5.62250660	      6.79882512	    -14.70103984	     10.25638713	      0.17900772	     10.12033103	      7.50305462	     -7.49999989	    -16.95276437	     -3.14501428	     -0.95382599	      7.05971009	     -8.49669728	    -41.17281494	     36.75427768	    102.29829542	      8.19127187	     -5.07120001	    -34.17417585	     30.72134834	     82.66237839
      1.83000000	     -2.66595503	      3.17095027	     86.34416957	     -0.23378109	      0.96269237	     -1.11202882	     24.09208698	     -8.84910528	     -7.02332387	     53.63949316	      0.93618576	     -0.83821460	    -30.52097734	     -7.49999988	     -6.59214428	      6.61403005	    -14.89925596	     10.12043384	      0.17663489	     10.53639123	      8.86578639	     -7.49999988	    -17.29904249	     -2.90963401	     -1.51227286	      6.78427704	     -8.23218868	    -42.44724814	     36.70756509	    105.31553371	      9.19791146	     -5.51078824	    -32.95139688	     31.32421456	     85.38585460
      1.84000000	     -2.60837802	      3.41754020	     87.04607182	     -0.23441526	      0.96202103	     -1.12334526	     24.28755080	     -8.92619225	     -8.17269131	     50.81246774	      0.88684486	     -0.36227574	    -29.75769068	     -7.49999988	     -7.72614448	      6.47528923	    -14.91026100	      9.96578530	      0.17393577	     10.98512953	     10.04172134	     -7.49999988	    -17.78244784	     -2.69856094	     -2.13212936	      6.25789511	     -8.14959829	    -42.47388391	     36.85844335	    102.84877798	     10.30807070	     -5.87614519	    -31.61895395	     31.84021692	     83.64698271
      1.85000000	     -2.53625426	      3.56055232	     87.77702693	     -0.23496621	      0.96113563	     -1.13465079	     24.47405420	     -8.92565053	     -9.29888715	     47.71276444	      0.83274483	      0.00572151	    -28.78074981	     -7.49999988	     -8.72196167	      6.30762549	    -14.69000677	      9.87475409	      0.17234697	     11.23318103	     10.39480952	     -7.49999988	    -18.12708377	     -2.48086966	     -2.73045431	      5.82385777	     -8.13688835	    -42.45057193	     36.57219213	    100.01615064	     11.44395268	     -6.28865124	    -30.15112990	     32.27499955	     81.62208981
      1.86000000	     -2.62053056	      3.80409054	     88.50199235	     -0.23549103	      0.96011902	     -1.14620816	     24.46990189	     -9.14397715	    -10.64671260	     44.43244971	      0.77549254	      0.64137635	    -27.70270688	     -7.49999988	     -9.82531733	      6.24165137	    -14.80342025	      9.82126368	      0.17141339	     11.70215290	     11.78428667	     -7.49999988	    -18.57565623	     -2.39998446	     -3.33821227	      5.64217107	     -7.71376886	    -44.35922288	     36.46250256	    104.91162529	     12.33833139	     -6.79127841	    -28.88648221	     33.03116224	     85.18953774
      1.87000000	     -2.66221701	      4.07183515	     89.23747007	     -0.23574570	      0.95895449	     -1.15777714	     24.36259960	     -9.20976000	    -11.84353124	     41.02062538	      0.71594497	      1.01574903	    -26.09152741	     -7.49999988	    -10.93589579	      6.08851477	    -14.88660124	      9.83499690	      0.17165308	     11.95391422	     12.66683310	     -7.49999988	    -19.01463211	     -2.30904003	     -3.97940561	      5.24172397	     -7.52070764	    -44.80625643	     36.29163521	    104.45721090	     13.26393770	     -7.30391694	    -27.49447070	     33.77798705	     85.71922992
      1.88000000	     -2.70863031	      4.35862838	     89.96613911	     -0.23601603	      0.95776878	     -1.16953726	     24.11347005	     -9.27490920	    -13.21608344	     37.39707720	      0.65270213	      1.49259518	    -24.31878452	     -7.49999988	    -12.07043074	      5.94411535	    -14.69006941	      9.82650305	      0.17150483	     12.24407964	     13.20438964	     -7.49999988	    -19.48857724	     -2.21119597	     -4.49108288	      4.67947011	     -7.35968564	    -45.02326318	     36.24624284	    101.94886988	     14.33411611	     -7.62112747	    -26.26387970	     34.37380731	     83.92439849
      1.89000000	     -2.80894461	      4.55120058	     90.68521050	     -0.23620791	      0.95637852	     -1.18117699	     24.01797907	     -9.34152245	    -14.42604719	     33.85619004	      0.59090199	      1.82047703	    -21.96339578	     -7.49999988	    -13.09490648	      5.80678833	    -14.71346010	      9.82267190	      0.17143797	     12.43625046	     13.97765263	     -7.49999988	    -19.83533493	     -2.15550706	     -5.08059722	      4.36659372	     -7.14038219	    -45.69086419	     35.87824887	    102.19832577	     15.39663190	     -7.92617820	    -25.50171285	     34.82556308	     84.37317963
      1.90000000	     -3.09388015	      4.60328719	     91.25269763	     -0.23594630	      0.95440613	     -1.19317349	     24.10289193	     -9.44102388	    -15.41435894	     30.26436272	      0.52821278	      2.34533750	    -19.41832714	     -7.49999988	    -14.01102546	      5.90281674	    -14.59552265	      9.77702974	      0.17064136	     12.63848913	     14.52869459	     -7.49999988	    -19.96342814	     -2.33957649	     -5.51359836	      4.03633145	     -6.78861743	    -46.90687210	     35.56536159	    102.96088730	     16.19417840	     -8.50153956	    -23.91416030	     35.53023756	     85.48555418
      1.91000000	     -2.98761642	      4.55650737	     91.76693204	     -0.23559349	      0.95281431	     -1.20487515	     24.13509258	     -9.18858835	    -17.09115044	     26.69460888	      0.46590882	      2.43757792	    -15.91233966	     -7.49999988	    -14.58129559	      5.51963603	    -14.52970419	     10.18124790	      0.17769630	     12.72020575	     14.38406336	     -7.49999988	    -20.05500745	     -2.11796558	     -5.85304142	      3.71374803	     -6.67411153	    -47.28673365	     35.10966434	    102.63776248	     17.11091407	     -8.65719822	    -23.39913653	     35.93507876	     85.60186088
      1.92000000	     -3.15480648	      4.78551651	     92.35095489	     -0.23503422	      0.95121757	     -1.21693956	     23.97190967	     -9.21742613	    -18.67055831	     23.50374853	      0.41021780	      3.29014025	    -11.26536928	     -7.49999988	    -15.59536428	      5.39547642	    -14.36307246	     10.33905339	      0.18045052	     12.88598794	     14.88365496	     -7.49999988	    -20.43089838	     -2.19966338	     -6.23796562	      3.43146062	     -6.29863517	    -48.40412875	     34.81568096	    102.70068286	     17.95170650	     -9.09949382	    -22.20141333	     36.69161914	     86.19785441
      1.93000000	     -3.33038573	      4.55312887	     92.84099803	     -0.23448345	      0.94919068	     -1.22867478	     24.34609435	     -9.15986881	    -19.63734788	     20.52511514	      0.35823084	      3.70099792	     -7.07225197	     -7.49999988	    -16.07080459	      5.36577122	    -13.71041728	     10.47265499	      0.18278231	     12.75371184	     14.09033234	     -7.49999988	    -20.32199221	     -2.28635520	     -6.61924947	      3.19861546	     -6.08494937	    -48.95853504	     34.21898889	    100.93917870	     18.63737392	     -9.47843291	    -20.98120010	     37.36405169	     84.53243629
      1.94000000	     -3.31914879	      4.27672330	     93.14215658	     -0.23324270	      0.94700517	     -1.24052189	     24.71018289	     -8.77740564	    -20.31158474	     17.75837831	      0.30994217	      4.18489717	     -3.17160563	     -7.49999988	    -16.31033953	      4.97021907	    -14.31015346	     11.03923813	      0.19267105	     13.06554907	     15.57034975	     -7.49999988	    -20.08546382	     -2.27871384	     -6.69565188	      3.04994849	     -5.86463194	    -50.07145506	     33.46682438	    101.38909540	     19.49725024	     -9.66074021	    -20.31334520	     37.72029919	     84.36251749
      1.95000000	     -3.37772004	      3.94227540	     93.56032732	     -0.23206275	      0.94476603	     -1.25240936	     25.07295137	     -8.52988658	    -21.03946250	     15.32193939	      0.26741829	      4.57708809	      0.52251516	     -7.49999988	    -16.45931207	      4.66984819	    -14.02857636	     11.63886606	      0.20313653	     13.10725208	     15.76506624	     -7.49999988	    -19.86145797	     -2.31154258	     -6.85053486	      2.81410231	     -5.57141271	    -51.07045704	     32.94632593	    100.63495694	     20.23571479	     -9.90699777	    -19.39663362	     38.22455339	     83.31023673
      1.96000000	     -3.36699053	      3.36810321	     93.66743895	     -0.23037998	      0.94215445	     -1.26454930	     25.68726446	     -8.05140953	    -21.01991910	     13.18218418	      0.23007252	      4.45875372	      2.80837972	     -7.49999988	    -16.29925140	      4.34789469	    -14.11877164	     12.35042657	      0.21555561	     13.07982230	     15.83588873	     -7.49999988	    -19.24360375	     -2.34861377	     -6.78938567	      2.83720930	     -5.29599333	    -52.85226397	     32.03995306	    102.90448676	     20.70433909	    -10.00775479	    -19.61077957	     38.74873227	     88.42856196
      1.97000000	     -3.43320592	      2.81785724	     93.94881773	     -0.22917893	      0.93966754	     -1.27684013	     26.21724232	     -7.78729281	    -21.05258782	     11.52095612	      0.20107862	      4.07765599	      4.94928390	     -7.49999987	    -16.18186908	      4.05738828	    -14.13171224	     13.03940622	      0.22758057	     12.79257439	     16.22518642	     -7.49999987	    -18.72193181	     -2.40400453	     -6.73534679	      2.46188538	     -5.12152727	    -53.61776322	     31.56483527	    101.83267780	     21.34556564	    -10.10447386	    -18.77369421	     39.09201451	     87.35976744
      1.98000000	     -3.34737206	      2.46420009	     94.24585872	     -0.22780547	      0.93742700	     -1.28993288	     26.55698054	     -7.44182030	    -20.96110168	     10.61788768	      0.18531710	      3.68893300	      6.45997111	     -7.49999987	    -16.20632488	      3.55491956	    -14.09965004	     13.92252368	      0.24299388	     12.57539378	     16.51005448	     -7.49999987	    -18.25741222	     -2.29217032	     -6.72014502	      2.08427082	     -4.99556576	    -54.32519716	     30.99351664	    100.59888532	     21.55291873	    -10.09233984	    -18.37603845	     39.84870654	     86.28322718
      1.99000000	     -3.30097740	      2.34286939	     94.48759121	     -0.22682652	      0.93550153	     -1.30344511	     26.81511150	     -7.24703991	    -20.46461949	     10.69414667	      0.18664807	      3.40927903	      6.95988852	     -7.49999987	    -16.61493937	      3.16784882	    -13.84519643	     14.55349130	      0.25400634	     11.95455726	     16.55274500	     -7.49999987	    -17.98127237	     -2.11931060	     -6.64212143	      1.54261046	     -5.00415130	    -54.50221062	     30.69814960	    100.60219337	     21.88083451	     -9.89574106	    -18.30811051	     40.19451580	     86.35137885
      2.00000000	     -3.12357278	      2.29951545	     94.79711312	     -0.22599192	      0.93383693	     -1.31763436	     27.00774144	     -7.05855982	    -20.10867034	     11.44692646	      0.19978656	      2.99514709	      7.17135675	     -7.49999987	    -17.10199259	      2.59274086	    -13.67553791	     15.20486013	      0.26537487	     11.18170950	     16.62124101	     -7.49999987	    -17.71517901	     -1.78716130	     -6.56625113	      0.96977426	     -5.07293278	    -54.77983334	     30.36420667	    100.57424740	     22.05383561	     -9.68900833	    -18.21157405	     40.58244055	     86.42392244
      2.01000000	     -2.99666484	      2.36469120	     95.15241697	     -0.22528191	      0.93244757	     -1.33265877	     26.81278132	     -6.90153015	    -19.50412192	     12.22849217	      0.21342745	      2.62572974	      7.22147982	     -7.49999987	    -17.80700051	      2.07002417	    -13.33525186	     15.70069986	      0.27402891	     10.67906542	     16.70126047	     -7.49999987	    -17.38241286	     -1.49560592	     -6.62665457	      0.29679090	     -5.06632917	    -54.98262820	     30.06667328	    100.55419708	     21.91945229	     -9.53762080	    -18.18728257	     40.77636336	     86.44840466
      2.02000000	     -2.83549557	      2.31123044	     95.40119740	     -0.22465521	      0.93071280	     -1.34735073	     26.98382463	     -6.80993989	    -18.98938341	     13.81657530	      0.24114473	      1.80804792	      5.69460218	     -7.49999987	    -18.10032923	      1.52403217	    -12.97241547	     16.72590419	      0.29192210	      9.25699980	     16.46979945	     -7.49999987	    -17.14560326	     -1.12592879	     -6.49718985	      0.02839620	     -5.13903172	    -56.11378829	     29.66415492	    100.33283899	     21.46416013	     -9.24214044	    -18.10060435	     42.27684081	     86.74967222
      2.03000000	     -2.66083337	      2.53572135	     95.73558714	     -0.22432094	      0.92951181	     -1.36300299	     26.57320377	     -6.73077686	    -18.82759390	     15.28229224	      0.26672632	      0.66173095	      4.70115004	     -7.49999987	    -19.01377134	      0.92597374	    -12.85999184	     17.14980301	      0.29932053	      7.73711010	     16.51721311	     -7.49999987	    -16.94326995	     -0.69524473	     -6.44622365	     -0.54624273	     -5.32759717	    -56.40260333	     29.28858284	    100.29834325	     21.22938065	     -8.91002435	    -18.10276642	     42.57774694	     86.81530486
      2.04000000	     -2.49424601	      2.87467142	     95.81351223	     -0.22382488	      0.92883394	     -1.37866137	     26.05445608	     -6.43499208	    -18.09321943	     16.32501315	      0.28492523	     -2.59446926	      1.83923858	     -7.49999987	    -20.08285759	      0.50182024	    -12.47558020	     17.39797919	      0.30365202	      5.98669451	     16.22502754	     -7.49999987	    -16.95238706	     -0.24193329	     -6.31220577	     -0.86109323	     -5.54693279	    -56.81019614	     28.94870821	    100.25040646	     20.62538255	     -8.58583566	    -18.36689290	     43.37083821	     86.92788025
      2.05000000	     -2.12024547	      3.09374074	     95.62007162	     -0.22279943	      0.92814454	     -1.39391038	     25.90075038	     -5.74648775	    -16.29296634	     17.53448808	      0.30603455	     -4.52151807	     -1.99201297	     -7.49999987	    -20.79452050	     -0.08604139	    -12.30518626	     18.09056017	      0.31573984	      4.01076058	     15.48443901	     -7.49999987	    -16.84806326	      0.35189260	     -5.91075933	     -1.02180558	     -5.87612097	    -57.03902423	     28.46056711	    100.26203648	     20.19251951	     -8.12696213	    -18.85491071	     43.91328159	     87.04947807
      2.06000000	     -1.66701544	      3.18688172	     95.31858370	     -0.22146921	      0.92777394	     -1.40888273	     25.97891308	     -4.94698973	    -14.10736636	     19.28762424	      0.33663255	     -5.08067123	     -4.28931091	     -7.49999987	    -21.20512177	     -0.76418037	    -12.40322943	     18.98661148	      0.33137888	      1.72411475	     14.79567711	     -7.49999987	    -16.69488812	      0.98185499	     -5.33934209	     -1.17912186	     -6.20709822	    -57.13954951	     27.99816230	    100.36679733	     19.67309616	     -7.61779533	    -19.33432362	     44.46748426	     87.16007737
      2.07000000	     -0.96873031	      3.42977204	     95.07506877	     -0.21992463	      0.92821112	     -1.42423482	     25.72272824	     -3.92410344	    -12.63255423	     20.96000091	      0.36582103	     -6.01358805	     -5.31231317	     -7.49999987	    -21.68950225	     -1.69925569	    -12.27668205	     19.93849805	      0.34799244	     -0.54516686	     13.89700578	     -7.49999987	    -16.67125121	      1.83672167	     -4.80237794	     -1.25691580	     -6.53186961	    -57.19601555	     27.44929204	    100.44455004	     19.09801557	     -7.11731821	    -19.92985984	     44.90787455	     87.26049189
      2.08000000	     -0.02364109	      3.73879221	     94.82178581	     -0.21798862	      0.92915697	     -1.43964375	     25.32414039	     -2.50791482	    -11.07346352	     22.45971087	      0.39199590	     -6.47198889	     -7.48998670	     -7.49999987	    -22.08888155	     -2.95860233	    -12.34945018	     21.12064134	      0.36862473	     -3.70043623	     12.65754813	     -7.49999987	    -16.68859044	      2.95792772	     -4.34446869	     -1.20197060	     -6.85290166	    -57.17572462	     26.91855428	    100.59681282	     18.20982258	     -6.72677633	    -20.53487406	     45.61461613	     87.40328263
      2.09000000	      0.87108609	      4.13901908	     94.74224795	     -0.21593994	      0.93033506	     -1.45485630	     24.83450875	     -1.17208409	     -9.79762378	     23.99307221	      0.41875811	     -6.27288371	     -8.60321016	     -7.49999987	    -22.31820299	     -4.28115854	    -12.21455668	     22.68084874	      0.39585549	     -6.54767982	     11.73127836	     -7.49999987	    -16.84842807	      3.96341029	     -3.91520887	     -1.22532550	     -7.01999519	    -57.09754919	     26.54620959	    100.67367614	     17.68488812	     -6.38428901	    -20.80960019	     45.74124999	     87.44395340
      2.10000000	      1.53594910	      4.59846034	     94.28689664	     -0.21344938	      0.93234153	     -1.47068308	     23.89950707	      0.32657772	     -7.61073206	     24.76620753	      0.43225186	     -6.55636662	    -12.39465215	     -7.49999987	    -22.71864776	     -5.04587541	    -11.91775025	     23.95845412	      0.41815391	    -10.63449241	      9.23346828	     -7.49999987	    -17.01667798	      4.67002428	     -3.35848377	     -1.14257786	     -7.24330604	    -56.95324333	     26.00632796	    100.94149492	     16.68767114	     -6.03226297	    -21.59209461	     46.32034991	     87.59842342
      2.11000000	      2.17485359	      4.94662703	     94.27126012	     -0.21141686	      0.93386674	     -1.48563286	     23.07104899	      1.58231070	     -5.99656573	     25.77435764	      0.44984740	     -5.64983809	    -15.52173516	     -7.49999987	    -22.39075022	     -5.97760604	    -10.99943512	     26.01027355	      0.45396491	    -14.82089597	      6.52220896	     -7.49999987	    -17.13738440	      5.36709299	     -3.14404728	     -1.24275534	     -7.35672756	    -55.83285679	     25.86748970	     99.32158798	     16.06489723	     -5.75858340	    -21.95188572	     46.44432076	     84.91541196
      2.12000000	      2.79191601	      4.89420014	     94.11450791	     -0.20945162	      0.93505021	     -1.50062489	     22.52946402	      2.69346570	     -5.11522469	     26.53261852	      0.46308155	     -4.35313088	    -16.05791002	     -7.49999987	    -21.34740040	     -6.79253826	    -10.03260204	     28.49530353	      0.49733687	    -18.70390896	      4.23038561	     -7.49999987	    -16.72642331	      6.02653788	     -2.81835260	     -0.90403529	     -7.42703041	    -57.12643317	     25.33606927	    103.44662648	     15.32420750	     -5.38425019	    -23.03961716	     46.28542406	     88.85767623
      2.13000000	      3.10345004	      4.74172295	     94.40582759	     -0.20853499	      0.93618760	     -1.51410958	     22.03334951	      3.15391267	     -5.05298412	     27.03806311	      0.47190322	     -3.22787314	    -16.77848088	     -7.49999987	    -19.66920964	     -7.16137743	     -7.63396495	     31.54655571	      0.55059126	    -21.47393589	      1.80803772	     -7.49999987	    -16.45582258	      6.46958112	     -2.88716581	     -0.88638696	     -7.51549391	    -55.84800768	     25.36266140	    100.83235770	     14.62999090	     -5.24724311	    -22.86283510	     46.39465223	     85.94184070
      2.14000000	      3.41360947	      4.65759105	     94.67645358	     -0.20772809	      0.93742464	     -1.52783213	     21.38628614	      3.62477852	     -4.94314705	     27.40589424	      0.47832309	     -2.09103122	    -17.36743841	     -7.49999987	    -17.94329531	     -7.49831133	     -5.60397925	     34.74679626	      0.60644600	    -24.10088609	     -0.52124008	     -7.49999987	    -16.21745336	      6.89651326	     -2.86166926	     -0.85321959	     -7.52890551	    -55.24612763	     25.56164013	     99.17436684	     14.08720760	     -4.93562819	    -23.05871308	     46.28777851	     83.71785055
      2.15000000	      3.79042554	      4.57139936	     95.00883795	     -0.20722358	      0.93882647	     -1.54108730	     20.62884464	      4.08314030	     -5.20181542	     27.47795106	      0.47958072	     -1.05022992	    -17.35201688	     -7.49999987	    -16.02251125	     -7.86243738	     -3.77530018	     38.08474663	      0.66470422	    -26.93847161	     -4.00944078	     -7.49999987	    -16.00830930	      7.42879093	     -2.83465675	     -0.71952627	     -7.60645005	    -54.76573729	     25.75410603	     98.68936879	     13.67195478	     -4.55899333	    -23.34034239	     45.90916885	     82.58611091
      2.16000000	      4.07791782	      4.38198819	     95.38710871	     -0.20694631	      0.94025680	     -1.55383369	     19.87859234	      4.37476054	     -5.71424281	     27.31376708	      0.47671517	     -0.10475190	    -17.10162076	     -7.49999987	    -13.78638333	     -8.10857090	     -2.13548217	     41.61447551	      0.72630961	    -29.72519538	     -7.55264475	     -7.49999987	    -15.72761849	      7.86011230	     -2.88086895	     -0.46462875	     -7.66497989	    -54.41685040	     25.91779989	     98.45877977	     13.23245047	     -4.20204236	    -23.72478508	     45.46315861	     81.69597103
      2.17000000	      4.19528414	      3.85563435	     95.88611467	     -0.20660579	      0.94138662	     -1.56566589	     19.51880222	      4.40184964	     -6.31504904	     27.14887387	      0.47383724	      0.84677013	    -16.49199849	     -7.49999987	    -10.98374940	     -8.13821461	     -0.54044376	     45.21269673	      0.78911042	    -32.40469283	    -10.65726129	     -7.49999987	    -15.19080763	      8.05209157	     -2.95168664	      0.46549453	     -7.54486850	    -56.69438064	     25.50030742	    104.74362431	     13.23808087	     -3.78689485	    -24.97816339	     44.36844881	     87.41594248
      2.18000000	      4.23139100	      3.81558739	     96.27423193	     -0.20664107	      0.94364870	     -1.57799354	     18.38069159	      4.39027728	     -7.10462286	     26.54922456	      0.46337138	      1.83339301	    -15.77071122	     -7.49999987	     -8.91901728	     -8.05953173	      0.57084627	     48.19605949	      0.84117992	    -34.60663173	    -14.11445458	     -7.49999987	    -15.19178934	      8.21822454	     -2.94767989	      0.56535136	     -7.61278976	    -55.23682895	     26.04236614	    102.57123964	     12.81516284	     -3.61457246	    -24.68123831	     43.89030981	     84.80625410
      2.19000000	      4.21799523	      3.76566820	     96.50783805	     -0.20634351	      0.94607081	     -1.59011158	     17.30322783	      4.44543547	     -7.39473817	     26.03409109	      0.45438061	      2.54779742	    -15.16647553	     -7.49999987	     -6.92865278	     -7.93238380	      1.26068285	     50.84644597	      0.88743790	    -35.79734236	    -17.29208849	     -7.49999987	    -15.21725924	      8.24074075	     -2.73734929	      0.78680275	     -7.67072893	    -54.15146632	     26.42140728	    101.03367000	     12.66215818	     -3.32492867	    -24.81099850	     43.04193542	     83.12550211
      2.20000000	      4.23087502	      3.64092336	     97.06531923	     -0.20618890	      0.94844047	     -1.60167644	     16.29944563	      4.43822508	     -8.04070570	     25.42281519	      0.44371183	      3.19315130	    -14.57626641	     -7.49999987	     -4.58609943	     -7.93019538	      1.95245358	     53.60763185	      0.93562968	    -34.56198704	    -19.60087358	     -7.49999987	    -15.19827937	      8.31207676	     -2.81848041	      1.15097597	     -7.61729667	    -53.33871337	     26.82110133	     99.78409409	     12.60467508	     -3.13805100	    -24.96507501	     42.10175846	     81.58288284
      2.21000000	      4.07014709	      3.23471481	     97.42231542	     -0.20599865	      0.95037272	     -1.61311139	     15.67614871	      4.20234005	     -8.65516712	     24.99854248	      0.43630687	      3.93753635	    -13.72618186	     -7.49999987	     -2.07337914	     -7.48790249	      2.54205436	     55.98464997	      0.97711647	    -32.86365171	    -22.03425913	     -7.49999987	    -14.91793833	      8.14312521	     -2.66554220	      1.83447971	     -7.54675000	    -54.18056684	     26.91936773	    103.87878059	     12.76630906	     -2.74810827	    -26.74086470	     40.54298818	     90.32174999
      2.22000000	      3.82901474	      3.15862995	     97.48361374	     -0.20538286	      0.95283304	     -1.62443841	     14.60320944	      4.11473013	     -8.61676703	     24.33533704	      0.42473176	      4.49943006	    -13.33022588	     -7.49999987	     -0.03861599	     -6.99813826	      2.70723688	     58.00472347	      1.01237341	    -29.42384955	    -23.80914390	     -7.49999987	    -15.09785736	      7.82179557	     -2.31547738	      2.44727189	     -7.49269141	    -53.85220088	     27.24349549	    103.45125282	     12.59293936	     -2.68379191	    -26.67204659	     39.88211040	     90.01146180
      2.23000000	      3.84027878	      2.51786916	     97.91432467	     -0.20528518	      0.95417713	     -1.63557855	     14.32284262	      3.99467521	     -9.38261222	     23.97641129	      0.41846732	      4.86271152	    -12.26166690	     -7.49999987	      2.90752641	     -6.65073439	      3.23642993	     60.26143426	      1.05176044	    -25.07455030	    -25.15239011	     -7.49999987	    -14.45124029	      7.79517934	     -2.26366614	      2.79515793	     -7.54148292	    -53.06125481	     27.63780256	    102.97243286	     12.59671849	     -2.56868048	    -26.88302880	     38.33039591	     89.53623691
      2.24000000	      3.37063644	      2.47812983	     97.97858793	     -0.20472399	      0.95663175	     -1.64685097	     13.18728382	      3.68346179	     -9.29907256	     23.34718921	      0.40748532	      5.34524399	    -11.93110615	     -7.49999987	      4.85731088	     -5.94624752	      3.07118974	     61.71956397	      1.07720960	    -21.65837099	    -26.77710825	     -7.49999987	    -14.73281517	      7.20186752	     -2.00125532	      3.47176076	     -7.42575039	    -52.74018862	     27.99485161	    102.84406448	     12.33518432	     -2.60946615	    -26.94848789	     37.79665658	     89.37439638
      2.25000000	      3.25831606	      1.85115516	     98.15643999	     -0.20435999	      0.95784397	     -1.65809865	     12.85025781	      3.51447644	     -9.86390695	     22.94432981	      0.40045410	      6.00065618	    -10.83714150	     -7.49999987	      7.63914790	     -5.55228332	      3.02503665	     63.09354517	      1.10119010	    -18.47987399	    -27.73038969	     -7.49999987	    -14.11293343	      6.96494474	     -1.77811107	      3.79606745	     -7.55162027	    -51.67710658	     28.44573494	    102.67034815	     12.34032622	     -2.46829230	    -27.50442742	     36.13934929	     88.98742614
      2.26000000	      2.92320109	      1.64487442	     97.96985369	     -0.20344893	      0.95960047	     -1.66950772	     11.85007439	      3.35111346	     -9.90248986	     22.14078036	      0.38642952	      6.57535609	    -10.36693320	     -7.49999987	      9.71411922	     -5.05413240	      2.48862955	     63.91541633	      1.11553446	    -15.69319481	    -28.83421670	     -7.49999987	    -14.13957673	      6.44471625	     -1.32841167	      4.39401238	     -7.51883505	    -51.08829224	     28.93028392	    102.66180223	     11.98038651	     -2.49761240	    -27.74790751	     35.46438445	     88.83126544
      2.27000000	      2.61842971	      1.53615332	     97.89352306	     -0.20256988	      0.96139996	     -1.68096860	     10.83370694	      3.20827733	     -9.90999738	     21.49896657	      0.37522775	      6.86847810	     -9.96394236	     -7.49999987	     11.56553491	     -4.70099141	      1.85300548	     64.28040005	      1.12190463	    -13.55906553	    -29.89597623	     -7.49999987	    -14.22484426	      5.98516245	     -1.06973230	      5.14495192	     -7.47941011	    -50.59907901	     29.30807500	    102.70455269	     11.54537788	     -2.63534185	    -27.90471230	     34.72837061	     88.74680202
      2.28000000	      2.31067743	      1.32740100	     97.68149510	     -0.20146266	      0.96294300	     -1.69237132	      9.87965110	      3.04840015	    -10.07106079	     20.72640859	      0.36174407	      7.13117038	     -9.55317163	     -7.49999987	     13.43495415	     -4.40791147	      0.97307454	     64.32286923	      1.12264585	    -11.54207474	    -30.78298721	     -7.49999987	    -14.24300061	      5.45217913	     -0.64183052	      5.88253832	     -7.43972259	    -50.15025465	     29.64011090	    102.74373992	     11.16096720	     -2.78234723	    -28.05822108	     34.14145104	     88.67600843
      2.29000000	      2.14852727	      1.22714886	     97.24695356	     -0.20062301	      0.96425797	     -1.70437841	      8.80045940	      2.98525382	    -10.37779298	     19.99429182	      0.34896622	      7.88795880	     -7.48839756	     -7.49999987	     14.99198859	     -4.31703436	     -0.08916578	     64.04902341	      1.11786634	     -8.49310535	    -30.69135463	     -7.49999987	    -14.23501894	      5.17101555	     -0.02726177	      5.72357318	     -7.81842343	    -47.17075992	     30.92126593	    103.35078841	     10.84108691	     -2.49971787	    -29.54436239	     33.04701539	     88.23789289
      2.30000000	      1.88809394	      1.07488286	     96.75780671	     -0.19938222	      0.96532179	     -1.71590690	      7.84330993	      2.90034307	    -10.19870037	     19.32831448	      0.33734273	      8.28148120	     -6.74770097	     -7.49999987	     16.59731842	     -4.19391223	     -1.23608413	     63.50527808	      1.10837619	     -6.51090934	    -30.74135295	     -7.49999987	    -14.27942589	      4.69335098	      0.58068590	      6.35881877	     -7.90001983	    -46.30177931	     31.50595782	    103.18136376	     10.27317124	     -2.65386682	    -29.68524168	     32.46988118	     87.95201125
      2.31000000	      1.60508290	      0.95479549	     96.28495880	     -0.19823531	      0.96626480	     -1.72762406	      6.80850651	      2.73348457	    -10.39500647	     18.58533918	      0.32437536	      8.84777445	     -5.44216930	     -7.49999987	     17.98722110	     -4.09256604	     -2.46876878	     62.50492228	      1.09091669	     -4.86261784	    -30.63206233	     -7.49999987	    -14.33919154	      4.21079014	      1.09507859	      6.98699230	     -8.01401589	    -45.20551329	     32.10832407	    102.94224021	      9.69830176	     -2.70662867	    -30.24814689	     32.03288817	     87.58516961
