Coordinates
version=1
nRows=230
nColumns=36
inDegrees=yes

Units are S.I. units (second, meters, Newtons, ...)
If the header above contains a line with 'inDegrees', this indicates whether rotational values are in degrees (yes) or radians (no).

endheader
time	pelvis_tilt	pelvis_list	pelvis_rotation	pelvis_tx	pelvis_ty	pelvis_tz	hip_flexion_r	hip_adduction_r	hip_rotation_r	knee_angle_r	knee_angle_r_beta	ankle_angle_r	subtalar_angle_r	mtp_angle_r	hip_flexion_l	hip_adduction_l	hip_rotation_l	knee_angle_l	knee_angle_l_beta	ankle_angle_l	subtalar_angle_l	mtp_angle_l	lumbar_extension	lumbar_bending	lumbar_rotation	arm_flex_r	arm_add_r	arm_rot_r	elbow_flex_r	pro_sup_r	arm_flex_l	arm_add_l	arm_rot_l	elbow_flex_l	pro_sup_l
      0.00000000	     -0.99588402	      3.30357234	     90.86048411	     -0.24067013	      0.93173402	      1.08280565	     23.50505609	     -0.14546067	    -11.88166406	     19.49532295	      0.34025757	     -3.75298397	     -2.14247501	     -7.52894317	    -14.51988072	      1.04588468	    -10.21088476	     27.19928651	      0.47471710	      3.99310511	      1.86619541	     -7.52894317	    -15.10901773	      0.03413753	     -4.25412639	     -6.13883788	     -4.73887210	    -32.37119574	     50.46865461	    105.30821928	     21.21609506	     -9.02128837	    -14.83841966	     47.63508521	     89.92528901
      0.01000000	     -0.46579929	      3.73139810	     90.33853095	     -0.23829223	      0.93259103	      1.06854222	     22.87182436	      0.79780045	    -10.42697277	     20.63508677	      0.36015021	     -4.91205893	     -4.14600949	     -7.52351174	    -14.41893422	      0.18473265	    -10.50811105	     29.73241951	      0.51892861	      0.79477400	      0.79859334	     -7.52351174	    -15.39158866	      0.55584752	     -3.53106437	     -5.90548531	     -4.86866554	    -32.27834601	     49.77731010	    103.67449776	     20.61382987	     -8.61015145	    -15.31767731	     47.98462251	     87.17350387
      0.02000000	      0.19624518	      4.23400269	     89.92765461	     -0.23572659	      0.93384368	      1.05435597	     22.07503020	      1.89658626	     -9.13285208	     21.77254871	      0.38000266	     -5.40643557	     -6.31965042	     -7.51873312	    -14.12482876	     -0.90367656	    -10.68469202	     32.61660578	      0.56926716	     -2.89951528	     -0.49009401	     -7.51873312	    -15.73618725	      1.17958667	     -2.97128274	     -5.53840326	     -5.00665218	    -32.09886874	     48.89314939	    103.62724611	     19.90228745	     -8.43700887	    -15.55305233	     48.21803226	     85.59028800
      0.03000000	      0.71208525	      4.70727712	     89.67146675	     -0.23338005	      0.93521933	      1.04012825	     21.22120536	      2.75777524	     -8.21784674	     22.85657625	      0.39892251	     -4.77369038	     -8.06228756	     -7.51426068	    -13.53817335	     -1.79871171	    -10.48964486	     35.60983146	      0.62150880	     -7.66645137	     -2.22108831	     -7.51426068	    -16.05719975	      1.66623522	     -2.56523676	     -5.11845427	     -5.00913656	    -32.18721670	     48.00200185	    104.90414395	     19.13421549	     -8.24271216	    -16.10186541	     48.43315479	     85.94287678
      0.04000000	      1.26833808	      5.05682468	     89.48494391	     -0.23125759	      0.93631401	      1.02629384	     20.45177719	      3.62630681	     -7.55234519	     23.97536593	      0.41844907	     -3.65378968	     -9.04431692	     -7.50833167	    -12.60350323	     -2.79757401	    -10.18384654	     38.76350713	      0.67655083	    -12.68459158	     -3.55619620	     -7.50833167	    -16.28720068	      2.22196891	     -2.24237066	     -4.71576632	     -4.97920998	    -32.37646128	     47.39549786	    106.96058335	     18.42744513	     -7.96643297	    -17.22293471	     48.49469658	     89.90200996
      0.05000000	      1.89207024	      5.39045724	     89.44983378	     -0.22973164	      0.93748686	      1.01277271	     19.52472710	      4.45853353	     -7.27936379	     24.71405158	      0.43134157	     -2.44018856	     -9.14875698	     -7.50771997	    -11.41344876	     -3.84357526	     -9.56800066	     42.03576070	      0.73366243	    -16.86083870	     -3.97551755	     -7.50771997	    -16.51874457	      2.90314735	     -1.94214310	     -4.48812125	     -5.16184988	    -31.97678372	     46.98707091	    105.69196589	     17.77983654	     -7.71725607	    -17.47796973	     48.42659963	     89.24475924
      0.06000000	      2.40820807	      5.50568261	     89.45853300	     -0.22893569	      0.93841591	      0.99982753	     18.80755131	      5.01353404	     -7.35074320	     25.30975263	      0.44173852	     -1.42584550	     -9.34295383	     -7.50719830	     -9.88974391	     -4.60011700	     -8.57125251	     45.19574038	      0.78881448	    -20.18088600	     -4.30730199	     -7.50719830	    -16.60118767	      3.52800145	     -1.68506740	     -4.25920798	     -5.43674552	    -31.52888858	     46.74520697	    104.84565481	     17.15623705	     -7.35168722	    -17.83469140	     48.30677812	     88.68509282
      0.07000000	      2.70865310	      5.70708315	     89.35590779	     -0.22785638	      0.93964157	      0.98694176	     17.92952778	      5.41977934	     -7.18557346	     25.83915638	      0.45097835	     -0.11769375	     -9.22176831	     -7.50687203	     -8.41677300	     -5.13920282	     -8.00188787	     48.21534114	      0.84151645	    -23.41848839	     -4.38952377	     -7.50687203	    -16.77568213	      3.84737071	     -1.23995264	     -4.07220331	     -5.61950761	    -31.23517662	     46.53913297	    103.87755946	     16.65977484	     -7.03859783	    -17.97297490	     48.01932874	     88.06601104
      0.08000000	      3.23505890	      5.58920207	     89.64561771	     -0.22764653	      0.94070827	      0.97428272	     17.16950838	      5.85943775	     -7.85503893	     25.81286217	      0.45051943	      0.78654220	     -8.55749219	     -7.50631284	     -6.37827798	     -5.92882847	     -7.13579047	     51.38149997	      0.89677635	    -26.98775276	     -7.03402045	     -7.50631284	    -16.58341528	      4.58064099	     -1.33365270	     -3.75250810	     -5.86040462	    -30.92680281	     46.33268399	    105.81827483	     15.95151913	     -6.48887322	    -19.15096359	     47.60412983	     88.92468291
      0.09000000	      3.61171862	      5.86260107	     89.79791160	     -0.22683598	      0.94284021	      0.96172259	     15.73186578	      6.31334727	     -8.08432086	     25.28576033	      0.44131977	      1.52429100	     -8.18818296	     -7.50625674	     -4.89571987	     -6.77484979	     -6.96053558	     54.08198895	      0.94390877	    -29.97815408	     -9.02544457	     -7.50625674	    -16.85817822	      5.01611077	     -1.11790607	     -3.47981983	     -5.87881150	    -30.92849235	     46.27717952	    106.43857006	     15.49449225	     -6.24763166	    -19.39877498	     47.00895202	     89.27589563
      0.10000000	      3.72975219	      5.90559561	     90.08358920	     -0.22636900	      0.94495065	      0.94977753	     14.58624419	      6.42132133	     -8.51887999	     24.77197489	      0.43235252	      2.25014218	     -7.58537456	     -7.50614373	     -3.06631364	     -7.23445446	     -6.47187153	     56.55524447	      0.98707523	    -31.51891883	    -11.76785587	     -7.50614373	    -16.95982475	      5.19373638	     -1.00326712	     -3.13478435	     -5.87880269	    -30.91879944	     46.08248200	    106.78313902	     15.31738341	     -5.74756725	    -20.15503257	     46.06364521	     89.44231864
      0.11000000	      3.56983322	      5.59003842	     90.37216865	     -0.22632320	      0.94661805	      0.93852225	     14.01361511	      6.15015649	     -9.05734802	     24.59350259	      0.42923759	      3.03747557	     -6.76356443	     -7.50572906	     -0.77651119	     -7.25051754	     -5.95823897	     58.86611937	      1.02740760	    -31.07928535	    -14.43414716	     -7.50572906	    -16.70318872	      5.12316526	     -1.08693574	     -2.66068461	     -5.86788657	    -30.88145235	     45.85287429	    106.73831724	     14.85758968	     -5.36850424	    -20.97881446	     45.30580861	     89.54052868
      0.12000000	      3.46757666	      5.49715680	     90.49228784	     -0.22587248	      0.94881433	      0.92733049	     12.99072233	      6.09695514	     -9.20736953	     23.95881963	      0.41816029	      3.65911253	     -6.33673087	     -7.50553299	      1.15988814	     -7.29287062	     -5.75005864	     60.74330066	      1.06017060	    -28.15506320	    -15.71729330	     -7.50553299	    -16.79495502	      5.02921602	     -0.85430693	     -2.25501631	     -5.89243507	    -30.70552876	     45.82428390	    106.19809804	     14.49645258	     -5.22653420	    -21.01133033	     44.72323093	     89.22792200
      0.13000000	      3.51489656	      5.10252734	     90.94889566	     -0.22564311	      0.95052130	      0.91631223	     12.26504151	      6.12660466	     -9.78238281	     23.17363257	      0.40445619	      4.06792586	     -5.54895189	     -7.50524640	      3.61631312	     -7.47016669	     -5.20094961	     62.53244490	      1.09139705	    -24.49035114	    -16.59741545	     -7.50524640	    -16.44756689	      5.14289139	     -0.93662104	     -1.92720571	     -5.86973163	    -30.59051508	     45.80104988	    105.83359990	     14.22150583	     -4.93340557	    -21.52393950	     43.67335161	     88.99212437
      0.14000000	      3.57636075	      4.83776293	     91.13921208	     -0.22494793	      0.95256201	      0.90547314	     11.42026459	      6.22522684	    -10.22984583	     22.39589734	      0.39088215	      4.38231449	     -4.83068292	     -7.50510369	      5.83434358	     -7.59313993	     -4.79080953	     63.79828830	      1.11349019	    -21.69265399	    -18.37987626	     -7.50510369	    -16.32632136	      5.18922007	     -0.76102159	     -1.51563665	     -5.81845884	    -30.57686876	     45.82770319	    105.82979729	     13.79695331	     -4.79753584	    -21.76865589	     42.96179835	     88.97358107
      0.15000000	      3.17695663	      4.67431339	     91.28047122	     -0.22486025	      0.95470640	      0.89435870	     10.46567195	      5.94102526	     -9.82697428	     21.70476331	      0.37881958	      4.85718833	     -4.73658242	     -7.50503297	      7.74983491	     -7.00441223	     -4.37877871	     64.39865303	      1.12396853	    -19.22277536	    -20.08961608	     -7.50503297	    -16.27067399	      4.78338289	     -0.69616288	     -1.17660396	     -5.78806307	    -30.49171982	     46.00482463	    105.80086402	     13.27596063	     -4.70643703	    -21.91912812	     42.33285388	     88.91320087
      0.16000000	      3.02874895	      4.54422212	     91.44012980	     -0.22357585	      0.95680129	      0.88327341	      9.46916336	      5.95429256	     -9.76308949	     20.93222669	      0.36533628	      5.19413876	     -4.54073790	     -7.50502667	      9.56071359	     -6.91268120	     -4.15603763	     64.61063630	      1.12766834	    -17.00809051	    -21.89232962	     -7.50502667	    -16.22484871	      4.46437218	     -0.59605103	     -0.83574991	     -5.57000961	    -30.35924306	     46.13206082	    106.02587233	     12.82578870	     -4.82701684	    -22.09060933	     41.68627351	     88.99069343
      0.17000000	      2.89499955	      4.33507195	     91.48695188	     -0.22286896	      0.95885981	      0.87210221	      8.53820898	      5.94911168	     -9.62297878	     20.13087016	      0.35134997	      5.37452553	     -4.28996451	     -7.50503986	     11.33410760	     -6.70877866	     -4.03969577	     64.47114420	      1.12523374	    -14.50102026	    -23.96316769	     -7.50503986	    -16.08593421	      4.30815491	     -0.50511353	     -0.43724444	     -5.48860492	    -30.29576650	     46.29880291	    106.34298539	     12.19293538	     -4.86471741	    -22.25632574	     40.97498249	     89.11988248
      0.18000000	      2.68669515	      3.80539323	     91.47926812	     -0.22228750	      0.95991832	      0.86100184	      8.18590081	      5.81293536	     -9.51309215	     19.76989796	      0.34504981	      5.83586743	     -4.05405714	     -7.50491579	     13.41810960	     -6.42063974	     -4.06792649	     64.15465464	      1.11970995	    -11.45964713	    -25.50170222	     -7.50491579	    -15.56609753	      4.07121797	     -0.34992822	     -0.24189168	     -5.46112452	    -30.19712945	     46.72148775	    106.26800989	     11.47411077	     -4.75109615	    -22.71877494	     40.43863535	     89.04184161
      0.19000000	      2.33694733	      3.51487028	     91.24751288	     -0.22162410	      0.96157809	      0.84991106	      7.50706706	      5.59746451	     -8.70483541	     19.39647208	      0.33853230	      5.74212384	     -4.16663596	     -7.50482817	     15.00046875	     -6.00129956	     -4.41481043	     63.27592351	      1.10437320	     -8.80996320	    -26.81369883	     -7.50482817	    -15.36559165	      3.64822624	     -0.06423292	      0.00359883	     -5.45412297	    -29.97916372	     47.17336105	    106.32374618	     10.75332081	     -4.71824520	    -23.09005417	     39.95404644	     89.01959758
      0.20000000	      2.02043444	      3.35104579	     91.16000056	     -0.22071095	      0.96302481	      0.83867891	      6.59802664	      5.42973685	     -8.29839290	     18.69385716	      0.32626936	      6.28544717	     -4.12474244	     -7.50476493	     16.34841243	     -5.68952307	     -4.71764314	     62.02713931	      1.08257781	     -6.51465289	    -27.89749631	     -7.50476493	    -15.23297392	      3.21765041	      0.02179344	      0.25555366	     -5.33177772	    -29.75033348	     47.67859524	    106.28574141	     10.01721959	     -4.87182008	    -23.37777342	     39.54874237	     88.96614006
      0.21000000	      1.74209877	      3.29350345	     90.58571121	     -0.21944860	      0.96470052	      0.82738192	      5.49014644	      5.26294129	     -7.90740035	     17.89000033	      0.31223941	      6.67841476	     -3.43357100	     -7.50462178	     17.32098744	     -5.57623390	     -5.61430692	     60.35212761	      1.05334334	     -4.67091962	    -28.29677578	     -7.50462178	    -15.28565922	      2.82080023	      0.58371702	      0.45120428	     -5.44038173	    -29.29937223	     48.30520939	    106.19747811	      9.16771855	     -4.81156819	    -23.79546781	     39.30823544	     88.86528891
      0.22000000	      1.45731795	      3.46617862	     90.19555748	     -0.21815316	      0.96636531	      0.81574042	      4.14775403	      5.05162895	     -7.76875264	     17.13833435	      0.29912036	      6.90803695	     -2.59815321	     -7.50443630	     17.89412636	     -5.52192271	     -6.54803113	     58.27390799	      1.01707156	     -3.58078461	    -28.37954126	     -7.50443630	    -15.52298989	      2.40284444	      0.95916600	      0.51563071	     -5.47617860	    -28.72915555	     49.08688241	    106.21690677	      8.34735991	     -4.85664188	    -24.28989406	     39.08835708	     88.81879135
      0.23000000	      1.39433156	      3.15166288	     89.90894882	     -0.21701647	      0.96697617	      0.80447438	      3.47386192	      5.04702492	     -7.78120589	     16.62242057	      0.29011597	      7.03730908	     -2.22195630	     -7.50437174	     19.08798501	     -5.59865499	     -7.20359713	     56.19101251	      0.98071818	     -3.02497563	    -28.49720481	     -7.50437174	    -15.18996679	      2.24274091	      1.21822469	      0.73482894	     -5.42099215	    -28.51069864	     49.63391022	    105.97890308	      7.40927837	     -4.99425306	    -24.46921152	     38.85840003	     88.66312912
      0.24000000	      1.06347571	      3.54413131	     89.26506254	     -0.21562236	      0.96851977	      0.79286313	      1.93905740	      4.69435437	     -7.86744352	     15.94830269	      0.27835039	      7.55960548	     -0.52012079	     -7.50415156	     19.08864738	     -5.56164466	     -8.58599107	     53.42623471	      0.93246370	     -2.40809869	    -27.80091233	     -7.50415156	    -15.75556045	      1.74533066	      1.82766385	      0.76340948	     -5.58931200	    -27.78567517	     50.65610395	    105.89866559	      6.52886460	     -5.00129718	    -25.00693229	     38.95613415	     88.62465518
      0.25000000	      0.87334217	      3.68867266	     88.75278260	     -0.21456182	      0.96938614	      0.78134354	      0.77858456	      4.45533736	     -7.99516226	     15.46499357	      0.26991506	      7.86243748	      0.62029456	     -7.50399211	     19.30238352	     -5.48898385	     -9.64907436	     50.46394422	      0.88076198	     -1.75692723	    -27.03982508	     -7.50399211	    -15.99659337	      1.45647100	      2.31005001	      0.84950655	     -5.70607006	    -27.34416045	     51.53330509	    105.74216646	      5.62558366	     -4.97144477	    -25.47498294	     38.96220272	     88.57802680
      0.26000000	      0.83482246	      3.77596957	     88.30580491	     -0.21302553	      0.96977349	      0.77024113	     -0.28040812	      4.38683312	     -8.44577694	     15.03218714	      0.26236116	      8.05088065	      1.88406057	     -7.50382326	     19.60466066	     -5.61097682	    -10.69797669	     47.43795377	      0.82794848	     -1.24230503	    -26.05351167	     -7.50382326	    -16.20016116	      1.26968663	      2.72415420	      1.03354399	     -5.78880746	    -26.81104321	     52.30099022	    105.47078044	      4.79168725	     -5.04774589	    -25.99788902	     38.92853614	     88.51607731
      0.27000000	      0.75685769	      3.92739772	     87.79954282	     -0.21194160	      0.96998506	      0.75883449	     -1.39970093	      4.22376830	     -8.85386674	     14.61515622	      0.25508260	      8.56304869	      3.08350803	     -7.50366217	     19.66876271	     -5.64548022	    -11.94961546	     44.12395640	      0.77010832	     -0.76155880	    -24.73408491	     -7.50366217	    -16.45725374	      1.08102698	      3.20832537	      1.13071829	     -5.95742121	    -26.27049392	     53.17524303	    105.16093324	      3.93248171	     -5.02684871	    -26.56185662	     38.90384687	     88.44988749
      0.28000000	      1.04136694	      3.54540425	     87.43248235	     -0.21084427	      0.96916085	      0.74766155	     -1.88165831	      4.50654756	     -9.21826677	     14.32801784	      0.25007109	      8.59978820	      3.66605413	     -7.50362387	     20.42513869	     -5.97094602	    -12.83606021	     40.87324430	      0.71337269	     -0.80279415	    -23.91337770	     -7.50362387	    -16.09520152	      1.34948814	      3.62925432	      1.25440408	     -6.02574244	    -26.04608719	     53.90910133	    105.04385805	      2.99814588	     -5.07854548	    -26.87259550	     38.79608490	     88.39036194
      0.29000000	      1.01306638	      4.16041544	     86.82557685	     -0.20978701	      0.96942526	      0.73620903	     -3.44514236	      4.28575160	     -9.89031370	     14.07904759	      0.24572574	      9.29259701	      5.70653682	     -7.50341588	     19.78275066	     -5.94361240	    -14.27104658	     37.26024512	      0.65031396	      0.04527997	    -21.37315742	     -7.50341588	    -16.92431580	      1.16461839	      4.24054036	      1.29158920	     -6.41892982	    -25.19514196	     54.98160891	    104.54851233	      2.32307227	     -4.84851989	    -27.90368068	     38.83975406	     88.35265884
      0.30000000	      1.00295469	      4.08568586	     86.21844740	     -0.20902761	      0.96844636	      0.72522496	     -4.04637691	      4.11310163	    -10.15489659	     14.22319498	      0.24824158	      9.83039920	      6.58941255	     -7.50328029	     19.97323206	     -5.87641081	    -15.61848685	     33.74169825	      0.58890373	      0.46763900	    -18.76395595	     -7.50328029	    -16.97650384	      1.11070937	      4.81062563	      1.49868419	     -6.74502401	    -24.64460200	     55.67156435	    104.03180999	      1.51872274	     -4.68801485	    -28.54412282	     38.69363204	     88.20302157
      0.31000000	      1.10006290	      4.15175781	     85.69838636	     -0.20851838	      0.96740440	      0.71409353	     -4.87774021	      4.04881218	    -10.50402094	     14.21804558	      0.24815171	     10.43178143	      7.66350470	     -7.50315310	     19.99218560	     -5.79504972	    -16.66949379	     30.24047600	      0.52779587	      0.93745402	    -15.42934259	     -7.50315310	    -17.16140047	      1.15127137	      5.36126035	      1.53819040	     -7.10142954	    -24.00743406	     56.63182311	    103.64658606	      0.85058288	     -4.48756838	    -29.31359448	     38.62577243	     88.12079933
      0.32000000	      1.22360087	      4.12424307	     85.19762842	     -0.20824150	      0.96595633	      0.70307283	     -5.49799703	      3.97120773	    -10.84435635	     14.46288317	      0.25242493	     11.05806141	      8.60710899	     -7.50302455	     20.13194727	     -5.70499593	    -17.70309187	     26.85874853	      0.46877359	      1.46351532	    -11.44954459	     -7.50302455	    -17.27615926	      1.27047415	      5.87506517	      1.66879992	     -7.48739569	    -23.48191019	     57.48411145	    103.33180304	      0.16070031	     -4.24647418	    -30.13437522	     38.49961080	     88.17922317
      0.33000000	      1.20942756	      4.10604152	     84.59444108	     -0.20816643	      0.96430819	      0.69191658	     -6.06409816	      3.70103144	    -11.08322823	     14.84079832	      0.25902079	     11.86781925	      9.28788317	     -7.50294633	     20.16513876	     -5.42834235	    -18.82757748	     23.43333528	      0.40898886	      1.76290445	     -7.34442292	     -7.50294633	    -17.36011374	      1.26119822	      6.44141378	      1.82017810	     -7.87186535	    -22.99581270	     58.22951909	    103.26744527	     -0.53043583	     -3.98111338	    -30.85266978	     38.28293108	     88.31975413
      0.34000000	      1.28152025	      3.92696807	     84.07989906	     -0.20820549	      0.96218883	      0.68133410	     -6.31290646	      3.54785510	    -11.18968014	     15.45159620	      0.26968123	     12.58479105	      9.60595337	     -7.50286007	     20.52016343	     -5.23793399	    -19.65300767	     20.39189710	      0.35590575	      1.82197338	     -3.09927024	     -7.50286007	    -17.36524674	      1.37179538	      6.92598651	      2.00339717	     -8.32306774	    -22.44619593	     59.06472042	    102.96711001	     -1.10760246	     -3.72195900	    -31.56935777	     38.12298199	     88.30141972
      0.35000000	      1.33531232	      3.71792149	     83.62068059	     -0.20839709	      0.95990689	      0.67067929	     -6.52853172	      3.36280086	    -11.32364921	     16.07603842	      0.28057980	     13.39341486	     10.03563541	     -7.50280609	     20.80170499	     -4.92725178	    -20.08038114	     17.29086622	      0.30178255	      1.63487369	      0.34579314	     -7.50280609	    -17.34223153	      1.46372283	      7.38540638	      2.20635643	     -8.71230146	    -21.98896953	     59.79778777	    102.89430987	     -1.66587050	     -3.46666893	    -32.24460655	     37.95328043	     88.39367484
      0.36000000	      1.35595548	      3.59711675	     83.18918523	     -0.20888086	      0.95767820	      0.65995594	     -6.81554468	      3.09786354	    -11.45174161	     16.75575137	      0.29244303	     14.12068968	     10.43820915	     -7.50275272	     20.94972201	     -4.59079709	    -20.38712996	     14.39635186	      0.25126374	      1.16367954	      3.61329999	     -7.50275272	    -17.38083578	      1.56787763	      7.75306310	      2.47786532	     -9.13459230	    -21.48346884	     60.37429411	    102.80565118	     -2.16190003	     -3.13919436	    -32.96752367	     37.71845668	     88.47344351
      0.37000000	      1.29819193	      3.44079808	     82.81824639	     -0.20948360	      0.95533264	      0.64923105	     -7.03156402	      2.76463117	    -11.47896249	     17.50246847	      0.30547570	     14.75328014	     10.78972317	     -7.50268143	     21.08995394	     -4.15571756	    -20.46057970	     11.62017019	      0.20281023	      0.58194217	      6.20919488	     -7.50268143	    -17.39173216	      1.57805476	      8.08896182	      2.72759572	     -9.51926050	    -21.03274394	     60.90133696	    102.59814340	     -2.58981587	     -2.89551486	    -33.70908827	     37.49310797	     88.53252490
      0.38000000	      1.10813260	      3.25089699	     82.34404845	     -0.21023692	      0.95290787	      0.63855251	     -7.10519017	      2.21863877	    -11.41778534	     18.38236205	      0.32083274	     15.58003975	     11.37932988	     -7.50224124	     21.16779587	     -3.60757130	    -20.52729548	      8.99290065	      0.15695573	      0.01199061	      8.20627852	     -7.50224124	    -17.33264577	      1.46831346	      8.34175623	      3.11118904	     -9.99920972	    -20.14809750	     61.23764215	     99.43692509	     -3.03381369	     -2.47135409	    -34.46206782	     37.32859945	     85.30737209
      0.39000000	      1.01190726	      3.06657730	     82.01717540	     -0.21081612	      0.95047776	      0.62767356	     -7.29026450	      1.88035623	    -11.06911567	     19.07856876	      0.33298384	     16.11299331	     11.13662088	     -7.50228579	     21.36526871	     -3.22622033	    -20.63198106	      7.00530863	      0.12226570	     -0.50632956	      9.80700338	     -7.50228579	    -17.26149359	      1.43909315	      8.63263976	      3.37809064	    -10.19417254	    -20.06120150	     61.62748852	    100.07342192	     -3.39943195	     -2.26201474	    -35.06111256	     37.04959141	     85.93803643
      0.40000000	      0.77755502	      2.97143189	     81.72770080	     -0.21172898	      0.94819110	      0.61639328	     -7.51252102	      1.29633348	    -10.96876728	     19.94163713	      0.34804723	     16.65672482	     11.45327573	     -7.50218869	     21.51301573	     -2.71563996	    -20.94528693	      5.54760329	      0.09682394	     -1.03528201	     10.74193258	     -7.50218869	    -17.18992673	      1.30055845	      8.69397090	      3.74186423	    -10.43548562	    -19.63824776	     61.75706485	    100.30108301	     -3.80629799	     -2.00387507	    -35.91350804	     36.72370520	     86.40943901
      0.41000000	      0.69753390	      2.90830110	     81.43545984	     -0.21209946	      0.94587979	      0.60474133	     -7.87932868	      0.98700783	    -10.49242377	     20.61208676	      0.35974878	     17.03377473	     11.20772648	     -7.50213646	     21.90391171	     -2.59761273	    -21.74931773	      5.27678729	      0.09209731	     -1.20110156	     11.79404445	     -7.50213646	    -17.11164004	      1.22856667	      8.86129095	      3.98683085	    -10.58953050	    -19.35843052	     61.85024135	    100.45510479	     -4.43652458	     -1.98801437	    -35.99043328	     36.70482635	     86.62286419
      0.42000000	      0.64205048	      2.78228368	     80.97267224	     -0.21210169	      0.94349515	      0.59304573	     -8.10566151	      0.70409084	     -9.68084944	     21.38570810	      0.37325102	     17.22489776	     10.82530414	     -7.50197727	     22.46787544	     -2.70631823	    -22.80194789	      5.75513635	      0.10044608	     -1.22380382	     12.48723831	     -7.50197727	    -16.93602505	      1.15879526	      9.09308570	      4.26381062	    -10.67004623	    -19.04869782	     61.88172645	    100.51766428	     -4.66204511	     -1.72582304	    -37.28567728	     36.12427723	     86.81518164
      0.43000000	      0.55038925	      2.87457905	     80.81055430	     -0.21216395	      0.94163463	      0.58042499	     -8.79952400	      0.42322122	     -9.15414409	     21.81013610	      0.38065869	     17.29432312	     10.45166330	     -7.50194039	     22.65287059	     -2.65444444	    -23.58739031	      6.38304933	      0.11140523	     -1.15034506	     13.13744958	     -7.50194039	    -16.87965961	      1.02562579	      9.07249224	      4.41745959	    -10.53785008	    -19.00974012	     61.79383666	    100.83230835	     -5.14476770	     -1.71989567	    -37.86008506	     35.85444649	     87.28432516
      0.44000000	      0.46251602	      2.95277426	     80.66933417	     -0.21203555	      0.93981119	      0.56764980	     -9.48822755	      0.16387545	     -8.63904597	     22.24968485	      0.38833026	     17.18561579	      9.94142723	     -7.50173356	     22.73873878	     -2.64297211	    -24.25740828	      7.16666947	      0.12508198	     -1.10161100	     13.61830653	     -7.50173356	    -16.79423296	      0.86372414	      8.98274179	      4.60584710	    -10.33632995	    -18.98430144	     61.59629749	    101.83294656	     -5.58065060	     -1.71341408	    -38.80037717	     35.53093572	     88.31447590
      0.45000000	      0.24257687	      3.22240820	     80.20150842	     -0.21175605	      0.93844792	      0.55473949	    -10.20357358	     -0.38965576	     -7.86525784	     22.92723309	      0.40015571	     16.83980624	      9.71047193	     -7.50154412	     22.39632293	     -2.53035423	    -24.83876980	      7.90357283	      0.13794337	     -0.99875702	     13.48808969	     -7.50154412	    -16.82918448	      0.48419132	      9.11186176	      4.77235988	    -10.14474742	    -18.94537393	     61.36719538	    101.73370896	     -6.06700005	     -1.75461183	    -39.27881763	     35.25828662	     88.63913283
      0.46000000	      0.09906282	      3.54401749	     80.17021207	     -0.21196549	      0.93726702	      0.54104283	    -11.21816683	     -0.83870112	     -7.66340411	     23.29576433	      0.40658779	     16.33811969	      9.74898851	     -7.50135014	     21.96043587	     -2.31279337	    -24.82553384	      8.84992132	      0.15446027	     -1.03093703	     12.64658013	     -7.50135014	    -16.90389944	      0.24185739	      9.03200122	      4.60211680	     -9.92910392	    -19.11942625	     61.34332450	    101.75079570	     -6.47140084	     -1.84307362	    -39.74395559	     34.91178686	     88.87120821
      0.47000000	      0.00256472	      3.92219803	     80.12544529	     -0.21212243	      0.93632712	      0.52707327	    -12.32610929	     -1.25559093	     -7.55133683	     23.57801755	      0.41151404	     15.52091662	      9.78312847	     -7.50117636	     21.38791456	     -2.14705041	    -24.62815369	      9.96154869	      0.17386182	     -1.17799722	     11.62951425	     -7.50117636	    -16.97655672	      0.05327959	      8.85539750	      4.47625435	     -9.62939143	    -19.33119471	     61.24028381	    101.92487140	     -6.94886255	     -1.94711219	    -40.15889987	     34.63671826	     88.96497900
      0.48000000	     -0.31850282	      4.29897258	     80.17516593	     -0.21264458	      0.93545682	      0.51273850	    -13.31141771	     -1.91318831	     -7.40031871	     24.09602217	      0.42055492	     14.64304785	      9.83186400	     -7.50086017	     20.75658659	     -1.62342740	    -24.50355169	     10.94944609	      0.19110389	     -2.73395977	      9.67709149	     -7.50086017	    -16.95900078	     -0.35684748	      8.60321973	      4.21848048	     -9.41574136	    -19.39989582	     61.06970676	    101.63382142	     -7.41259828	     -2.12276907	    -40.13790545	     34.31686339	     87.30688411
      0.49000000	     -0.47852674	      4.64000458	     80.52790063	     -0.21329725	      0.93490792	      0.49845682	    -14.39116624	     -2.24397365	     -7.33999613	     24.36855073	      0.42531144	     13.23141046	      9.38430608	     -7.50062781	     20.26050279	     -1.21549291	    -24.38492882	     11.79264503	      0.20582048	     -5.43646575	      7.27572533	     -7.50062781	    -16.97768118	     -0.58169349	      8.14535336	      3.97282081	     -8.92495894	    -20.00028190	     60.88143993	    102.42460902	     -7.77448679	     -2.33150423	    -40.28893427	     34.08352113	     86.76624182
      0.50000000	     -0.95376005	      4.78352386	     80.85605459	     -0.21410365	      0.93457177	      0.48482641	    -14.84258663	     -2.94010474	     -7.29974182	     25.27220513	      0.44108319	     11.71286246	      9.06198417	     -7.50045453	     20.09793177	     -0.52360032	    -23.73136330	     12.68122335	      0.22132910	     -6.89710483	      4.90076333	     -7.50045453	    -16.82522686	     -1.09810294	      7.59294926	      3.88169450	     -8.43552790	    -20.47595668	     60.45145447	    103.02826347	     -7.97706334	     -2.58547626	    -40.52074443	     33.64044809	     86.55002847
      0.51000000	     -1.53296286	      4.94120590	     81.28241219	     -0.21520885	      0.93479608	      0.47122486	    -15.19227273	     -3.73768298	     -7.36808733	     26.32554610	      0.45946746	      9.84231139	      8.63674283	     -7.50039904	     19.92771018	      0.28271149	    -22.82662198	     13.84744478	      0.24168350	     -7.70178700	      3.84874575	     -7.50039904	    -16.70631096	     -1.70369292	      6.95886873	      3.74785867	     -7.96562043	    -20.92118377	     59.99275862	    103.11081393	     -7.96671838	     -2.80329007	    -41.09867375	     33.05341713	     86.99151086
      0.52000000	     -2.12263638	      5.14938661	     81.76320556	     -0.21603014	      0.93561735	      0.45743058	    -15.56074091	     -4.43621613	     -7.22891345	     27.39049576	      0.47805433	      7.51169346	      7.70467233	     -7.50023780	     19.61588222	      1.04589040	    -22.13623861	     15.09366911	      0.26343422	     -8.51869812	      3.54410277	     -7.50023780	    -16.64527455	     -2.35362052	      6.34795700	      3.56155843	     -7.33420296	    -21.73059890	     59.49639660	    104.74487877	     -7.90453685	     -3.17705545	    -41.28882419	     32.45665171	     87.65117444
      0.53000000	     -2.84382053	      5.48581424	     82.25042300	     -0.21692891	      0.93694881	      0.44337767	    -15.98885312	     -5.26756989	     -7.05840472	     28.53463510	      0.49802333	      4.91080591	      6.40122861	     -7.50020718	     19.14258825	      2.02468022	    -21.17065528	     16.33543329	      0.28510710	     -8.50942560	      2.22545858	     -7.50020718	    -16.69674678	     -3.15352568	      5.81798694	      3.23825570	     -6.60844194	    -22.73386030	     59.08817664	    102.70482557	     -7.74480900	     -3.55124364	    -41.31664769	     31.85897043	     86.38283519
      0.54000000	     -3.44678173	      5.72465412	     82.88444882	     -0.21852673	      0.93814268	      0.42892569	    -16.22201003	     -6.03446758	     -7.31198876	     29.87653755	      0.52144395	      1.96517689	      5.83154221	     -7.50012034	     18.85592083	      3.07063156	    -19.29688100	     17.70475637	      0.30900629	     -7.95222688	      0.18580274	     -7.50012034	    -16.61738544	     -3.69709932	      5.07958886	      2.88694323	     -6.13799814	    -23.51968774	     58.65273456	    105.31309918	     -7.77782093	     -3.83797386	    -41.36055887	     31.46855272	     87.56700539
      0.55000000	     -3.96327193	      6.12112372	     83.29785795	     -0.22000143	      0.93947816	      0.41422258	    -16.51414473	     -6.79889624	     -7.26865785	     31.32302641	      0.54668994	     -1.37918123	      5.19489630	     -7.50009829	     18.30408822	      4.05090223	    -17.37130705	     19.02838244	      0.33210792	     -7.14225434	     -3.03142527	     -7.50009829	    -16.67123750	     -4.18445618	      4.66711052	      2.27638798	     -5.87838914	    -24.01537100	     58.46971554	    104.80056646	     -7.74117654	     -3.97531003	    -41.38976508	     31.26193778	     86.51438207
      0.56000000	     -4.27781323	      6.22955944	     83.90483117	     -0.22175140	      0.94042817	      0.39969148	    -16.36894323	     -7.21042044	     -7.22338235	     32.91845648	      0.57453545	     -5.33569785	      4.06665983	     -7.50008753	     17.99409652	      4.89922429	    -15.17851406	     20.35011744	      0.35517655	     -6.00155827	     -5.71429795	     -7.50008753	    -16.46495051	     -4.36573622	      4.21531864	      1.57913167	     -5.53916875	    -24.84526968	     58.39206294	    104.16671938	     -7.73752799	     -4.25573469	    -40.69034976	     31.03336992	     85.60045678
      0.57000000	     -4.69936483	      6.33217033	     84.23434277	     -0.22325907	      0.94154333	      0.38550987	    -15.93005573	     -7.87663744	     -7.04795248	     34.74402665	      0.60639766	     -9.78571223	      2.75069737	     -7.50008125	     17.44508992	      5.82409786	    -13.59032078	     21.21069638	      0.37019649	     -4.68018388	     -6.95057243	     -7.50008125	    -16.31725971	     -4.72887613	      4.14005389	      0.74922164	     -5.26586525	    -25.67302080	     58.57956094	    103.36648121	     -7.60378709	     -4.43240043	    -40.05837544	     31.04181096	     84.79246217
      0.58000000	     -4.94222348	      6.19369681	     84.57888228	     -0.22473628	      0.94236690	      0.37197312	    -14.97090623	     -8.22114476	     -6.49581772	     36.79195838	      0.64214081	    -14.25119510	      1.02040850	     -7.50007402	     17.07927135	      6.52975676	    -12.06611174	     21.88335294	      0.38193656	     -3.64233033	     -8.66997327	     -7.50007402	    -15.97036426	     -4.87640833	      3.82133055	      0.25189099	     -5.13524876	    -26.02968562	     58.33750351	    103.56307456	     -7.53104181	     -4.62395254	    -39.56443277	     31.10992058	     84.88936252
      0.59000000	     -5.27846353	      5.99825045	     84.82311319	     -0.22602845	      0.94325240	      0.35888270	    -13.74950303	     -8.80213547	     -6.17060914	     38.92869629	      0.67943392	    -18.16034424	     -0.16947436	     -7.50006588	     16.53347699	      7.25764544	    -11.09917937	     21.99458647	      0.38387795	     -2.79812989	     -9.58248195	     -7.50006588	    -15.64358224	     -5.15606033	      3.59169738	     -0.21783964	     -4.98119545	    -26.43534751	     58.20206280	    103.55289519	     -7.41713728	     -4.78511598	    -39.15820383	     31.40086970	     85.40979829
      0.60000000	     -5.60002030	      5.72127414	     85.10647619	     -0.22710208	      0.94431556	      0.34628485	    -12.30933261	     -9.25234300	     -5.72569185	     41.17899591	      0.71870906	    -21.70599716	     -1.03549054	     -7.50005339	     15.92725679	      7.87375774	    -10.50128128	     21.81455762	      0.38073586	     -2.01998985	     -9.80275510	     -7.50005339	    -15.29696390	     -5.42959399	      3.35260431	     -0.65794144	     -4.74865159	    -26.92007779	     58.07846464	    104.49540653	     -7.16322417	     -5.02908502	    -38.64573987	     31.65812738	     86.50548943
      0.61000000	     -5.94041040	      5.39632083	     85.10372445	     -0.22763172	      0.94544324	      0.33420681	    -10.53930591	     -9.84241977	     -5.17468613	     43.74424196	      0.76348105	    -25.06152752	     -2.00447598	     -7.50004908	     15.28297180	      8.31368643	    -10.74431959	     21.37709534	      0.37310070	     -1.29437054	     -9.27363832	     -7.50004908	    -14.93722068	     -5.79945019	      3.37554684	     -0.99055138	     -4.50822331	    -27.31584666	     57.90892462	    102.53664388	     -6.73884093	     -5.21052624	    -38.20573786	     31.86470177	     85.75188892
      0.62000000	     -6.12083153	      5.29455955	     85.15261421	     -0.22832998	      0.94696614	      0.32224901	     -9.02413990	    -10.30499946	     -4.79198809	     46.26393131	      0.80745793	    -28.67938901	     -3.70817089	     -7.50004505	     14.33918190	      8.60200529	    -11.04681533	     20.90540484	      0.36486815	     -0.51116770	     -8.41566861	     -7.50004505	    -14.88395294	     -5.96941026	      3.07786390	     -1.07169674	     -4.37672671	    -27.40952211	     57.67209384	    102.30346461	     -6.54672642	     -5.33732187	    -37.70275548	     32.48574770	     85.31871433
      0.63000000	     -6.28802209	      5.22995525	     85.22594730	     -0.22902218	      0.94866573	      0.31053387	     -7.42243069	    -10.84909821	     -4.68584988	     48.91160023	      0.85366847	    -30.71722949	     -5.12914720	     -7.50004426	     13.31096922	      8.89678249	    -11.32125478	     20.35190657	      0.35520778	      0.21000336	     -7.59673814	     -7.50004426	    -14.94787364	     -6.13360181	      2.85563494	     -1.20280294	     -4.31165784	    -27.49564245	     57.50817957	    102.52569050	     -6.09473780	     -5.43975092	    -37.54879802	     32.91986370	     85.49819003
      0.64000000	     -6.30290105	      4.82608173	     84.94193213	     -0.22911575	      0.94997544	      0.29923556	     -5.25512226	    -11.07647969	     -3.93439441	     51.53263048	      0.89941407	    -30.97820354	     -6.97975075	     -7.50004196	     12.71233044	      8.80940739	    -12.40853196	     19.88064556	      0.34698272	      0.96986735	     -5.88835697	     -7.50004196	    -14.61731813	     -6.15189902	      2.88569256	     -1.25236223	     -4.21272375	    -27.66276142	     57.31372242	    102.67273732	     -5.81315687	     -5.51626011	    -37.13792169	     33.53643260	     85.75502964
      0.65000000	     -6.31651082	      4.67274229	     84.86527715	     -0.22934292	      0.95171372	      0.28801054	     -3.47308549	    -11.29821279	     -3.63852593	     53.82915400	      0.93949597	    -29.41804858	     -8.68701732	     -7.50004037	     11.76729352	      8.84005284	    -13.10951448	     19.27050128	      0.33633370	      1.63643175	     -4.70274522	     -7.50004037	    -14.62119426	     -6.17161645	      2.73304194	     -1.23464008	     -4.15115245	    -27.68535928	     57.07477413	    102.59860302	     -5.27060128	     -5.64703044	    -36.78343448	     33.91301234	     85.80223565
      0.66000000	     -6.12953586	      4.45205856	     84.91319286	     -0.22966374	      0.95336580	      0.27707879	     -1.61395554	    -11.18430107	     -3.42450522	     55.92236731	      0.97602944	    -26.56580527	    -10.15452144	     -7.50003888	     10.96231511	      8.68687078	    -13.47775104	     18.81252641	      0.32834053	      2.29297819	     -3.78943607	     -7.50003888	    -14.62329279	     -5.89731483	      2.38445112	     -1.15277703	     -4.07477077	    -27.67373398	     57.00008163	    102.02489082	     -4.77608536	     -5.74358609	    -36.49483206	     34.40393618	     85.53789576
      0.67000000	     -6.16889447	      4.09308344	     84.41655559	     -0.22934468	      0.95467623	      0.26602892	      0.68722847	    -11.29665435	     -2.73467964	     57.98155397	      1.01196902	    -23.33070085	    -12.32029687	     -7.50003647	     10.24325214	      8.58468142	    -15.04665171	     18.16074074	      0.31696472	      3.04526032	     -1.35460157	     -7.50003647	    -14.33791483	     -5.99624458	      2.71783784	     -1.24384518	     -4.05388264	    -27.87282696	     56.82846651	    102.43382144	     -4.32598727	     -5.97455847	    -35.48466223	     34.92120321	     86.00912770
      0.68000000	     -5.94395212	      3.86638070	     84.58378739	     -0.22997770	      0.95615792	      0.25528600	      2.55325012	    -11.04216854	     -2.65473570	     59.51455718	      1.03872498	    -20.12926474	    -14.37448545	     -7.50003535	      9.40338274	      8.49398117	    -14.99034388	     17.56422618	      0.30655358	      3.53156084	     -0.76549825	     -7.50003535	    -14.35206182	     -5.63718985	      2.28079472	     -1.16765749	     -4.07596833	    -27.79145697	     56.76098392	    101.96761799	     -3.69215734	     -6.06757575	    -35.21472451	     35.26969689	     85.80213957
      0.69000000	     -5.85883558	      3.52218061	     84.30262849	     -0.22978654	      0.95739201	      0.24446020	      4.77096312	    -10.97348902	     -2.27408258	     60.82158260	      1.06153687	    -17.85558117	    -17.37618635	     -7.50003403	      8.72455919	      8.36457277	    -15.94901266	     16.99597648	      0.29663575	      3.99357802	      0.83106398	     -7.50003403	    -14.15499585	     -5.55477143	      2.34880130	     -1.22775204	     -4.07189534	    -27.84169535	     56.76169621	    102.26483449	     -3.16173574	     -6.26289279	    -34.46816065	     35.81632244	     86.15475453
      0.70000000	     -5.67306889	      3.38566103	     84.39307214	     -0.23022439	      0.95894894	      0.23357493	      6.47373664	    -10.79136838	     -2.29022829	     61.60592742	      1.07522627	    -15.29217737	    -19.74686606	     -7.50003371	      7.69291938	      8.37337035	    -15.77283351	     16.15984043	      0.28204242	      4.40623778	      1.32810469	     -7.50003371	    -14.18556256	     -5.28332710	      2.04462417	     -1.19761881	     -4.11153094	    -27.85089345	     56.61506585	    102.38015843	     -2.41220192	     -6.38272767	    -34.12951883	     36.07438905	     86.28749722
      0.71000000	     -5.58610801	      2.88480877	     84.33750958	     -0.23053376	      0.95962133	      0.22292211	      8.68797921	    -10.69199218	     -2.25602891	     62.27400566	      1.08688644	    -13.17786168	    -22.85595779	     -7.50003264	      7.19185150	      8.37691236	    -16.03920877	     15.54109425	      0.27124326	      4.79938788	      2.24401992	     -7.50003264	    -13.82048277	     -5.09092943	      1.87628588	     -1.29850496	     -4.11017619	    -27.90335578	     56.76479063	    102.72740867	     -1.96832364	     -6.62842659	    -33.11766730	     36.69813526	     86.77914413
      0.72000000	     -5.33656014	      2.82551475	     84.46186222	     -0.23095862	      0.96112940	      0.21200677	     10.16544808	    -10.47368190	     -2.50152712	     62.40943769	      1.08925017	    -10.66512467	    -25.06724966	     -7.50003286	      6.04736997	      8.35487723	    -15.79287061	     14.61938672	      0.25515643	      4.99829502	      2.63665498	     -7.50003286	    -13.95467149	     -4.74215205	      1.62827093	     -1.30612798	     -4.19003453	    -27.95269332	     56.69952624	    103.18741995	     -1.09274218	     -6.69533675	    -32.80662598	     36.93492563	     87.09964325
      0.73000000	     -5.07827171	      2.66356686	     84.61066679	     -0.23141859	      0.96225152	      0.20122320	     11.73554060	    -10.19744675	     -2.74082769	     62.31466907	      1.08759615	     -8.10715692	    -27.00457979	     -7.50003296	      5.07680681	      8.29203312	    -15.49572824	     13.83141514	      0.24140373	      5.22045593	      3.05128462	     -7.50003296	    -13.99969260	     -4.38745313	      1.38356345	     -1.38032002	     -4.25977051	    -28.02438230	     56.80651013	    103.50042556	     -0.27105793	     -6.74624215	    -32.45505493	     37.31335143	     87.36213635
      0.74000000	     -4.73728875	      2.34103101	     84.84085746	     -0.23168363	      0.96299394	      0.19049349	     13.38552846	     -9.82603414	     -3.15631980	     61.91066814	      1.08054500	     -5.74139545	    -28.04356502	     -7.50003219	      4.38936857	      8.03770895	    -15.36424387	     13.32209221	      0.23251437	      5.76850574	      3.70686651	     -7.50003219	    -13.91961693	     -3.91436661	      1.08460451	     -1.58746083	     -4.22490793	    -28.16956800	     57.18878190	    103.44356515	      0.38418019	     -7.02903700	    -31.40973164	     37.77504555	     87.67333768
      0.75000000	     -4.45590064	      2.17369976	     84.93473183	     -0.23216555	      0.96363421	      0.17980933	     14.85318809	     -9.44609731	     -3.24260629	     61.26019617	      1.06919212	     -4.05621219	    -29.27729067	     -7.50003236	      3.41873273	      7.95548158	    -15.07492741	     12.48244298	      0.21785973	      5.95345653	      4.12147891	     -7.50003236	    -13.86630132	     -3.50405929	      0.89027351	     -1.58712487	     -4.39214590	    -28.20195240	     57.17051242	    103.73370577	      1.29888746	     -7.03236854	    -31.06973225	     38.13395894	     87.92680153
      0.76000000	     -4.02758947	      2.11495571	     85.34504443	     -0.23227125	      0.96434587	      0.16909086	     15.97159131	     -9.10407819	     -4.03609355	     60.22077378	      1.05105078	     -2.29054438	    -29.22200851	     -7.50003060	      2.48270400	      7.54750662	    -15.15555388	     12.09484411	      0.21109485	      6.62718408	      5.40743457	     -7.50003060	    -14.10953981	     -3.02100039	      0.52158506	     -1.79519502	     -4.37635340	    -28.29415121	     57.54116695	    103.33486590	      1.99339217	     -7.63337903	    -29.36858161	     38.62964167	     88.46758505
      0.77000000	     -3.72415562	      2.06513670	     85.43924532	     -0.23259312	      0.96479188	      0.15815685	     17.05730423	     -8.77376852	     -4.35456087	     58.83712543	      1.02690156	     -1.37553639	    -29.40884290	     -7.50002702	      1.46957922	      7.38073689	    -15.10781175	     11.47550978	      0.20028543	      6.97556926	      5.73364214	     -7.50002702	    -14.25381655	     -2.61683127	      0.34972948	     -1.95765218	     -4.53677228	    -28.12385941	     57.89112711	    100.93256381	      2.65118639	     -7.75825821	    -28.29211404	     39.25079750	     86.86106429
      0.78000000	     -3.45251002	      1.99712451	     85.76194249	     -0.23291915	      0.96518127	      0.14730080	     18.04668150	     -8.47483141	     -4.84565160	     57.21719014	      0.99862836	     -0.57565503	    -29.19013816	     -7.50002492	      0.54605838	      7.17980243	    -15.08342162	     10.97287356	      0.19151277	      7.24037408	      6.41977752	     -7.50002492	    -14.34608299	     -2.24629668	     -0.09040510	     -1.97776593	     -4.61380321	    -27.97410090	     57.92390739	     99.48862773	      3.48880737	     -7.99595830	    -27.43653089	     39.52137572	     85.81555491
      0.79000000	     -3.16422562	      2.06524026	     85.93502717	     -0.23305672	      0.96535062	      0.13639808	     18.82611098	     -8.17171133	     -5.34938365	     55.32308028	      0.96556990	      0.25458557	    -28.32159938	     -7.50002211	     -0.53862421	      6.95954491	    -15.17848006	     10.49773229	      0.18321999	      7.86332306	      7.31336542	     -7.50002211	    -14.63781131	     -1.87732341	     -0.28023512	     -2.17569810	     -4.67345348	    -28.02192245	     58.40106840	     98.34577165	      4.26776972	     -8.19020291	    -26.42457042	     40.15471698	     84.88089733
      0.80000000	     -2.91412296	      2.03095138	     86.24289329	     -0.23310743	      0.96527177	      0.12552112	     19.62167746	     -7.89185913	     -5.96436462	     53.20789178	      0.92865290	      0.70069977	    -27.46778844	     -7.50002061	     -1.42842487	      6.72985296	    -15.21540945	     10.15186508	      0.17718347	      8.25710891	      7.94952678	     -7.50002061	    -14.77144252	     -1.55743016	     -0.70267900	     -2.11656703	     -4.66357301	    -28.10066767	     58.34676007	     98.20835743	      5.12017539	     -8.45607647	    -25.79647305	     40.45798628	     84.77092698
      0.81000000	     -2.68273419	      2.11707943	     86.60798810	     -0.23310501	      0.96493708	      0.11482181	     20.17041684	     -7.58378322	     -6.55899250	     50.78466049	      0.88635953	      1.40349562	    -26.20374947	     -7.50001900	     -2.43056083	      6.51637120	    -15.06847732	      9.84847638	      0.17188834	      8.99021529	      8.67660050	     -7.50001900	    -15.09040771	     -1.28565368	     -1.10207810	     -2.18875329	     -4.56834570	    -28.32278965	     58.70080235	     98.57508234	      5.92807529	     -8.76813711	    -24.88475348	     41.11315769	     85.06591201
      0.82000000	     -2.54266959	      2.24513984	     86.78826721	     -0.23293351	      0.96449079	      0.10355411	     20.59866984	     -7.33688539	     -7.04740677	     48.15612681	      0.84048297	      1.91915556	    -24.99181336	     -7.50001722	     -3.47011456	      6.38014763	    -15.26919652	      9.62985143	      0.16807261	      9.55407389	      9.44713064	     -7.50001722	    -15.37879244	     -1.11119248	     -1.31285537	     -2.29433235	     -4.48407301	    -28.60245439	     58.99228153	     98.73402390	      6.67104847	     -9.06587711	    -23.89184902	     41.62662096	     85.29367500
      0.83000000	     -2.57351361	      2.01515421	     86.99452984	     -0.23298666	      0.96326825	      0.09248564	     21.48432964	     -7.26428458	     -7.52022558	     45.50372732	      0.79418986	      2.24130871	    -23.82948628	     -7.50001637	     -4.06899365	      6.46141495	    -14.97566530	      9.44400041	      0.16482890	      9.96633811	      9.41449685	     -7.50001637	    -15.13617683	     -1.09765317	     -1.77149323	     -2.21585244	     -4.47390543	    -28.55573646	     58.75989306	     98.33677337	      7.37375486	     -9.24285652	    -23.45058741	     41.93401603	     85.02622050
      0.84000000	     -2.34210433	      2.51562443	     87.39808373	     -0.23296946	      0.96302019	      0.08140028	     21.30861750	     -7.02281615	     -8.45280929	     42.50329713	      0.74182248	      2.76416630	    -21.91269243	     -7.50001511	     -5.42463541	      6.17749255	    -15.16017879	      9.37811734	      0.16367903	     10.65781593	     10.49851855	     -7.50001511	    -15.95948227	     -0.80142644	     -2.12603645	     -2.32182950	     -4.38656351	    -28.90652429	     59.31289986	     98.74810569	      8.26366486	     -9.59361967	    -22.38720541	     42.60116311	     85.39321999
      0.85000000	     -2.31117847	      2.44640458	     87.68579423	     -0.23270791	      0.96172287	      0.07036675	     21.79172036	     -6.88244271	     -9.27589869	     39.40758789	      0.68779216	      3.29378298	    -20.06250715	     -7.50000991	     -6.11844588	      6.11451729	    -14.92508896	      9.36782273	      0.16349935	     11.19666979	     10.76557799	     -7.50000991	    -16.02565763	     -0.75252552	     -2.49896508	     -2.18595890	     -4.12460975	    -29.52871215	     59.23490571	    102.09859333	      9.09138646	     -9.89340637	    -22.01817737	     42.89231524	     89.31979095
      0.86000000	     -2.26200484	      2.38889806	     87.91466623	     -0.23230505	      0.96033658	      0.05926431	     22.26776634	     -6.64460000	     -9.94638699	     36.35406774	      0.63449818	      3.40017362	    -18.20319136	     -7.50000922	     -6.79644552	      6.02383319	    -14.69052075	      9.44026597	      0.16476372	     11.72736443	     10.66765880	     -7.50000922	    -16.06555291	     -0.69578557	     -2.80702673	     -2.16569644	     -4.05320532	    -29.61527403	     59.11758146	    101.22486335	      9.90589887	    -10.07247755	    -21.38461385	     43.22456588	     88.65420027
      0.87000000	     -2.18401567	      2.67862569	     88.34684098	     -0.23213191	      0.95934607	      0.04807840	     22.21598970	     -6.46983072	    -10.98591250	     33.20818546	      0.57959217	      3.98541977	    -15.32790607	     -7.50000861	     -7.79585149	      5.84557417	    -14.56699060	      9.63958790	      0.16824255	     12.35222469	     11.14299831	     -7.50000861	    -16.56460568	     -0.55726358	     -3.22974797	     -2.20260976	     -3.92311757	    -29.87096168	     59.37928019	    100.83196824	     10.78718569	    -10.34683950	    -20.51108288	     43.53284316	     88.50345472
      0.88000000	     -2.14059525	      2.58280531	     88.60107454	     -0.23155155	      0.95775311	      0.03697406	     22.67319469	     -6.19416990	    -11.69823335	     30.25150765	      0.52798841	      4.18046873	    -12.39257183	     -7.50000808	     -8.33696360	      5.69270791	    -14.54442546	      9.89498806	      0.17270012	     12.87155875	     11.17365480	     -7.50000808	    -16.58814689	     -0.51756591	     -3.53503231	     -2.15483114	     -3.80661585	    -30.04823969	     59.20770745	    100.33947143	     11.54395959	    -10.59150883	    -19.79787742	     43.89570982	     88.15440396
      0.89000000	     -2.15416801	      2.57596353	     88.89425834	     -0.23102805	      0.95615315	      0.02579545	     22.94948062	     -6.02159783	    -12.72567550	     27.30387230	      0.47654247	      4.56920924	     -8.70905657	     -7.50000785	     -8.96595510	      5.60425683	    -14.31576633	     10.18304636	      0.17772769	     13.45631852	     11.28842100	     -7.50000785	    -16.72814157	     -0.49785960	     -3.86120216	     -2.10062939	     -3.61123855	    -30.45093029	     59.19700600	    100.62943183	     12.30270706	    -10.82145981	    -19.08976051	     44.19199604	     88.51629227
      0.90000000	     -2.10620225	      2.51964371	     89.12242575	     -0.23010048	      0.95449727	      0.01464010	     23.29633623	     -5.70581392	    -13.53366119	     24.61161982	      0.42955380	      4.59300435	     -5.22240726	     -7.50000768	     -9.54026249	      5.42220095	    -14.20093520	     10.46993505	      0.18273484	     13.88605982	     11.30542563	     -7.50000768	    -16.80242183	     -0.48967594	     -4.03546684	     -2.05895908	     -3.42627746	    -30.84721155	     59.03876070	    100.94441741	     13.13946756	    -10.99004009	    -18.47306909	     44.39952552	     88.89167323
      0.91000000	     -2.16667894	      2.23694945	     89.24823457	     -0.22895451	      0.95237947	      0.00357931	     23.88861286	     -5.37696292	    -13.87351275	     22.03794253	      0.38463466	      4.33086692	     -2.39219425	     -7.50000757	     -9.77681136	      5.35265148	    -14.16633900	     10.92756970	      0.19072207	     14.20783620	     11.10270095	     -7.50000757	    -16.64368139	     -0.58798189	     -4.14767471	     -2.05211520	     -3.23449119	    -31.14278748	     58.91789331	    101.11336524	     13.85771890	    -11.10156435	    -17.96826950	     44.61245102	     89.14068361
      0.92000000	     -2.24489933	      2.36179939	     89.52398324	     -0.22802356	      0.95082504	     -0.00769027	     23.98393476	     -5.26032488	    -14.82277798	     19.81224419	      0.34578889	      4.39919129	      1.30046447	     -7.50000656	    -10.51546880	      5.30684558	    -13.94619514	     11.29285830	      0.19709756	     14.36946364	     10.66125655	     -7.50000656	    -16.93095399	     -0.70236655	     -4.38096730	     -1.99685833	     -2.99937193	    -31.40044107	     58.77757955	     98.02855191	     14.64202478	    -11.39505717	    -16.72200257	     44.87833949	     86.15118000
      0.93000000	     -2.24365090	      2.10793925	     89.63126234	     -0.22661247	      0.94884694	     -0.01903780	     24.44875657	     -4.89621849	    -15.17321883	     17.77806460	      0.31028576	      4.16526011	      3.40456536	     -7.50000631	    -10.68394540	      5.08319196	    -14.35240869	     12.01486424	      0.20969894	     14.70148459	     11.01980036	     -7.50000631	    -16.73065391	     -0.74827519	     -4.48888962	     -1.87004515	     -2.79853448	    -31.79801115	     58.38143332	     99.26284617	     15.27802851	    -11.51459809	    -16.23785299	     44.94113625	     86.95235795
      0.94000000	     -2.47861626	      1.89248034	     89.54358295	     -0.22498494	      0.94669886	     -0.03028456	     24.92561974	     -4.70352113	    -15.01313283	     16.12726809	      0.28147393	      4.16147102	      4.46239806	     -7.50000631	    -10.98271349	      5.21175648	    -14.49176012	     12.51719126	      0.21846620	     14.70214645	     10.84540712	     -7.50000631	    -16.62648865	     -1.09732662	     -4.37371749	     -1.91224086	     -2.71394941	    -31.88886012	     58.19921573	     99.54703590	     15.95854919	    -11.43855672	    -16.09743431	     45.22357090	     87.14494231
      0.95000000	     -2.27391962	      1.75405356	     89.69671288	     -0.22351552	      0.94487822	     -0.04208008	     25.00680809	     -4.19215178	    -15.57986611	     14.43286554	      0.25190102	      3.59891128	      6.38445237	     -7.50000624	    -11.33431299	      4.76639777	    -14.57575402	     13.14931445	      0.22949883	     14.88375794	     10.55019252	     -7.50000624	    -16.47372037	     -0.90856108	     -4.40965228	     -1.76063415	     -2.41490561	    -32.58655170	     57.76110141	    100.28722364	     16.50136557	    -11.50662471	    -15.44570102	     45.15420474	     87.47645183
      0.96000000	     -2.20302044	      1.70116669	     89.73298407	     -0.22200188	      0.94298582	     -0.05432823	     25.05240406	     -3.75736453	    -15.36741069	     13.29416613	      0.23202697	      3.10215875	      6.51154098	     -7.50000602	    -11.72884116	      4.41558877	    -15.06104341	     13.96029651	      0.24365314	     15.00389143	     11.06806805	     -7.50000602	    -16.33374515	     -0.84410760	     -4.39199934	     -1.71864248	     -2.33259244	    -32.86820818	     57.29880180	    100.92936004	     16.90345907	    -11.39394393	    -15.29351141	     45.23479893	     87.72204566
      0.97000000	     -2.17633340	      1.59432595	     89.75353133	     -0.22067467	      0.94103758	     -0.06680867	     25.32378272	     -3.50554958	    -15.36597142	     12.99980937	      0.22688948	      2.97825036	      6.67052625	     -7.50000563	    -12.20901135	      4.22623199	    -14.86550305	     14.45560412	      0.25229789	     14.90791653	     10.86247653	     -7.50000563	    -16.13695857	     -0.81001346	     -4.31994984	     -1.80417831	     -2.33607449	    -33.07669128	     56.94323267	    101.22814798	     17.20367147	    -11.24324838	    -15.05693869	     45.40605092	     87.84601816
      0.98000000	     -2.09263503	      1.66454248	     89.78837461	     -0.21963380	      0.93926687	     -0.07983902	     25.39521507	     -3.27753021	    -15.14996169	     13.28922155	      0.23194067	      3.18902121	      6.47174827	     -7.50000515	    -12.86183973	      3.93048596	    -14.82958853	     15.05820126	      0.26281519	     14.55359335	     10.95404187	     -7.50000515	    -16.03894590	     -0.66119663	     -4.19781964	     -1.93173229	     -2.37140216	    -33.35413717	     56.58529158	    101.54479620	     17.41830273	    -10.94311642	    -14.90342645	     45.46028913	     88.00729282
      0.99000000	     -2.00192669	      1.82781983	     89.89185889	     -0.21884031	      0.93772428	     -0.09328273	     25.36597654	     -3.12775364	    -14.85778280	     14.07863470	      0.24571853	      3.18538675	      5.91348447	     -7.50000490	    -13.61088242	      3.64041354	    -14.48602783	     15.67776162	      0.27362856	     14.08763452	     10.74996046	     -7.50000490	    -16.01930725	     -0.45102138	     -4.10196332	     -2.19296824	     -2.50853516	    -33.44743282	     56.37327768	    101.09050355	     17.57761391	    -10.57728737	    -14.72147732	     45.52616441	     87.38445421
      1.00000000	     -1.94096053	      1.95069437	     89.88633768	     -0.21812766	      0.93612112	     -0.10686540	     25.24858741	     -2.97172878	    -14.19137385	     15.07361604	      0.26308423	      1.02069047	      4.31436466	     -7.50000463	    -14.23148930	      3.46931768	    -13.86188852	     16.44131566	      0.28695509	     13.36073458	      9.78441668	     -7.50000463	    -15.90539025	     -0.24504560	     -4.02140410	     -2.36887313	     -2.66833406	    -33.52624272	     56.09244151	    100.77338056	     17.46009995	    -10.14838813	    -14.77369198	     45.82039345	     86.47852208
      1.01000000	     -1.71183982	      2.16137778	     89.81934271	     -0.21714622	      0.93472688	     -0.12094893	     24.87666392	     -2.60415874	    -13.18504350	     16.50677232	      0.28809753	     -2.60331839	      1.31771591	     -7.50000432	    -14.91789682	      3.03395246	    -13.60930235	     17.37212992	      0.30320087	     12.61880540	      9.61801749	     -7.50000432	    -15.78632178	      0.10973171	     -3.83692446	     -2.58963086	     -2.98808523	    -33.38481748	     55.59087259	    100.77728322	     17.26214596	     -9.69901826	    -14.89516115	     45.94161796	     86.08672741
      1.02000000	     -1.50217803	      2.46776463	     89.74936837	     -0.21663064	      0.93398455	     -0.13478421	     24.54047649	     -2.47365341	    -12.87099034	     18.28607473	      0.31915221	     -3.44078767	      0.22628830	     -7.50000412	    -15.63821475	      2.74821068	    -12.75432996	     18.27867026	      0.31902298	     11.42115190	      8.24113747	     -7.50000412	    -15.90686090	      0.53420432	     -3.57639354	     -2.78617803	     -3.24733452	    -33.47762172	     55.36916425	    100.36293790	     17.07401342	     -9.09418970	    -15.03981752	     46.16744699	     85.07194653
      1.03000000	     -0.96539697	      2.48044954	     89.32482456	     -0.21503286	      0.93349867	     -0.14822330	     24.67073834	     -1.67374351	    -11.46498232	     19.97716817	      0.34866736	     -3.55546190	     -2.30895984	     -7.50000376	    -15.75311276	      1.99251609	    -12.94212467	     19.75923048	      0.34486363	     10.15248413	      8.22505383	     -7.50000376	    -15.74754248	      1.18037139	     -3.00869825	     -2.69977556	     -3.62662165	    -33.42597083	     54.52201226	    101.13794791	     16.84063251	     -8.47416062	    -15.43014395	     46.12823838	     85.20577453
      1.04000000	     -0.45601929	      2.73190187	     88.99570238	     -0.21338378	      0.93372484	     -0.16188228	     24.56586831	     -0.90118346	    -10.01507207	     21.70471959	      0.37881882	     -4.10694992	     -4.06973344	     -7.50000334	    -16.09102714	      1.33791058	    -12.61709791	     21.23322695	      0.37058972	      8.34048976	      6.97648675	     -7.50000334	    -15.85089250	      1.77324511	     -2.55129747	     -2.59737038	     -3.88588481	    -33.46179883	     53.75241072	    101.93467217	     16.51021341	     -7.91257750	    -15.98013957	     46.26070938	     86.36737028
      1.05000000	      0.00814985	      3.05348773	     88.71331570	     -0.21111616	      0.93430967	     -0.17566169	     24.26493842	      0.00443680	     -8.02209084	     23.34895894	      0.40751621	     -4.69642842	     -7.05927473	     -7.50000310	    -16.32978111	      0.64014181	    -12.37133087	     22.96610883	      0.40083422	      5.96691171	      5.65617805	     -7.50000310	    -16.00026669	      2.24533786	     -2.15024357	     -2.51389890	     -4.00748589	    -33.49207913	     52.94909958	    102.16814678	     16.18845015	     -7.43334065	    -16.56415621	     46.15101070	     86.64819452
      1.06000000	      0.55489111	      3.49893871	     88.47216476	     -0.20860893	      0.93555142	     -0.18985372	     23.56468559	      1.08969642	     -6.08711715	     24.65606781	      0.43032956	     -4.63941029	     -9.41583006	     -7.50000280	    -16.65369028	     -0.15971403	    -12.20300806	     24.77201605	      0.43235324	      3.23420531	      3.91623225	     -7.50000280	    -16.26431036	      2.75495419	     -1.78864098	     -2.31060886	     -3.99720475	    -33.76977411	     51.96073789	    102.77934860	     15.57800994	     -7.15857414	    -16.85782012	     46.39171633	     87.55440696
      1.07000000	      1.02584767	      4.03860725	     88.29826969	     -0.20650650	      0.93725757	     -0.20379311	     22.56585628	      2.04209582	     -4.61274962	     25.68454959	      0.44827996	     -3.87608315	    -11.49335841	     -7.50000252	    -16.84608941	     -0.89924573	    -11.97292772	     26.82248454	      0.46814067	      0.09381673	      2.29596243	     -7.50000252	    -16.60651851	      3.21895915	     -1.53936904	     -2.14596539	     -4.13646402	    -33.65709063	     51.01968046	    102.52092602	     15.10332329	     -6.76388858	    -17.34612114	     46.25363222	     87.46243384
      1.08000000	      1.35878375	      4.50505676	     88.13071890	     -0.20441873	      0.93927289	     -0.21735799	     21.39313613	      2.77472089	     -3.60930378	     26.25029118	      0.45815401	     -2.88052457	    -12.98545194	     -7.50000234	    -16.72315517	     -1.47014900	    -11.52163158	     29.06347714	      0.50725337	     -3.67277682	      0.26419847	     -7.50000234	    -17.00364885	      3.49513087	     -1.15238263	     -1.96280287	     -4.10190141	    -33.99728984	     50.20671888	    102.81752403	     14.67112858	     -6.38039734	    -17.63030723	     46.24147723	     87.06122063
      1.09000000	      1.75319689	      4.77264980	     88.12044764	     -0.20264827	      0.94125835	     -0.23073174	     20.25733623	      3.39514028	     -3.26642070	     26.43563739	      0.46138891	     -1.94277429	    -13.44889622	     -7.50000166	    -15.99832810	     -2.16308718	    -10.78859373	     31.81599829	      0.55529393	     -8.12788398	     -1.95486873	     -7.50000166	    -17.12562021	      3.90293520	     -1.00835910	     -1.68024194	     -4.07595746	    -34.41401136	     49.25540856	    105.09030681	     14.16529502	     -5.99909456	    -18.40453218	     46.06591040	     90.13299356
      1.10000000	      2.17962341	      5.03200684	     88.24958952	     -0.20105472	      0.94322098	     -0.24392601	     19.02891909	      3.90520322	     -3.45273798	     26.41025865	      0.46094597	     -0.92641670	    -13.32975256	     -7.50000150	    -15.08904046	     -3.03911412	    -10.17067954	     34.70512392	      0.60571868	    -12.06090454	     -3.22335329	     -7.50000150	    -17.27834182	      4.34637584	     -0.80405231	     -1.68876819	     -4.14975475	    -34.41704168	     48.66281192	    104.04107374	     13.76880155	     -5.66893235	    -18.50452050	     45.72312539	     89.18640879
      1.11000000	      2.51178682	      5.11069008	     88.49079573	     -0.19977790	      0.94499242	     -0.25670996	     17.93253620	      4.25626402	     -3.88459923	     26.19542050	      0.45719634	      0.02089934	    -13.05822050	     -7.50000134	    -13.71460805	     -3.73640484	     -9.06419906	     37.83511686	      0.66034736	    -15.54361561	     -4.67295730	     -7.50000134	    -17.24852213	      4.71166820	     -0.69435496	     -1.67351256	     -4.17789672	    -34.50820450	     48.11724293	    103.54981672	     13.38235394	     -5.35881711	    -18.56532817	     45.36556047	     88.40295445
      1.12000000	      2.78720424	      5.08920530	     88.80590854	     -0.19898592	      0.94654266	     -0.26916581	     16.95784167	      4.50381383	     -4.42045602	     25.97188430	      0.45329489	      0.81891504	    -12.69887343	     -7.50000125	    -12.02870813	     -4.31727260	     -7.87417294	     41.17590944	      0.71865519	    -18.27018194	     -6.17905459	     -7.50000125	    -17.15330682	      5.07391639	     -0.57193410	     -1.77115872	     -4.30222714	    -34.49507362	     47.81054137	    102.88858307	     13.03374325	     -5.00370229	    -18.59716088	     45.04190343	     88.00594087
      1.13000000	      2.77429119	      4.94282936	     89.14775936	     -0.19843889	      0.94787605	     -0.28159141	     16.16458158	      4.40092838	     -5.02362245	     25.83579962	      0.45091977	      1.93829619	    -12.04195351	     -7.50000090	    -10.15109651	     -4.51348224	     -6.70593751	     44.42721818	      0.77540123	    -20.95039783	     -8.21138250	     -7.50000090	    -16.87152040	      5.09846002	     -0.51978689	     -1.79509860	     -4.24293961	    -35.09165463	     47.42583775	    105.86282625	     12.72602027	     -4.54494403	    -19.32483751	     44.51398986	     90.70579641
      1.14000000	      2.90402057	      4.81015670	     89.63148616	     -0.19844499	      0.94931853	     -0.29332682	     15.30882901	      4.32852670	     -6.06499723	     25.54981009	      0.44592831	      2.74362979	    -11.10443088	     -7.50000084	     -8.11965441	     -4.90132625	     -5.69728392	     47.70728421	      0.83264919	    -23.87885052	    -10.29773899	     -7.50000084	    -16.74100207	      5.35470298	     -0.48180567	     -1.97140213	     -4.43161163	    -35.00860982	     47.41713384	    105.11515111	     12.48993548	     -4.14080181	    -19.39900839	     44.08686286	     90.32321798
      1.15000000	      2.87161611	      4.75222265	     90.11252115	     -0.19841480	      0.95106713	     -0.30506250	     14.34463248	      4.11119461	     -6.98940115	     25.18605507	      0.43957959	      3.69559506	    -10.10088841	     -7.50000080	     -6.15449262	     -5.08409041	     -4.86301853	     50.72783880	      0.88536781	    -26.73724558	    -12.30457439	     -7.50000080	    -16.65046618	      5.41499645	     -0.48497685	     -2.09179283	     -4.57412150	    -35.00567097	     47.31905837	    104.79672220	     12.25947160	     -3.80852987	    -19.55145953	     43.59736732	     90.22830522
      1.16000000	      2.81592998	      4.73668144	     90.48948796	     -0.19810679	      0.95306104	     -0.31672096	     13.29214504	      3.96144960	     -7.68477038	     24.73490156	      0.43170547	      4.42929188	     -9.19310354	     -7.50000077	     -4.30048702	     -5.29461014	     -4.39501254	     53.40029303	      0.93201093	    -28.93250932	    -14.43040286	     -7.50000077	    -16.67383080	      5.37403283	     -0.38054932	     -2.12782739	     -4.65820628	    -35.02533923	     47.15368096	    104.71203217	     12.02432334	     -3.52301049	    -19.69158197	     43.08982307	     90.26573651
      1.17000000	      2.66117253	      4.61370618	     91.01954817	     -0.19810149	      0.95493695	     -0.32783070	     12.38405724	      3.68610370	     -8.41000883	     24.28589061	      0.42386875	      5.06347816	     -8.47086422	     -7.50000074	     -2.22806187	     -5.30983590	     -3.75272661	     55.90464501	      0.97572012	    -30.04628019	    -16.85681370	     -7.50000074	    -16.63907627	      5.27104664	     -0.41815205	     -2.10591237	     -4.74523130	    -35.14806026	     47.07541438	    104.51241122	     11.83829251	     -3.32915606	    -19.83447822	     42.66348444	     90.25307872
      1.18000000	      2.48484959	      4.61003239	     91.37157530	     -0.19772096	      0.95690213	     -0.33879113	     11.36090560	      3.50978857	     -8.71455064	     23.79002372	      0.41521424	      5.75870506	     -7.94949583	     -7.50000072	     -0.36708953	     -5.32538313	     -3.47373280	     58.15028870	      1.01491400	    -29.21689715	    -18.84101732	     -7.50000072	    -16.76683532	      5.03488917	     -0.27858317	     -2.01111461	     -4.83422919	    -35.10642008	     46.88068204	    104.09995286	     11.66749664	     -3.19990307	    -19.82360122	     42.21917068	     90.04528152
      1.19000000	      2.44477286	      4.10881973	     91.99859693	     -0.19782901	      0.95795077	     -0.34962817	     10.93317218	      3.35625661	     -9.55826221	     23.39565717	      0.40833125	      6.20333843	     -7.02959132	     -7.50000068	      2.16305578	     -5.39529038	     -2.94038436	     60.31348707	      1.05266893	    -27.53171289	    -21.35222091	     -7.50000068	    -16.28457697	      5.04196772	     -0.41050939	     -2.06349828	     -4.87017575	    -35.17308282	     46.95662623	    103.58003506	     11.34893741	     -3.05208138	    -19.90353188	     41.71691114	     89.84349794
      1.20000000	      2.21358929	      4.02030106	     92.19626165	     -0.19730607	      0.95972218	     -0.36049737	     10.00932552	      3.18615268	     -9.64586016	     22.90728881	      0.39980761	      6.69328063	     -6.68611705	     -7.50000065	      4.04911589	     -5.23349520	     -2.83007935	     62.09957353	      1.08384202	    -24.55527039	    -23.07004211	     -7.50000065	    -16.29633080	      4.70316346	     -0.21973410	     -1.93434248	     -4.90922142	    -35.12212973	     46.83054451	    102.94931627	     11.02935441	     -2.98444885	    -19.91956394	     41.34223412	     89.49557465
      1.21000000	      2.06153858	      3.71285115	     92.48040005	     -0.19694772	      0.96104779	     -0.37090538	      9.32708907	      3.08192569	     -9.86127191	     22.31775615	      0.38951833	      7.03377298	     -6.31013748	     -7.50000062	      6.28039028	     -5.11964463	     -2.69798341	     63.68273770	      1.11147345	    -21.53665815	    -24.59965964	     -7.50000062	    -16.15508979	      4.48071891	     -0.06644732	     -1.84809441	     -5.05130652	    -35.05193206	     46.93062035	    102.48272841	     10.76401112	     -2.96393400	    -20.03856462	     40.94815945	     89.21471559
      1.22000000	      1.79894620	      3.54373630	     92.54197252	     -0.19634554	      0.96258067	     -0.38165153	      8.46087801	      2.93509391	     -9.74428812	     21.69351294	      0.37862323	      7.39718272	     -6.06432806	     -7.50000060	      8.17804356	     -4.87549628	     -2.79932840	     64.69059887	      1.12906395	    -19.06955260	    -25.90104024	     -7.50000060	    -16.13861045	      4.09254947	      0.15730074	     -1.67649222	     -5.11799930	    -34.89761960	     46.99730928	    102.17926483	     10.37019714	     -3.00660456	    -20.15207287	     40.61333417	     89.01138084
      1.23000000	      1.62483415	      3.35974433	     92.55368201	     -0.19574081	      0.96392589	     -0.39232844	      7.59742500	      2.86601187	     -9.70278616	     21.01174159	      0.36672407	      7.64851927	     -5.79783537	     -7.50000059	     10.04587002	     -4.75530941	     -3.05327809	     65.35979468	      1.14074362	    -16.85482627	    -27.18348130	     -7.50000059	    -16.08892591	      3.81395789	      0.43362340	     -1.52790979	     -5.24704267	    -34.75018823	     47.15657039	    102.02760476	      9.96697822	     -3.03519138	    -20.30864284	     40.25911798	     88.88812300
      1.24000000	      1.44869327	      3.14604673	     92.47280829	     -0.19498528	      0.96501051	     -0.40309699	      6.75875774	      2.81450202	     -9.54140391	     20.35723936	      0.35530085	      7.91143024	     -5.46084424	     -7.50000058	     11.86035443	     -4.65756033	     -3.43787448	     65.71881357	      1.14700968	    -14.90347078	    -27.98143811	     -7.50000058	    -15.96701978	      3.50877610	      0.75008248	     -1.41688025	     -5.36725751	    -34.54354606	     47.39819146	    101.82641458	      9.44797969	     -3.09803995	    -20.51064890	     39.93453689	     88.71282010
      1.25000000	      1.25800767	      2.98062811	     92.36865302	     -0.19418015	      0.96606579	     -0.41389783	      5.85741176	      2.74786001	     -9.40859664	     19.64146185	      0.34280818	      8.17669253	     -5.13602404	     -7.50000057	     13.51077094	     -4.55359018	     -3.89668074	     65.71955641	      1.14702264	    -12.99805143	    -28.74392548	     -7.50000057	    -15.90742293	      3.17361483	      1.06204926	     -1.27785239	     -5.48237029	    -34.32908510	     47.65179298	    101.72451248	      8.90239891	     -3.21149929	    -20.73105948	     39.60434460	     88.59467517
      1.26000000	      1.16903906	      2.95644692	     92.05583389	     -0.19321156	      0.96724288	     -0.42481896	      4.75760334	      2.76812668	     -9.40238808	     18.79915758	      0.32810720	      8.39872233	     -4.17566691	     -7.50000053	     14.85236958	     -4.69803253	     -4.62599329	     65.42146556	      1.14181998	    -10.38393863	    -28.58758097	     -7.50000053	    -16.02598750	      2.94578315	      1.62577030	     -1.38356323	     -5.83272514	    -33.52939469	     48.22622360	    101.44466206	      8.48120671	     -3.05875269	    -21.53786355	     39.21338075	     87.86857794
      1.27000000	      0.87421558	      2.90880955	     91.82156617	     -0.19248028	      0.96812333	     -0.43565444	      3.77539060	      2.50570337	     -9.51032132	     18.21117959	      0.31784504	      8.84503604	     -3.26006022	     -7.50000036	     16.14153987	     -4.54713943	     -5.38062132	     64.73252326	      1.12979566	     -8.55356817	    -28.49293319	     -7.50000036	    -16.11635547	      2.51988197	      1.89132163	     -1.16613017	     -5.90966173	    -33.44409851	     48.64629815	    104.19465014	      7.90398961	     -2.94144242	    -22.93840858	     39.07570763	     89.70045929
      1.28000000	      0.58853166	      3.00784090	     91.42894260	     -0.19165664	      0.96913902	     -0.44668092	      2.64032312	      2.23605833	     -9.59629524	     17.59967055	      0.30717220	      9.17083477	     -2.32348995	     -7.50000030	     17.11907210	     -4.33950848	     -6.09820970	     63.69343815	      1.11166021	     -6.99233233	    -28.20317211	     -7.50000030	    -16.33869403	      2.07815308	      2.37316679	     -1.15387341	     -6.22024884	    -32.56743446	     49.15349736	    101.20680325	      7.33738503	     -2.99837790	    -23.20105696	     38.73563489	     86.95120874
      1.29000000	      0.35116907	      2.96706957	     91.11728652	     -0.19085583	      0.96974565	     -0.45758484	      1.71229343	      1.98255515	     -9.80857419	     17.12337138	      0.29885921	      9.58258517	     -1.09902097	     -7.50000017	     18.13017774	     -4.26093838	     -6.93071670	     62.28306213	      1.08704450	     -5.59036006	    -27.58943822	     -7.50000017	    -16.42919825	      1.70861091	      2.72749591	     -0.89134078	     -6.28638721	    -32.67822564	     49.54053548	    104.12772635	      6.75926777	     -3.01150637	    -24.34305209	     38.49978708	     89.28907680
      1.30000000	      0.21860671	      3.00450393	     90.81123905	     -0.19008327	      0.97016632	     -0.46851292	      0.67152297	      1.84735189	    -10.02318539	     16.55599480	      0.28895662	      9.92076771	     -0.01227676	     -7.50000015	     18.99245850	     -4.25445113	     -7.67681793	     60.64349932	      1.05842873	     -4.32462931	    -26.97208163	     -7.50000015	    -16.58711523	      1.44559327	      3.05729010	     -0.74405735	     -6.53870234	    -32.05151336	     50.01098921	    102.91174460	      6.11103538	     -3.06105136	    -25.03195313	     38.33735208	     88.28842896
      1.31000000	      0.27948335	      2.64593185	     90.50125280	     -0.18924173	      0.96968153	     -0.47934338	      0.16337700	      1.92398549	    -10.13507477	     16.17884530	      0.28237412	     10.10793879	      0.37417084	     -7.50000014	     20.27374577	     -4.42343635	     -8.31050905	     58.82830758	      1.02674766	     -3.49722221	    -26.55262295	     -7.50000014	    -16.26661883	      1.40499004	      3.42852642	     -0.55170419	     -6.68884926	    -31.84321120	     50.33213409	    102.29719496	      5.33113582	     -3.25848891	    -25.30165903	     38.06869278	     87.97746636
      1.32000000	      0.12729576	      3.14853214	     90.03233721	     -0.18828416	      0.97039208	     -0.49060274	     -1.39815000	      1.68962268	    -10.62749097	     15.62250153	      0.27266409	     10.43528809	      2.35320282	     -7.50000013	     20.29988977	     -4.42046094	     -9.26556096	     56.47451025	      0.98566615	     -2.67972411	    -25.77677210	     -7.50000013	    -16.93677248	      1.06752836	      3.91106681	     -0.40238034	     -7.02823381	    -31.08511994	     50.91552978	    102.35024141	      4.90189707	     -3.16387119	    -26.66219888	     37.69000034	     88.03769267
      1.33000000	      0.12288832	      3.25456172	     89.73645432	     -0.18758970	      0.97026863	     -0.50173398	     -2.44802018	      1.62356294	    -11.11443403	     15.23547969	      0.26590928	     10.81128459	      3.57288960	     -7.50000012	     20.66473494	     -4.61492717	    -10.33131392	     53.81765020	      0.93929519	     -2.07336937	    -25.08796140	     -7.50000012	    -17.13995580	      0.95682873	      4.17398300	     -0.15772594	     -7.23225519	    -30.60994068	     51.34540777	    102.12955065	      4.27548456	     -3.16063734	    -27.82808907	     37.43088723	     88.08752407
      1.34000000	      0.22292532	      3.38127907	     89.27650191	     -0.18686306	      0.96982063	     -0.51282547	     -3.49714938	      1.64021901	    -11.52822284	     14.86753345	      0.25948741	     11.08723094	      4.84163410	     -7.50000010	     21.02841402	     -4.76591200	    -11.13798354	     51.12949588	      0.89237805	     -1.77661082	    -24.88985351	     -7.50000010	    -17.38280106	      0.93740231	      4.61805726	      0.02508630	     -7.55063157	    -30.01455987	     51.92853298	    102.00314894	      3.66888526	     -3.11956859	    -28.92627541	     37.14365128	     88.26703268
      1.35000000	      0.29053655	      3.51459765	     88.79565262	     -0.18616134	      0.96936046	     -0.52396319	     -4.53472888	      1.61161461	    -11.79762129	     14.57338222	      0.25435350	     11.32532368	      5.88410882	     -7.50000009	     21.13159137	     -5.08143228	    -12.58125935	     48.03604089	      0.83838707	     -1.43123712	    -24.04167581	     -7.50000009	    -17.60970692	      0.88084659	      5.08096023	      0.31365035	     -7.83934287	    -29.55685886	     52.28811419	    101.80199632	      3.09025846	     -3.13537151	    -29.83578946	     36.70458772	     88.32486071
      1.36000000	      0.61589907	      3.69770836	     88.35101187	     -0.18536327	      0.96847734	     -0.53530233	     -5.66334074	      1.85442247	    -12.23805858	     14.22177030	      0.24821672	     11.63770221	      7.26213978	     -7.50000008	     21.26302795	     -5.40049096	    -13.27278174	     45.02602959	      0.78585247	     -0.92394473	    -23.59314252	     -7.50000008	    -17.87899180	      1.07780835	      5.53687077	      0.48312438	     -8.17231849	    -29.00959407	     52.89457195	    101.86159381	      2.53548346	     -3.04016344	    -31.12910186	     36.36547991	     88.46343446
      1.37000000	      0.74102926	      3.85522589	     87.91467313	     -0.18484753	      0.96755659	     -0.54671357	     -6.74248498	      1.90312087	    -12.36112438	     13.92696824	      0.24307145	     11.88743933	      7.87290239	     -7.50000008	     21.21514292	     -5.58687672	    -14.50460720	     41.65607151	      0.72703560	     -0.56473770	    -22.50335837	     -7.50000008	    -18.10388155	      1.08382841	      5.92339690	      0.76476490	     -8.44241665	    -28.54526017	     53.23840407	    101.82966091	      1.86651345	     -3.14380579	    -31.78515813	     36.06692194	     88.53308968
      1.38000000	      0.90803322	      4.00652806	     87.45475541	     -0.18430628	      0.96641141	     -0.55785491	     -7.72202918	      1.92534892	    -12.81303608	     13.80528537	      0.24094768	     12.24428299	      9.04070994	     -7.50000007	     21.07109983	     -5.85994647	    -16.02824864	     38.11869993	      0.66529682	     -0.12171938	    -20.41873317	     -7.50000007	    -18.36816618	      1.13465763	      6.30549106	      1.07572953	     -8.71685393	    -28.05315939	     53.71279091	    101.64637942	      1.31690375	     -3.12042594	    -32.74237887	     35.74100167	     88.60501388
      1.39000000	      1.08185162	      4.11573438	     86.97645938	     -0.18401204	      0.96508652	     -0.56919030	     -8.64085783	      1.93875906	    -13.06990478	     13.73163913	      0.23966231	     12.48106040	      9.71030530	     -7.50000006	     20.95043284	     -5.98453032	    -17.31788086	     34.53019137	      0.60266553	     -0.05446522	    -18.26990219	     -7.50000006	    -18.57335902	      1.20214269	      6.72608014	      1.34902360	     -9.04595070	    -27.57791137	     54.11525786	    101.56503154	      0.84111163	     -3.11335319	    -33.57905249	     35.28196051	     88.62671335
      1.40000000	      1.25843277	      4.22282236	     86.55985831	     -0.18388997	      0.96357264	     -0.58052430	     -9.52956979	      1.94706902	    -13.30906407	     13.75721456	      0.24010869	     12.87628810	     10.45697193	     -7.50000006	     20.89099693	     -6.07763711	    -18.67026476	     31.07751697	      0.54240499	     -0.01556603	    -15.45742840	     -7.50000006	    -18.77916888	      1.28639389	      7.04753315	      1.65079650	     -9.32050187	    -27.10962263	     54.47243848	    101.38797340	      0.22684956	     -3.06330418	    -34.42161693	     35.10772960	     88.66167957
      1.41000000	      1.83135930	      3.95806839	     86.44185515	     -0.18436845	      0.96119692	     -0.59139216	    -10.04032312	      2.49084586	    -13.48579669	     13.69893252	      0.23909148	     13.05738578	     10.69564914	     -7.50000006	     21.55794091	     -6.30172839	    -18.68608575	     28.12339276	      0.49084580	     -0.24629114	    -14.25309000	     -7.50000006	    -18.68799824	      1.96139447	      7.21051410	      2.03330501	     -9.55372287	    -27.08223792	     54.91971004	    101.73783801	     -0.35996219	     -3.06761390	    -34.64858118	     34.87276496	     88.89111716
      1.42000000	      1.44353941	      4.09349625	     85.66967047	     -0.18443325	      0.95985876	     -0.60260647	    -10.66864054	      1.67556816	    -13.57011071	     14.23365591	      0.24842416	     13.67544352	     11.50081906	     -7.50000005	     21.07298538	     -5.90075734	    -21.30516737	     24.32679017	      0.42458258	      0.70152169	     -7.72711886	     -7.50000005	    -18.94870439	      1.36517308	      7.71725183	      2.31474308	     -9.94998960	    -26.33931469	     55.22761557	    101.30629172	     -0.67678387	     -2.88077412	    -36.00584599	     34.51344017	     89.00786791
      1.43000000	      1.46066203	      3.86087363	     85.32777213	     -0.18520897	      0.95769754	     -0.61363491	    -11.00386192	      1.46112723	    -13.61364672	     14.55547348	      0.25404094	     14.03137528	     11.71866820	     -7.50000004	     21.32274192	     -5.59550771	    -22.36912197	     21.01833055	      0.36683907	      0.89393342	     -3.32604600	     -7.50000004	    -18.84598759	      1.41175425	      7.83063117	      2.77944743	    -10.24859097	    -25.89881193	     55.31132046	    101.08816584	     -1.14342562	     -2.77152332	    -36.80333905	     34.17717734	     89.29537385
      1.44000000	      1.55190249	      3.58915720	     85.07897747	     -0.18593962	      0.95541921	     -0.62470092	    -11.26468493	      1.36262394	    -13.55490072	     14.95426847	      0.26100122	     14.35126556	     11.58659952	     -7.50000003	     21.70294837	     -5.27068362	    -22.77458444	     18.00835040	      0.31430501	      0.84304115	      0.14381979	     -7.50000003	    -18.66507542	      1.50137301	      7.97112902	      3.16556556	    -10.48925706	    -25.59504751	     55.38211034	    100.91961207	     -1.47639177	     -2.77360778	    -37.35565231	     33.65825642	     89.41030940
      1.45000000	      1.48691594	      3.16093017	     84.70920326	     -0.18696616	      0.95295242	     -0.63557568	    -11.15979747	      0.99623690	    -13.42516018	     15.70678918	      0.27413519	     14.71354325	     11.68035372	     -7.50000003	     22.11275607	     -4.86228828	    -23.28135004	     15.05973019	      0.26284188	      0.76052573	      4.39158691	     -7.50000003	    -18.34726803	      1.47461599	      8.08765820	      3.65567615	    -10.69241804	    -25.30131124	     55.35576459	    100.96750350	     -1.84784189	     -2.62949780	    -38.25666590	     33.31720796	     89.77562993
      1.46000000	      1.42166829	      2.64026727	     84.36057750	     -0.18807280	      0.95043913	     -0.64634927	    -10.91589250	      0.66189550	    -13.01777278	     16.49040083	      0.28781179	     14.90399946	     11.32136844	     -7.50000002	     22.64208045	     -4.48667423	    -23.50693560	     12.43226125	      0.21698389	      0.50733562	      7.72861390	     -7.50000002	    -17.92516747	      1.44093105	      8.27505554	      4.06639036	    -10.92099687	    -25.07708818	     55.30518569	     99.45243877	     -1.94316343	     -2.46956021	    -38.99700550	     32.61961233	     87.51891935
      1.47000000	      1.20937452	      2.14621441	     84.11601199	     -0.18949291	      0.94778170	     -0.65763725	    -10.63744840	      0.08119919	    -13.02229662	     17.49717200	      0.30538326	     15.33775429	     11.79704155	     -7.50000000	     23.08607668	     -3.87982464	    -23.05081403	     10.07209867	      0.17579128	      0.15952420	      9.44371230	     -7.50000000	    -17.43565051	      1.27168455	      8.21352099	      4.54246176	    -11.09165846	    -24.75911308	     55.01948766	     99.96373126	     -2.21838080	     -2.34224297	    -40.04661073	     32.09366034	     88.03191611
      1.48000000	      1.11066708	      1.60746495	     83.84276822	     -0.19090369	      0.94516949	     -0.66891160	    -10.25127606	     -0.41256360	    -13.01656347	     18.59083454	      0.32447127	     15.49904336	     12.13575874	     -7.49999999	     23.54041392	     -3.50527497	    -22.83728372	      8.10735750	      0.14150008	     -0.44457978	     10.92246575	     -7.49999999	    -16.90721784	      1.23723744	      8.17120499	      5.04033590	    -11.20996960	    -24.54693673	     54.66751961	    100.50854783	     -2.55070072	     -2.33600583	    -40.49688350	     31.58827497	     87.85511702
      1.49000000	      0.85098500	      1.34402479	     83.50102025	     -0.19217752	      0.94283048	     -0.68111781	    -10.29942904	     -0.98956025	    -12.31929042	     19.43926279	      0.33927914	     15.46387905	     11.67462292	     -7.49999997	     23.83074886	     -3.07703438	    -22.51893204	      7.11860881	      0.12424316	     -0.64758856	     10.81593336	     -7.49999997	    -16.54779834	      0.95615740	      8.22101088	      5.32491457	    -11.23604064	    -24.55274009	     54.43409616	    100.95028772	     -2.85269012	     -2.32247969	    -41.10507951	     31.03800276	     87.66230122
      1.50000000	      0.90180223	      1.05606241	     83.23212985	     -0.19281064	      0.94059542	     -0.69347813	    -10.38584636	     -1.24425396	    -11.99502260	     20.22636845	      0.35301673	     15.17295738	     11.80520038	     -7.49999996	     24.38904625	     -3.17695655	    -22.17550428	      7.20148004	      0.12568954	     -0.67463771	     10.36423092	     -7.49999996	    -16.17477307	      0.95123924	      8.21319159	      5.64737659	    -11.13828779	    -24.53299097	     54.07092455	    100.73624761	     -3.27232463	     -2.44327305	    -41.36563677	     30.65244059	     87.19975321
      1.51000000	      0.66499247	      1.03230778	     82.91272406	     -0.19374257	      0.93865496	     -0.70667185	    -10.82922286	     -1.79517066	    -11.24963943	     20.85904676	      0.36405904	     14.86245722	     11.53322355	     -7.49999994	     24.60775851	     -2.99841655	    -21.99574394	      7.77412234	      0.13568403	     -0.82240494	      9.07531769	     -7.49999994	    -15.91432508	      0.63712344	      8.12992367	      5.87556514	    -11.00145779	    -24.52885224	     53.67553372	    101.21397212	     -3.51846833	     -2.46069487	    -42.38295581	     29.99492379	     86.90262508
      1.52000000	      0.70758492	      1.22531633	     82.68707860	     -0.19394923	      0.93726776	     -0.72017291	    -11.63141227	     -2.06119165	    -10.89321525	     21.30408043	      0.37182635	     14.02088452	     11.64092190	     -7.49999993	     24.56240894	     -3.17289997	    -21.58295459	      8.83158952	      0.15414032	     -0.42096295	      8.05584674	     -7.49999993	    -15.93071457	      0.48804186	      8.07654940	      6.04332243	    -10.69981531	    -24.72475429	     53.31017824	    101.11808991	     -3.90899246	     -2.69434475	    -42.60772278	     29.61601548	     86.56938773
      1.53000000	      0.49934709	      1.54548329	     82.38891785	     -0.19448078	      0.93604454	     -0.73421506	    -12.54083633	     -2.57510670	    -10.01871790	     21.76053145	      0.37979292	     13.19657330	     11.31395901	     -7.49999993	     24.23985930	     -3.08392588	    -21.25653411	     10.09154895	      0.17613076	     -0.04641180	      6.94156121	     -7.49999993	    -15.99174012	      0.07746677	      8.01912377	      6.10167513	    -10.42930351	    -24.97086497	     53.00778387	    101.23354483	     -4.33439957	     -2.91129175	    -42.79409667	     29.27519429	     86.65912866
      1.54000000	      0.53305916	      1.81154502	     82.21340871	     -0.19466554	      0.93498590	     -0.74857750	    -13.50677335	     -2.82609414	     -9.55920820	     22.05138704	      0.38486931	     11.88592427	     11.25368091	     -7.49999993	     23.93609534	     -3.22070557	    -20.82207792	     11.61589076	      0.20273554	     -1.01887227	      4.51395483	     -7.49999993	    -15.95786642	     -0.08593689	      7.90461389	      6.08924759	     -9.98598663	    -25.34750410	     52.63413270	    101.42404905	     -4.70278720	     -3.18379094	    -43.07363972	     28.81136226	     86.75973168
      1.55000000	      0.19436377	      2.21336331	     82.12176111	     -0.19566709	      0.93403455	     -0.76343321	    -14.52593970	     -3.44863520	     -8.81622286	     22.47418336	      0.39224850	     10.59822688	     10.46944053	     -7.49999993	     23.43555410	     -2.81916612	    -20.69819808	     12.96128944	      0.22621718	     -4.03227668	      0.11983097	     -7.49999993	    -15.95610231	     -0.60148799	      7.59555986	      5.97260598	     -9.58764799	    -25.72471821	     52.33336728	    101.80938767	     -5.07357646	     -3.41745848	    -43.45513394	     28.37810878	     86.88219731
      1.56000000	     -0.00832342	      2.59365609	     82.05603792	     -0.19624634	      0.93360496	     -0.77789578	    -15.40753235	     -3.96903602	     -8.37419438	     23.04989899	      0.40229663	      8.85826586	     10.36949861	     -7.49999993	     23.07945853	     -2.71755798	    -20.82907900	     14.65902545	      0.25584826	     -5.06387558	     -2.32861083	     -7.49999993	    -16.04000660	     -1.03794342	      7.32500695	      5.91144256	     -9.16921372	    -26.05183545	     51.92104113	    101.94912952	     -5.29796328	     -3.71664273	    -43.67760112	     27.97926457	     86.90404312
      1.57000000	     -0.46290874	      2.94469187	     82.19550657	     -0.19745527	      0.93365028	     -0.79202122	    -16.04549167	     -4.75068640	     -8.23315597	     23.94931305	      0.41799437	      6.93267391	      9.99547129	     -7.49999993	     22.86280885	     -2.15476818	    -19.94095300	     16.45064513	      0.28711792	     -5.05053314	     -4.53007015	     -7.49999993	    -16.13188230	     -1.66727579	      6.80439454	      5.90373141	     -8.65828236	    -26.50628570	     51.40381342	    102.07790912	     -5.38012246	     -4.02221798	    -43.86812565	     27.53909229	     86.91348074
      1.58000000	     -1.16351532	      3.20846664	     82.48916820	     -0.19928973	      0.93406894	     -0.80609655	    -16.43300752	     -5.68784394	     -7.91380494	     25.05156596	      0.43723231	      4.70790690	      9.37537855	     -7.49999993	     22.65595155	     -1.20638309	    -19.00684907	     17.94041437	      0.31311930	     -5.68032013	     -5.15021080	     -7.49999993	    -16.15969465	     -2.50135941	      6.14449361	      5.77453889	     -8.18150632	    -26.93044444	     50.96646714	    102.16563777	     -5.33524866	     -4.32102306	    -44.01184547	     27.09292887	     86.90702956
      1.59000000	     -1.98566936	      3.46833185	     82.85779522	     -0.20143475	      0.93499102	     -0.82080768	    -16.84919655	     -6.72070646	     -7.75350238	     26.04801418	      0.45462361	      2.12326828	      8.24215330	     -7.49999992	     22.32872253	      0.03912589	    -17.78102520	     19.21868550	      0.33542934	     -6.61397658	     -6.14823278	     -7.49999992	    -15.99825165	     -3.41537969	      5.43776959	      5.86679040	     -7.31531140	    -28.57174790	     49.93511729	    103.41003429	     -5.16135780	     -4.55535622	    -44.50484098	     26.35078398	     85.91433856
      1.60000000	     -2.79873169	      3.78823707	     83.05731858	     -0.20396752	      0.93598973	     -0.83565049	    -17.08008102	     -7.89851496	     -7.61437015	     27.40988037	      0.47839266	     -0.82526395	      7.18750982	     -7.49999991	     21.93761515	      1.30131100	    -16.66113108	     20.52501516	      0.35822909	     -6.64535873	     -6.66609146	     -7.49999991	    -15.92169140	     -4.25420973	      4.93599995	      5.61995434	     -6.88515752	    -29.37891750	     49.32479315	    103.78500982	     -5.09366469	     -4.72861739	    -44.36996985	     25.84737096	     85.27713197
      1.61000000	     -3.34202350	      4.20148645	     83.22880853	     -0.20614109	      0.93730273	     -0.85053011	    -17.31647529	     -8.82594367	     -7.63751488	     28.83872217	      0.50333065	     -4.46181942	      6.13724799	     -7.49999990	     21.23915971	      2.27817392	    -15.88260053	     21.51451285	      0.37549909	     -6.14151981	     -8.32316365	     -7.49999990	    -15.96657928	     -4.84473210	      4.53052232	      5.32882932	     -6.50913387	    -30.11763708	     48.74027558	    104.21331203	     -5.09458629	     -4.88430310	    -44.01994677	     25.61125543	     84.66489255
      1.62000000	     -3.94030772	      4.56539257	     83.50116976	     -0.20858625	      0.93848654	     -0.86571465	    -17.40825109	     -9.58138997	     -7.00560525	     30.34516408	      0.52962303	     -8.60996293	      3.93695289	     -7.49999990	     20.25931366	      3.37788991	    -15.11325242	     22.02691797	      0.38444224	     -5.65793930	    -11.27527810	     -7.49999990	    -15.91787640	     -5.45092087	      4.09324776	      4.81336479	     -6.17564286	    -30.77785723	     48.40086980	    104.42283089	     -5.12855834	     -5.07224907	    -43.30599516	     25.45965214	     83.46658610
      1.63000000	     -4.41937694	      4.75606323	     83.58992560	     -0.21085971	      0.93957109	     -0.88022567	    -16.95327974	    -10.38516941	     -6.56162535	     32.25362879	      0.56293202	    -13.48866998	      1.81319811	     -7.49999990	     19.40156163	      4.29123154	    -14.65822552	     22.45013769	      0.39182882	     -4.57486947	    -11.74502010	     -7.49999990	    -15.74538122	     -5.92508477	      3.86245731	      4.35826650	     -5.97163085	    -31.23766326	     47.97855302	    103.94177844	     -4.93702752	     -5.09456730	    -43.18828140	     25.28174575	     82.96384146
      1.64000000	     -4.81017860	      4.75378978	     83.66727801	     -0.21282969	      0.94061172	     -0.89423001	    -16.03353828	    -10.96887716	     -5.77371761	     34.37604034	      0.59997509	    -18.18132935	     -0.93490195	     -7.49999990	     18.65455078	      5.05318501	    -14.40615204	     22.65398922	      0.39538670	     -3.35166615	    -11.55675528	     -7.49999990	    -15.46203235	     -6.31989460	      3.67563203	      3.91035200	     -5.68287595	    -31.74291097	     47.67398853	    102.70676492	     -4.64236123	     -5.14968330	    -42.98514691	     25.09910020	     82.14067543
      1.65000000	     -4.99967369	      4.70057544	     83.76606150	     -0.21472957	      0.94158911	     -0.90773715	    -14.85466120	    -11.38316267	     -5.21680300	     36.72118046	      0.64090550	    -21.99077683	     -2.19004932	     -7.49999989	     17.87160597	      5.57022615	    -14.07229431	     22.72284841	      0.39658852	     -2.36538634	    -12.12235780	     -7.49999989	    -15.22022972	     -6.49018562	      3.33500609	      3.66097134	     -5.63803612	    -31.75305310	     47.12272784	    103.78706971	     -4.50205331	     -5.17304661	    -42.70347597	     25.29263357	     82.53985436
      1.66000000	     -5.36196752	      4.58290386	     83.65255307	     -0.21622068	      0.94261131	     -0.92090261	    -13.30616911	    -11.69821768	     -3.53837031	     39.44904247	      0.68851568	    -25.17935815	     -4.98755383	     -7.49999989	     17.12463325	      6.23122216	    -13.87608238	     22.58273988	      0.39414316	     -1.50590780	    -12.47102511	     -7.49999989	    -14.90323911	     -6.90221349	      3.19856302	      3.46098327	     -5.42882668	    -32.09771611	     46.61568594	    104.17194300	     -4.27849130	     -5.27737554	    -42.23734877	     25.53846474	     82.68940069
      1.67000000	     -5.57233719	      4.43648945	     83.65326754	     -0.21761707	      0.94378366	     -0.93354854	    -11.62366883	    -11.96475724	     -2.65368371	     42.25618980	      0.73750964	    -28.89294942	     -8.48385127	     -7.49999989	     16.34292488	      6.73730968	    -13.54063933	     22.34639484	      0.39001817	     -0.65173982	    -12.57811472	     -7.49999989	    -14.68233726	     -7.12761004	      2.93920421	      3.29743187	     -5.17865091	    -32.41168413	     46.31811885	    104.78782010	     -3.87614927	     -5.35440787	    -42.23440089	     25.74494800	     84.02017240
      1.68000000	     -5.77601420	      3.96291594	     83.10447124	     -0.21833460	      0.94459857	     -0.94568625	     -9.13577450	    -12.23036755	     -1.17084615	     45.49008256	      0.79395172	    -32.28109446	    -12.38324234	     -7.49999989	     15.97243825	      6.98246026	    -13.99542508	     22.18183077	      0.38714598	     -0.02417326	    -12.80103536	     -7.49999989	    -14.03776070	     -7.40399702	      3.23045983	      3.16806806	     -5.23815336	    -32.02218039	     45.65272286	    103.69456592	     -3.37854749	     -5.50926365	    -41.46092599	     25.55903180	     82.94023393
      1.69000000	     -6.12190264	      4.31113723	     83.18524744	     -0.21989772	      0.94657338	     -0.95834376	     -7.91978668	    -12.93392264	     -1.26136971	     48.08659415	      0.83926939	    -34.96138742	    -14.51164275	     -7.49999989	     14.49965441	      7.72352163	    -13.78289578	     21.62555640	      0.37743716	      0.87309603	    -12.27638974	     -7.49999989	    -14.48697526	     -7.82487864	      2.83223054	      2.94792350	     -4.95320163	    -32.36391383	     45.74784038	    104.02408524	     -2.96985579	     -5.47942677	    -41.50482742	     26.48657143	     83.31297044
      1.70000000	     -6.24030219	      4.24111770	     82.92434402	     -0.22089307	      0.94819982	     -0.97036022	     -6.01168977	    -13.17342243	     -0.55207244	     50.68076490	      0.88454621	    -37.17248320	    -17.88888838	     -7.49999989	     13.48421597	      8.02526755	    -14.02236968	     21.06149017	      0.36759235	      1.47891213	    -11.74348932	     -7.49999989	    -14.50160368	     -8.00080729	      2.74108378	      2.91288781	     -4.80226338	    -32.47432239	     45.51415218	    104.40548965	     -2.53368923	     -5.47490720	    -41.24850918	     27.13141327	     83.85658058
      1.71000000	     -6.23404228	      4.04575644	     82.62646159	     -0.22165521	      0.94971935	     -0.98204225	     -3.91043937	    -13.14643817	      0.28351098	     53.14497078	      0.92755472	    -38.64749029	    -21.38591657	     -7.49999989	     12.63836681	      8.14650024	    -14.29757978	     20.59709260	      0.35948708	      2.27200879	    -11.01008730	     -7.49999989	    -14.40943732	     -8.03675905	      2.68281455	      2.92399470	     -4.66735980	    -32.54980938	     45.21138975	    104.71013146	     -2.02288743	     -5.53005631	    -40.86895219	     27.74976721	     84.41013037
      1.72000000	     -6.18005523	      3.97630164	     82.49001975	     -0.22274311	      0.95141142	     -0.99354529	     -1.95907238	    -13.18882557	      0.55221899	     55.47991110	      0.96830712	    -37.90360022	    -23.32115906	     -7.49999989	     11.63697833	      8.28222351	    -14.50196465	     20.04526910	      0.34985595	      2.97079513	    -10.38020603	     -7.49999989	    -14.50677455	     -8.01168782	      2.51688868	      2.98179184	     -4.65463035	    -32.45828327	     44.81392815	    104.54287134	     -1.26359719	     -5.59371093	    -40.52276783	     28.12528001	     84.51373087
      1.73000000	     -6.16757037	      3.55637329	     82.14738445	     -0.22349657	      0.95265277	     -1.00484707	      0.54515980	    -13.12261686	      1.08114515	     57.76870938	      1.00825418	    -35.86275027	    -25.29023948	     -7.49999989	     10.92010412	      8.33707891	    -15.27522175	     19.22661607	      0.33556775	      3.42200037	     -9.21699781	     -7.49999989	    -14.21684938	     -8.00543035	      2.51157525	      2.96110322	     -4.59724832	    -32.29086208	     44.55072024	    104.27989664	     -0.69695959	     -5.66656030	    -39.93927438	     28.69953636	     84.71163181
      1.74000000	     -5.96704104	      3.08254128	     81.86273068	     -0.22431895	      0.95362909	     -1.01601600	      3.08848283	    -12.64066801	      1.75493547	     59.89324514	      1.04533433	    -32.68564103	    -27.04926327	     -7.49999988	     10.42770666	      8.16587878	    -15.79900147	     18.85670555	      0.32911160	      4.14730499	     -8.26769549	     -7.49999988	    -13.86378544	     -7.74426981	      2.56810600	      3.00540900	     -4.50669320	    -32.73564323	     44.24573370	    105.64832147	     -0.20104362	     -5.96183748	    -38.47907597	     29.26032440	     86.49857858
      1.75000000	     -5.69560463	      2.84000739	     81.82109487	     -0.22524047	      0.95517858	     -1.02733099	      5.15869320	    -12.12559011	      1.92811362	     61.49717538	      1.07332819	    -29.08491890	    -27.98815820	     -7.49999988	      9.52200627	      7.99954378	    -16.35204190	     18.18473198	      0.31738345	      4.76371646	     -6.89926384	     -7.49999988	    -13.84031074	     -7.42532661	      2.30288417	      2.96260971	     -4.55873924	    -32.35147521	     44.02992276	    104.94308800	      0.39874406	     -6.17722824	    -37.41116130	     29.83341870	     86.26407061
      1.76000000	     -5.53588199	      2.50811997	     81.78886982	     -0.22637745	      0.95639910	     -1.03839277	      7.44840042	    -11.77270732	      1.99280893	     63.02799207	      1.10004598	    -25.15718680	    -28.78354880	     -7.49999988	      8.72570688	      8.00085118	    -16.67049609	     17.41998348	      0.30403607	      5.14114346	     -5.90357138	     -7.49999988	    -13.72469825	     -7.18695448	      2.11330148	      2.80934188	     -4.63338637	    -31.99187450	     43.98098931	    103.25189090	      1.11833753	     -6.38195061	    -36.11632793	     30.38878162	     84.73642013
      1.77000000	     -5.24731222	      2.11845767	     82.04665584	     -0.22769184	      0.95751249	     -1.04930511	      9.65682879	    -11.23708341	      1.77513005	     64.13933094	      1.11944250	    -21.90571161	    -29.62514701	     -7.49999988	      8.03912222	      7.86108352	    -16.75642515	     16.79443573	      0.29311820	      5.63611686	     -4.86997377	     -7.49999988	    -13.62081689	     -6.77369832	      1.71644581	      2.81469637	     -4.49981222	    -32.51390658	     43.82535634	    105.35304306	      1.95399122	     -6.64128900	    -35.22678479	     30.87908267	     86.44677368
      1.78000000	     -5.02016480	      1.98618665	     82.17324985	     -0.22903299	      0.95882140	     -1.06081768	     11.50260657	    -10.86501609	      1.56188766	     64.82406278	      1.13139333	    -18.95704472	    -30.46134030	     -7.49999988	      6.91523838	      7.87842649	    -16.89540611	     15.85909457	      0.27679342	      6.06654100	     -3.79344642	     -7.49999988	    -13.66796688	     -6.44095340	      1.38113291	      2.55975898	     -4.63333866	    -32.03692923	     43.90327325	    103.37885393	      2.66951142	     -6.84623123	    -34.02878384	     31.38494001	     84.96340949
      1.79000000	     -4.70768618	      2.13165167	     82.54458665	     -0.23049030	      0.96057786	     -1.07258443	     12.82202465	    -10.44508524	      1.06931304	     65.06137091	      1.13553514	    -16.24399143	    -31.15176800	     -7.49999988	      5.39708924	      7.89028070	    -16.77752954	     14.78945342	      0.25812466	      6.35985633	     -2.72531712	     -7.49999988	    -14.07868723	     -6.02085775	      0.92829153	      2.22179637	     -4.69101638	    -31.82252947	     44.15210450	    101.81965120	      3.47972169	     -7.07060439	    -32.74021298	     32.02973960	     83.58857391
      1.80000000	     -4.44279335	      1.85523731	     82.79613270	     -0.23214649	      0.96133478	     -1.08372259	     14.62309469	    -10.12702520	      0.42139768	     65.06450298	      1.13558980	    -13.37796505	    -31.78133674	     -7.49999988	      4.49246460	      7.86999770	    -16.68292353	     13.94480839	      0.24338282	      6.50979241	     -2.29991637	     -7.49999988	    -14.02120963	     -5.58530783	      0.59638762	      1.98294931	     -4.84314977	    -31.61568095	     44.20296989	    100.25180472	      4.44909945	     -7.16048820	    -31.92314528	     32.40820199	     82.40668130
      1.81000000	     -4.13943910	      1.56231866	     83.27343576	     -0.23373613	      0.96191838	     -1.09500198	     16.33313674	     -9.75184244	     -0.39081239	     64.79521225	      1.13088979	    -10.99363493	    -32.12750662	     -7.49999988	      3.65682760	      7.72282388	    -16.76280388	     13.25212106	      0.23129315	      7.03285900	     -0.78501246	     -7.49999988	    -13.93561681	     -5.10195946	      0.09543666	      1.85866895	     -4.78810303	    -32.23471409	     44.10995244	    104.24258314	      5.27389315	     -7.55790639	    -30.49944778	     32.86895858	     85.11234781
      1.82000000	     -3.87413871	      1.62535479	     83.82316097	     -0.23560441	      0.96287276	     -1.10655526	     17.49753949	     -9.54195782	     -1.34094340	     64.12803608	      1.11924537	     -8.43356866	    -32.27895817	     -7.49999988	      2.33067359	      7.73860338	    -16.43531743	     12.33083147	      0.21521361	      7.09746175	     -0.11138099	     -7.49999988	    -14.24314460	     -4.66685883	     -0.42751714	      1.47319632	     -4.86479103	    -32.13558508	     44.43495151	    102.12745274	      6.27162225	     -7.65235931	    -29.67197687	     33.37498353	     83.87026456
      1.83000000	     -3.52117864	      1.51337304	     84.39581092	     -0.23726674	      0.96341596	     -1.11793731	     18.78576778	     -9.24642383	     -2.44795456	     63.19799998	      1.10301318	     -6.21790199	    -32.28552512	     -7.49999988	      1.29668563	      7.53902164	    -16.33948387	     11.67118645	      0.20370063	      7.50872715	      1.05225330	     -7.49999988	    -14.31477912	     -4.14178024	     -0.98276515	      1.25301073	     -4.97712241	    -31.97667623	     44.29395182	    100.76187930	      7.32941538	     -7.82038185	    -28.80247405	     33.59673119	     82.96239711
      1.84000000	     -3.24563985	      1.42048118	     84.86205931	     -0.23880650	      0.96377174	     -1.12928463	     20.00193752	     -8.95783103	     -3.37153023	     61.95895350	      1.08138774	     -4.60489657	    -32.21781903	     -7.49999988	      0.31272055	      7.37616552	    -16.58447207	     11.04647521	      0.19279736	      7.68787804	      2.15065626	     -7.49999988	    -14.43806633	     -3.70576686	     -1.43178949	      0.99693946	     -5.02785860	    -32.07301767	     44.38904618	     99.72012486	      8.25564774	     -8.00804354	    -27.79504934	     34.12855526	     82.28739783
      1.85000000	     -3.28438916	      0.91533118	     85.41706961	     -0.24039340	      0.96300679	     -1.14037183	     21.76195787	     -8.98651749	     -4.19104624	     60.74910726	      1.06027194	     -3.34124540	    -32.26300028	     -7.49999988	     -0.10264184	      7.52743808	    -16.30825298	     10.58900926	      0.18481308	      8.01187921	      2.96060371	     -7.49999988	    -14.04085205	     -3.62523550	     -1.94797668	      0.62914356	     -5.07438569	    -31.88037109	     44.31121647	     97.87090113	      9.20003562	     -8.16642914	    -27.01737276	     34.76332994	     81.06978608
      1.86000000	     -2.84849066	      1.23734863	     85.91497322	     -0.24176005	      0.96345890	     -1.15210822	     22.19755269	     -8.54940819	     -5.22538989	     58.81243990	      1.02647072	     -2.21127221	    -31.83921613	     -7.49999987	     -1.63339518	      7.15723425	    -17.00923685	      9.96235071	      0.17387582	      8.48370879	      5.29613694	     -7.49999987	    -14.61981162	     -3.01443862	     -2.30191679	      0.52582652	     -4.78449642	    -33.53828676	     44.61196596	    104.26555591	     10.14698617	     -8.54048322	    -25.88985266	     35.23583046	     86.84395829
      1.87000000	     -2.65356056	      1.23785301	     86.47736446	     -0.24312783	      0.96312582	     -1.16358490	     23.05679845	     -8.36706458	     -6.23956405	     56.81538506	      0.99161554	     -1.57973010	    -31.48781714	     -7.49999987	     -2.71604286	      7.02470178	    -17.07244604	      9.44922622	      0.16492011	      8.89731804	      6.75004459	     -7.49999987	    -14.80152223	     -2.71557800	     -2.71073721	      0.26527715	     -4.76210549	    -33.88546718	     44.58187855	    103.74457286	     11.26216099	     -8.72971651	    -25.25858641	     35.62594514	     89.06394822
      1.88000000	     -2.52570999	      1.35796469	     87.08590340	     -0.24455585	      0.96267026	     -1.17505359	     23.65338741	     -8.24289629	     -7.23589923	     54.49871341	      0.95118199	     -0.91219964	    -31.09737001	     -7.49999987	     -3.82225451	      6.93833497	    -17.25563845	      9.07383740	      0.15836834	      9.41230900	      8.09110119	     -7.49999987	    -15.12024682	     -2.47506186	     -3.21050110	     -0.01710079	     -4.74827240	    -33.97168998	     44.65487296	    101.59248705	     12.24587706	     -8.94325891	    -24.15134329	     36.21859852	     87.37757833
      1.89000000	     -2.41259717	      1.44626950	     87.67567500	     -0.24591810	      0.96201311	     -1.18664930	     24.23192213	     -8.11464934	     -8.23273524	     52.00792193	      0.90770947	     -0.38513457	    -30.53057063	     -7.49999987	     -4.95721888	      6.88933336	    -17.22647890	      8.56975848	      0.14957050	      9.80160203	      9.14674437	     -7.49999987	    -15.37832208	     -2.25104996	     -3.65992703	     -0.27881486	     -4.71164360	    -34.25611143	     44.63011012	    100.24671482	     13.21045139	     -9.19869450	    -22.83970589	     36.68694813	     86.15865479
      1.90000000	     -2.38327950	      1.56714923	     88.35847485	     -0.24726071	      0.96099797	     -1.19830822	     24.66854423	     -8.11553902	     -9.41000682	     49.29780495	      0.86040901	      0.08473751	    -29.95668856	     -7.49999987	     -6.01247873	      6.82054340	    -17.38453262	      8.37880537	      0.14623774	     10.35238533	     10.73470372	     -7.49999987	    -15.64851174	     -2.12769299	     -4.27705558	     -0.32447070	     -4.49410355	    -35.11075356	     44.42045479	    102.56952924	     14.05618936	     -9.66152385	    -21.53397130	     37.40747332	     87.26195852
      1.91000000	     -2.29377704	      1.44548042	     88.96250845	     -0.24834465	      0.95949501	     -1.20994767	     25.31420656	     -7.93953258	    -10.32809968	     46.42743815	      0.81031166	      0.49425021	    -28.93014340	     -7.49999987	     -6.80500880	      6.69510617	    -17.16904426	      8.18813511	      0.14290992	     10.79144526	     11.29520096	     -7.49999987	    -15.65043240	     -1.94919030	     -4.74464438	     -0.63946915	     -4.42394856	    -35.41511165	     44.36009738	    102.58773964	     15.07447366	     -9.71843634	    -21.16984022	     37.80545158	     87.43547515
      1.92000000	     -2.39489547	      1.61763761	     89.68172379	     -0.24996048	      0.95835586	     -1.22149086	     25.59352791	     -8.09885364	    -11.42170152	     43.47011524	      0.75869664	      0.75549080	    -27.45293449	     -7.49999987	     -7.96581887	      6.77798006	    -17.18609536	      7.82225845	      0.13652416	     11.28307354	     12.53748335	     -7.49999987	    -16.00661869	     -1.90487916	     -5.37908910	     -0.73119930	     -4.32177199	    -35.93920282	     44.20778692	    102.75987919	     16.14597725	     -9.88746437	    -20.49676195	     38.11509822	     87.81948431
      1.93000000	     -2.32755625	      1.93518678	     90.40079688	     -0.25100995	      0.95703404	     -1.23344046	     25.55637449	     -7.99370053	    -12.60058769	     40.28636069	      0.70312964	      1.29175596	    -25.86075931	     -7.49999987	     -9.15524802	      6.56027469	    -17.11588778	      7.88600291	      0.13763672	     11.87800045	     13.56453115	     -7.49999987	    -16.48786600	     -1.74350665	     -5.96108008	     -0.86426098	     -4.14214884	    -36.52161314	     44.07560139	    102.77483099	     17.04014595	    -10.14905753	    -19.60747786	     38.69326328	     88.21639725
      1.94000000	     -2.42878959	      2.09663530	     90.93048870	     -0.25205178	      0.95539385	     -1.24535827	     25.74396336	     -7.98991417	    -13.60242309	     37.09049064	      0.64735118	      1.75642643	    -24.11115948	     -7.49999987	    -10.21745816	      6.57548734	    -17.25828142	      7.77238059	      0.13565363	     12.30456951	     14.70004110	     -7.49999987	    -16.83121329	     -1.75995044	     -6.30422807	     -1.18962368	     -4.08766668	    -36.63615424	     44.09422697	    100.16104116	     17.91249820	    -10.52807342	    -17.83696558	     39.31725521	     85.99016789
      1.95000000	     -2.53447956	      2.24679406	     91.62169456	     -0.25294329	      0.95381324	     -1.25726044	     25.80107281	     -8.02089668	    -14.86510610	     33.73241446	      0.58874170	      1.95868163	    -21.71356823	     -7.49999987	    -11.15836447	      6.51564804	    -16.99875732	      7.89882560	      0.13786051	     12.73843076	     15.24256313	     -7.49999987	    -17.16840620	     -1.79237992	     -6.83215798	     -1.16631081	     -3.69091680	    -37.99721463	     43.81460401	    103.16729191	     18.83778157	    -10.76297907	    -17.35617606	     39.67835872	     89.72720405
      1.96000000	     -2.67105618	      2.38570376	     92.20164053	     -0.25381905	      0.95201698	     -1.26930479	     25.89275576	     -8.01952345	    -16.10088653	     30.42871466	      0.53108126	      2.45067892	    -19.12145051	     -7.49999987	    -12.25689074	      6.51605042	    -16.93433289	      7.70032337	      0.13439600	     12.83129320	     15.93845071	     -7.49999987	    -17.44500357	     -1.82761551	     -7.36948482	     -1.24632212	     -3.54988466	    -38.42400341	     43.53878468	    103.23171597	     19.68447198	    -10.92989265	    -16.86078264	     40.10865690	     90.09611172
      1.97000000	     -2.71053732	      2.43119108	     92.76891116	     -0.25425329	      0.95014757	     -1.28119318	     26.04760774	     -7.82807661	    -17.15492141	     27.18728462	      0.47450763	      2.67881157	    -15.73065109	     -7.49999987	    -12.95530194	      6.33319707	    -16.71940762	      8.10503264	      0.14145951	     13.25823608	     16.03400929	     -7.49999987	    -17.67616550	     -1.81534666	     -7.81422980	     -1.27410205	     -3.31203081	    -39.03081045	     43.23289886	    103.04563368	     20.49306102	    -11.15080771	    -16.17681539	     40.55585858	     90.28548632
      1.98000000	     -2.83063179	      2.12336823	     93.03010999	     -0.25416082	      0.94773167	     -1.29321568	     26.62014981	     -7.48048440	    -17.43750013	     24.11003333	      0.42079946	      2.55712884	    -12.53463662	     -7.49999987	    -13.32922099	      6.32041132	    -16.70047580	      8.37654331	      0.14619826	     13.40508931	     15.89666352	     -7.49999987	    -17.47008007	     -1.96918210	     -7.99271287	     -1.49835448	     -3.14078005	    -39.36246119	     43.05241633	    103.02145082	     21.13662934	    -11.28973135	    -15.77562897	     40.98752108	     90.40334809
      1.99000000	     -2.98484156	      2.32289275	     93.56831479	     -0.25476588	      0.94597184	     -1.30505817	     26.64176074	     -7.51463673	    -18.77717583	     21.57839441	      0.37661403	      3.58824086	     -7.20275547	     -7.49999987	    -14.40776738	      6.31374778	    -16.03983389	      8.32776608	      0.14534694	     13.34109890	     15.78361056	     -7.49999987	    -17.90726420	     -2.02374174	     -8.44650122	     -1.35045696	     -2.90295141	    -40.12991351	     42.64819788	    101.78564214	     21.83755353	    -11.56281287	    -14.52311136	     41.55891597	     88.45793647
      2.00000000	     -3.00522274	      2.24045324	     93.98538362	     -0.25455346	      0.94403282	     -1.31719620	     26.79353155	     -7.17855879	    -19.65971871	     18.93833793	      0.33053635	      4.05963552	     -3.00597617	     -7.49999987	    -14.83279581	      6.05880887	    -15.75085812	      8.98775825	      0.15686597	     13.57426031	     15.57335854	     -7.49999987	    -18.01055223	     -2.04118297	     -8.68315166	     -1.36544623	     -2.66049030	    -40.76799271	     42.29927044	    101.27822739	     22.47695065	    -11.80037305	    -13.52409707	     42.02213338	     86.95237407
      2.01000000	     -3.00889213	      1.83529462	     94.14879887	     -0.25416162	      0.94155177	     -1.32948980	     27.39255345	     -6.75652490	    -19.97938785	     16.78688528	      0.29298642	      4.18429051	      0.14277193	     -7.49999987	    -14.98057890	      5.88742339	    -15.48467309	      9.48801122	      0.16559704	     13.50843180	     14.96755228	     -7.49999987	    -17.63535087	     -2.09277793	     -8.79870189	     -1.37117678	     -2.51913242	    -41.08559891	     41.79507444	    100.01791503	     22.77704535	    -11.98832364	    -12.62276403	     42.44837017	     84.76847795
      2.02000000	     -2.97220901	      1.52131736	     94.17806170	     -0.25329551	      0.93914611	     -1.34177167	     27.84211624	     -6.24115836	    -20.28126769	     14.91882286	      0.26038258	      4.22430160	      3.17562094	     -7.49999987	    -15.08106801	      5.56796291	    -15.78108015	     10.29937724	      0.17975804	     13.79009399	     15.63665419	     -7.49999987	    -17.42575342	     -2.11780763	     -8.68304451	     -1.25206192	     -2.23204039	    -42.41157737	     41.37214335	    104.40355162	     23.38750495	    -11.93743160	    -12.99505052	     42.61200038	     89.78274757
      2.03000000	     -2.82415401	      1.30959866	     94.38159781	     -0.25285095	      0.93700426	     -1.35452965	     28.03184379	     -5.69837672	    -20.64423962	     13.30477910	      0.23221220	      3.94471151	      5.50626839	     -7.49999987	    -15.32231643	      5.12374186	    -15.49944534	     11.09002189	      0.19355740	     13.80534663	     15.68222096	     -7.49999987	    -17.22879394	     -1.96017785	     -8.65652209	     -1.38251588	     -2.14514411	    -42.76761710	     41.05063598	    103.43885928	     23.74989594	    -11.86448993	    -12.48636835	     42.89273260	     87.69877152
      2.04000000	     -2.70338839	      1.07268390	     94.47878423	     -0.25242892	      0.93484891	     -1.36765154	     28.41586596	     -5.29983373	    -21.02486863	     12.58693340	      0.21968343	      3.67453658	      7.72629028	     -7.49999987	    -15.47443317	      4.73128474	    -15.31115878	     11.99758833	      0.20939742	     13.57429072	     15.37110989	     -7.49999987	    -16.91063225	     -1.79827821	     -8.58759077	     -1.50100173	     -2.13664148	    -43.09764517	     40.69885695	    102.58830066	     23.95646431	    -11.84016373	    -11.92711798	     43.08567198	     85.98529545
      2.05000000	     -2.65024866	      1.06072138	     94.50410027	     -0.25207332	      0.93297077	     -1.38156655	     28.62724727	     -4.95773787	    -20.74630632	     12.64563857	      0.22070803	      3.52497302	      7.99488568	     -7.49999987	    -16.08113567	      4.46641382	    -14.92884693	     12.55277768	      0.21908730	     13.29773657	     15.42622110	     -7.49999987	    -16.72409177	     -1.68826178	     -8.51471120	     -1.83276125	     -2.17741050	    -43.18328294	     40.52226768	    102.60375643	     23.93100476	    -11.72964206	    -11.90057227	     43.20262310	     86.01239934
      2.06000000	     -2.17646763	      0.94182685	     94.77224581	     -0.25218058	      0.93134629	     -1.39562218	     28.73480076	     -4.35488353	    -20.81286859	     12.80469672	      0.22348412	      3.04509961	      8.80758565	     -7.49999987	    -16.18004782	      3.58503836	    -14.74359990	     13.89530962	      0.24251890	     12.45667868	     14.99751359	     -7.49999987	    -16.48415073	     -1.02822360	     -8.25012084	     -2.12744551	     -2.39806261	    -43.51718788	     40.24902840	    102.68887865	     24.03813379	    -11.22003566	    -11.75249357	     43.50352656	     86.14415706
      2.07000000	     -1.99610413	      1.03135499	     94.96988452	     -0.25241844	      0.92994464	     -1.41081162	     28.55943904	     -4.02317150	    -20.34599476	     13.44894252	      0.23472833	      2.74994674	      8.93543780	     -7.49999987	    -16.92102194	      3.12760285	    -14.24635035	     14.47521422	      0.25264015	     11.97509548	     15.07702584	     -7.49999987	    -16.16741324	     -0.65424887	     -8.28062022	     -2.53472460	     -2.48993866	    -43.67504057	     40.02577996	    102.70109638	     23.68257894	    -10.99125860	    -11.70777319	     43.47924062	     86.17091913
      2.08000000	     -1.52188290	      1.22970954	     95.25400490	     -0.25299894	      0.92875072	     -1.42614595	     28.25468478	     -3.53341968	    -20.40308803	     14.53532645	      0.25368930	      2.26715255	      8.64505030	     -7.49999987	    -17.51739595	      2.25210058	    -13.96155351	     15.52115059	      0.27089518	     10.66837145	     14.90428075	     -7.49999987	    -16.05837070	      0.14786280	     -8.15924765	     -2.82488387	     -2.81650219	    -44.01774105	     39.71141242	    102.76413349	     23.36987688	    -10.51024481	    -11.73735043	     43.75995019	     86.24810485
      2.09000000	     -1.10134292	      1.50725797	     95.51850032	     -0.25345989	      0.92788891	     -1.44194576	     27.62524945	     -2.95221688	    -19.70312432	     15.43962671	      0.26947232	      1.09608650	      7.30461998	     -7.49999987	    -18.27866121	      1.45982409	    -13.51289733	     16.39269306	      0.28610647	      9.15118109	     14.45622629	     -7.49999987	    -15.96351050	      0.88114112	     -8.21778229	     -2.96679338	     -2.94758787	    -44.69159046	     39.39326094	    102.99216508	     22.72081156	    -10.04549002	    -12.27076417	     44.18965164	     86.43832308
      2.10000000	     -0.76927677	      1.79181215	     95.66475275	     -0.25381548	      0.92702516	     -1.45799281	     27.12831721	     -2.45654715	    -18.94866730	     16.56930367	      0.28918890	     -1.39499182	      5.26924917	     -7.49999987	    -19.01547945	      0.77370373	    -13.18686395	     17.31703553	      0.30223929	      7.51836707	     14.16443320	     -7.49999987	    -15.82900594	      1.48991411	     -8.12180597	     -3.31041401	     -3.22415600	    -44.89491524	     39.14635036	    103.22301135	     22.06640923	     -9.60017460	    -12.53434025	     44.41973481	     86.59413821
      2.11000000	     -0.37644124	      1.97690949	     95.51414232	     -0.25370744	      0.92645951	     -1.47354165	     26.93871050	     -1.74842548	    -17.43595355	     17.67452482	      0.30847865	     -3.10588454	      2.36826974	     -7.49999987	    -19.48939643	      0.11002880	    -13.04768402	     18.42729755	      0.32161701	      5.56870642	     13.71596160	     -7.49999987	    -15.69886471	      2.11258884	     -7.72863679	     -3.49242617	     -3.56305236	    -45.03625212	     38.78266351	    103.44628409	     21.44245873	     -9.09409721	    -12.95056853	     44.67542525	     86.75256607
      2.12000000	      0.08872345	      2.02384883	     95.17431058	     -0.25340041	      0.92590404	     -1.48909445	     27.12747423	     -0.93388724	    -15.26369383	     19.53650059	      0.34097626	     -3.24999950	     -0.49794996	     -7.49999987	    -19.84631203	     -0.46720399	    -12.73369637	     19.50652154	      0.34045303	      3.33569407	     12.79595219	     -7.49999987	    -15.42597203	      2.79005223	     -7.20832859	     -3.60449467	     -3.92414566	    -45.16697191	     38.42646331	    103.61598778	     20.68358259	     -8.59553241	    -13.49807058	     44.87831330	     86.91092958
      2.13000000	      0.87093090	      2.33334725	     95.00019448	     -0.25303449	      0.92620429	     -1.50504983	     26.93687140	      0.01959731	    -14.26426070	     21.50978890	      0.37541664	     -3.87554072	     -1.34570535	     -7.49999987	    -20.34249807	     -1.55253523	    -12.72993297	     20.75435661	      0.36223186	      0.85871568	     12.08622636	     -7.49999987	    -15.38373884	      3.78367061	     -6.71666830	     -3.71851212	     -4.32105446	    -45.21426743	     38.00333722	    103.67909484	     19.91950767	     -8.11792684	    -13.61501936	     44.95318609	     86.98072490
      2.14000000	      1.52993300	      2.48725694	     94.46634657	     -0.25228147	      0.92689483	     -1.52096960	     26.73826017	      1.23304266	    -12.01153747	     23.04206916	      0.40215997	     -4.95940473	     -4.75903363	     -7.49999987	    -20.55983630	     -2.26187933	    -12.64121100	     22.11172199	      0.38592235	     -2.28546377	     10.09454175	     -7.49999987	    -15.22666116	      4.61857751	     -6.12445225	     -3.66143627	     -4.78425413	    -45.10495202	     37.41833033	    103.85014996	     18.91645228	     -7.60780664	    -14.47014006	     45.18860881	     87.09162271
      2.15000000	      2.20209047	      2.76685143	     94.37122818	     -0.25155956	      0.92803045	     -1.53633995	     26.31218323	      2.39698144	    -10.06303214	     24.33906782	      0.42479687	     -5.78797569	     -8.69224757	     -7.49999987	    -20.61869383	     -3.14490232	    -11.89116947	     23.74037511	      0.41434771	     -5.51772583	      7.97791729	     -7.49999987	    -15.26653056	      5.45027248	     -5.88086971	     -3.45719909	     -5.08014943	    -45.04918394	     36.80331865	    104.06092110	     18.20396526	     -7.10867884	    -15.36413153	     45.04899792	     87.28110960
      2.16000000	      2.93183048	      3.07429484	     94.25765805	     -0.25072269	      0.92924768	     -1.55175439	     25.63473141	      3.78497474	     -8.00367202	     25.21370174	      0.44006211	     -6.22309424	    -12.40813415	     -7.49999987	    -20.47308358	     -4.07958376	    -11.06705418	     25.67479816	      0.44810976	     -9.42469329	      5.70948002	     -7.49999987	    -15.32406620	      6.33272308	     -5.64749987	     -3.36744872	     -5.32911245	    -44.81255798	     36.49595560	    103.03733887	     17.26209952	     -6.67593656	    -16.04989769	     45.11898757	     85.12669551
      2.17000000	      3.35862708	      3.17343677	     93.98895408	     -0.25004384	      0.93032570	     -1.56680016	     25.17046275	      4.86805178	     -6.05485191	     26.33768860	      0.45967938	     -5.19378150	    -14.72546910	     -7.49999987	    -20.05169885	     -4.51074540	    -10.05592655	     27.51920740	      0.48030078	    -13.59377663	      2.77056577	     -7.49999987	    -15.22819324	      6.83403511	     -5.26691465	     -3.21301050	     -5.57655845	    -44.61505583	     36.16983229	    102.55780745	     16.44121567	     -6.52215231	    -15.87488745	     44.96639656	     83.12142627
      2.18000000	      3.62104437	      3.02479398	     93.77484739	     -0.24957598	      0.93106307	     -1.58144686	     24.84097073	      5.59916129	     -4.77546647	     27.34193443	      0.47720678	     -3.94076998	    -15.95886088	     -7.49999987	    -19.02217449	     -4.72928588	     -8.55694563	     29.84742278	      0.52093580	    -16.65115201	      0.92290513	     -7.49999987	    -14.84591504	      7.17692284	     -4.98784559	     -2.89275906	     -5.70395214	    -45.31398707	     35.79749472	    106.90220105	     15.66791154	     -6.00902417	    -17.42731881	     44.59580930	     88.29052571
      2.19000000	      3.94091360	      2.94780210	     93.86129248	     -0.24994117	      0.93192485	     -1.59571589	     24.36933557	      6.07200889	     -4.37418767	     28.14012157	      0.49113777	     -2.89633518	    -16.70785544	     -7.49999987	    -17.76130746	     -4.92574296	     -6.42689927	     32.57247511	      0.56849694	    -18.94369284	     -1.38463064	     -7.49999987	    -14.57346592	      7.68042750	     -4.89750450	     -2.92283004	     -6.03658290	    -44.53317612	     35.90169254	    104.54440397	     14.86921387	     -5.66568318	    -17.43990113	     44.30825180	     85.19146431
      2.20000000	      4.22658171	      3.03533348	     93.61637581	     -0.24980359	      0.93300819	     -1.61051690	     23.46160631	      6.60830800	     -4.03154971	     28.49221350	      0.49728294	     -1.36701135	    -16.87988577	     -7.49999987	    -16.82026926	     -5.06678335	     -5.24266762	     35.10603313	      0.61271587	    -21.42574819	     -4.00716285	     -7.49999987	    -14.47089398	      8.05789674	     -4.37725983	     -3.19823231	     -6.30322531	    -43.91103867	     36.36324360	    103.32082878	     14.14219197	     -5.20237739	    -17.78430048	     43.86178874	     82.99300494
      2.21000000	      4.59949263	      3.11286676	     93.91426876	     -0.25044010	      0.93434097	     -1.62426491	     22.47552783	      6.95825849	     -4.42436840	     28.54120897	      0.49813807	     -0.30052964	    -16.79207050	     -7.49999987	    -15.44674472	     -5.45837516	     -3.72797934	     38.08074109	      0.66463431	    -23.80622052	     -7.65641218	     -7.49999987	    -14.42459636	      8.60531876	     -4.27059241	     -3.26415726	     -6.57775258	    -43.20840999	     36.65916682	    101.95197813	     13.76915569	     -4.80148734	    -17.97571241	     43.03177398	     80.91466067
      2.22000000	      4.74806223	      3.18269153	     94.25658938	     -0.25127629	      0.93601190	     -1.63779334	     21.47002589	      6.95187985	     -5.19295528	     28.59082941	      0.49900411	      1.07051048	    -15.86042818	     -7.49999987	    -13.99270393	     -5.60115182	     -2.33817699	     40.95560992	      0.71481024	    -26.65557251	    -11.04506214	     -7.49999987	    -14.39657203	      8.92314879	     -4.19270846	     -2.99699047	     -6.54505505	    -44.15175675	     36.88763597	    106.25357522	     13.61627783	     -4.05844107	    -20.43659590	     41.84054608	     91.78140699
      2.23000000	      4.79329397	      3.54287494	     94.60286252	     -0.25238472	      0.93839427	     -1.65120462	     20.01584401	      6.83110657	     -6.10607638	     28.39624343	      0.49560794	      2.34102061	    -14.75863175	     -7.49999987	    -12.89190696	     -5.62950363	     -1.14962769	     43.48379679	      0.75893543	    -28.54844307	    -14.24179972	     -7.49999987	    -14.71856736	      9.14487745	     -4.10959870	     -2.92913823	     -6.75650721	    -43.60220483	     37.21375274	    104.98569756	     13.23602412	     -3.78578964	    -20.30574495	     40.95766811	     89.08407360
      2.24000000	      4.64529055	      3.98761669	     94.77978493	     -0.25321557	      0.94137636	     -1.66449564	     18.34890160	      6.58491254	     -6.77458595	     28.04083436	      0.48940488	      3.48764267	    -13.35374665	     -7.49999987	    -11.98369623	     -5.42302547	     -0.33322006	     45.63643945	      0.79650613	    -29.80570671	    -17.68691736	     -7.49999987	    -15.23750744	      9.08893900	     -3.78218128	     -2.86034817	     -6.89077892	    -43.13958802	     37.62137505	    103.92904957	     13.02204437	     -3.46835196	    -20.36848019	     39.96255924	     86.59124338
      2.25000000	      4.58739503	      4.40094095	     95.02964722	     -0.25406856	      0.94460639	     -1.67740533	     16.64093041	      6.38902504	     -7.71723552	     27.44404791	      0.47898900	      4.28003150	    -11.83196260	     -7.49999987	    -11.00852452	     -5.38469384	      0.26338690	     47.59389599	      0.83067019	    -28.72520416	    -20.50535365	     -7.49999987	    -15.72477196	      9.14239410	     -3.53163934	     -2.68372086	     -7.05671278	    -42.60175093	     37.96249758	    102.21010381	     12.89223413	     -3.11903183	    -20.64369268	     38.79615778	     84.10171614
      2.26000000	      4.33983453	      4.60114585	     95.30373609	     -0.25498282	      0.94757913	     -1.69004596	     15.09242912	      5.99121461	     -8.70141660	     26.68714968	      0.46577863	      5.30186573	    -10.30485863	     -7.49999987	     -9.76569813	     -5.09577850	      0.79428787	     49.41480481	      0.86245104	    -26.05012154	    -22.82509115	     -7.49999987	    -15.99242615	      8.95867338	     -3.36697665	     -2.20219518	     -7.05065639	    -43.11712638	     38.04745344	    105.93372767	     12.79366141	     -2.73975031	    -22.26657109	     37.56671605	     90.90178643
      2.27000000	      4.14566731	      4.83265248	     95.46184976	     -0.25579512	      0.95072011	     -1.70244576	     13.49210787	      5.75896077	     -9.27903780	     25.81719279	      0.45059502	      5.87713410	     -9.04813466	     -7.49999987	     -8.57593545	     -4.68644708	      1.48296005	     50.99891848	      0.89009904	    -22.55327006	    -25.02308745	     -7.49999987	    -16.33304880	      8.81309945	     -3.04776839	     -1.92980406	     -7.25073043	    -42.51927136	     38.30755400	    104.86973408	     12.76145252	     -2.19816462	    -23.43887123	     36.31044796	     89.17713418
      2.28000000	      3.66288192	      5.12151069	     95.50206286	     -0.25653990	      0.95387493	     -1.71492529	     11.89265422	      5.25610775	     -9.59722120	     25.16534971	      0.43921821	      6.57102656	     -7.92100811	     -7.49999987	     -7.55526677	     -3.93921160	      1.97401918	     52.25374504	      0.91199990	    -17.57970603	    -26.36642359	     -7.49999987	    -16.76664352	      8.30370040	     -2.67646722	     -1.55141819	     -7.34091228	    -42.33271171	     38.54381906	    104.98280316	     12.44900672	     -2.15290188	    -23.53116956	     35.38731700	     89.65843060
      2.29000000	      3.10940936	      5.50370426	     95.45989596	     -0.25708122	      0.95732862	     -1.72742715	     10.14116378	      4.73399784	     -9.73581338	     24.38003040	      0.42551180	      7.12598350	     -6.84272261	     -7.49999987	     -6.67238048	     -3.11150765	      2.34041922	     53.18470600	      0.92824823	    -13.21451568	    -27.55622059	     -7.49999987	    -17.30639916	      7.68918930	     -2.24856555	     -1.35116036	     -7.50607188	    -41.42802601	     39.01281782	    102.49369578	     12.27752130	     -2.02944213	    -23.67867687	     34.34074711	     86.70056767
