Coordinates
version=1
nRows=222
nColumns=36
inDegrees=yes

Units are S.I. units (second, meters, Newtons, ...)
If the header above contains a line with 'inDegrees', this indicates whether rotational values are in degrees (yes) or radians (no).

endheader
time	pelvis_tilt	pelvis_list	pelvis_rotation	pelvis_tx	pelvis_ty	pelvis_tz	hip_flexion_r	hip_adduction_r	hip_rotation_r	knee_angle_r	knee_angle_r_beta	ankle_angle_r	subtalar_angle_r	mtp_angle_r	hip_flexion_l	hip_adduction_l	hip_rotation_l	knee_angle_l	knee_angle_l_beta	ankle_angle_l	subtalar_angle_l	mtp_angle_l	lumbar_extension	lumbar_bending	lumbar_rotation	arm_flex_r	arm_add_r	arm_rot_r	elbow_flex_r	pro_sup_r	arm_flex_l	arm_add_l	arm_rot_l	elbow_flex_l	pro_sup_l
      0.00000000	      3.38724060	      4.13877659	     88.84127008	     -0.18366582	      0.93050695	      1.02645766	     22.20420190	      4.50004715	     -5.49864457	     24.89204391	      0.43444812	     -3.62051437	     -7.67581439	     -7.55614003	    -16.66492515	     -4.36041763	    -10.37770677	     34.41096322	      0.60058461	    -14.04376659	     -1.01759147	     -7.55614003	    -17.32961184	      5.66437823	     -3.12755226	     -1.32595433	     -7.70734998	    -43.31456237	     36.23527247	    107.73702793	     20.06692068	     -6.33000618	    -17.89368658	     48.39977818	     88.24400296
      0.01000000	      4.06366055	      4.36532606	     88.74791473	     -0.18223480	      0.93209262	      1.01183548	     21.20343709	      5.41006560	     -5.18359735	     25.41327543	      0.44354533	     -2.49013026	     -8.03544288	     -7.55262331	    -15.46958263	     -5.28082407	     -9.48593735	     37.67649376	      0.65757887	    -17.84308210	     -2.84899988	     -7.55262331	    -17.44490686	      6.34009053	     -2.62570978	     -1.12408917	     -8.09663601	    -42.97253854	     35.57756395	    106.64746790	     19.56772003	     -5.83816743	    -18.09690373	     48.22066880	     87.68413952
      0.02000000	      4.53016294	      4.31614414	     88.95732038	     -0.18146366	      0.93333251	      0.99772404	     20.48009696	      5.89395132	     -5.38159228	     25.81572958	      0.45056948	     -1.37090310	     -8.32520253	     -7.54889927	    -13.70829751	     -5.90154548	     -7.99052906	     41.12536985	      0.71777311	    -21.02392013	     -5.08852044	     -7.54889927	    -17.28160529	      6.83233051	     -2.37412527	     -0.98560636	     -8.36692844	    -42.73420939	     35.10913096	    105.78578678	     18.87226239	     -5.53681926	    -17.96078345	     48.31810117	     87.19903341
      0.03000000	      4.94549921	      4.30714977	     89.12739950	     -0.18090297	      0.93489421	      0.98389884	     19.56904115	      6.32411712	     -5.62078864	     25.91411264	      0.45228659	     -0.27528692	     -8.03925328	     -7.54684200	    -11.85353101	     -6.47152551	     -6.91522320	     44.60684409	      0.77853630	    -24.26361359	     -8.15319869	     -7.54684200	    -17.21753317	      7.27700003	     -2.02498059	     -0.80191016	     -8.58458609	    -42.78207916	     34.81562004	    105.95753746	     18.41608909	     -5.12296529	    -17.92979828	     48.04481640	     87.16237010
      0.04000000	      5.38983404	      4.35598662	     89.22583957	     -0.17995988	      0.93684568	      0.96995567	     18.44087794	      6.80001630	     -6.03410374	     25.70344782	      0.44860979	      0.66996419	     -7.46579960	     -7.54584664	    -10.09946558	     -7.18750394	     -6.33933060	     47.86474975	      0.83539748	    -27.63624968	    -10.96916728	     -7.54584664	    -17.15699596	      7.67408616	     -1.58349327	     -0.64004807	     -8.75301076	    -42.82528417	     34.50478535	    106.45311510	     17.95057994	     -4.74526964	    -17.92274246	     47.52807439	     87.31684974
      0.05000000	      5.19645857	      4.15787705	     89.52731393	     -0.18024922	      0.93860175	      0.95672423	     17.69022980	      6.49927746	     -6.35742549	     25.68031256	      0.44820601	      1.88202197	     -6.73114196	     -7.53811077	     -7.86109584	     -7.06237539	     -5.39334132	     50.98727135	      0.88989576	    -30.33409392	    -14.05553765	     -7.53811077	    -16.87502144	      7.48248203	     -1.34760842	     -0.26724019	     -8.78512801	    -43.73453411	     34.06754046	    108.80686628	     17.75316704	     -4.05571427	    -18.58305575	     46.73029738	     88.52561826
      0.06000000	      5.17172208	      4.15712698	     89.84658898	     -0.18003724	      0.94103078	      0.94368203	     16.49024287	      6.47320027	     -6.60880213	     25.13551696	      0.43869753	      2.65791000	     -6.36458988	     -7.53679047	     -5.85912766	     -7.29560061	     -4.90881167	     53.83232562	      0.93955133	    -31.01776498	    -16.19186005	     -7.53679047	    -16.87442601	      7.40878111	     -1.10742771	     -0.09856337	     -8.81760119	    -43.70751602	     34.05117744	    108.73773111	     17.29168770	     -3.87139176	    -18.30247490	     46.28471427	     88.56244642
      0.07000000	      5.01556381	      3.99903640	     90.24956616	     -0.18009557	      0.94333297	      0.93107634	     15.49812506	      6.25060985	     -7.05127120	     24.59778962	      0.42931242	      3.38767368	     -5.75467656	     -7.53526896	     -3.63755786	     -7.38465191	     -4.49036838	     56.49541171	      0.98603095	    -30.12649019	    -18.92945659	     -7.53526896	    -16.72110218	      7.22527862	     -0.97574131	      0.15161660	     -8.81328708	    -43.70177937	     34.03622540	    108.58152816	     17.07348856	     -3.48969290	    -18.50673047	     45.39788163	     88.47289686
      0.08000000	      4.88702063	      3.65663980	     90.69113160	     -0.18017296	      0.94543019	      0.91886606	     14.68543361	      6.06754916	     -7.51153515	     23.96659951	      0.41829607	      4.03569799	     -5.18692641	     -7.53361110	     -1.14146924	     -7.41059230	     -4.11567409	     58.98314759	      1.02945013	    -27.37053058	    -21.36192196	     -7.53361110	    -16.42480580	      7.07060014	     -0.87458062	      0.42536922	     -8.80573151	    -43.64534687	     34.06413116	    108.24556131	     16.81299065	     -3.14707795	    -18.74629743	     44.59098872	     88.27948948
      0.09000000	      4.42699833	      3.64398373	     90.91314429	     -0.17983487	      0.94820139	      0.90692337	     13.52382573	      5.67857191	     -7.31220700	     23.34773356	      0.40749482	      4.62904061	     -4.91493087	     -7.53280781	      0.85825040	     -7.16554955	     -4.24843229	     60.90326506	      1.06296250	    -24.18709987	    -23.13198983	     -7.53280781	    -16.58805192	      6.42877910	     -0.62745152	      0.76278573	     -8.67702078	    -43.50724761	     34.23409216	    107.82327635	     16.38091849	     -3.07191510	    -18.67370720	     44.20857919	     88.02672120
      0.10000000	      4.40519673	      2.98035096	     91.61141880	     -0.18005007	      0.94965104	      0.89511939	     13.10688864	      5.58284149	     -7.97160660	     22.69130099	      0.39603791	      5.07783013	     -4.43926943	     -7.53143842	      3.92869107	     -7.30006177	     -3.67553338	     62.90799841	      1.09795170	    -21.24663183	    -24.62621051	     -7.53143842	    -15.91464440	      6.39413879	     -0.77072110	      0.99605020	     -8.60337845	    -43.42013568	     34.41103238	    107.58990571	     16.03916618	     -2.89686754	    -18.72284748	     43.26612625	     87.86591060
      0.11000000	      4.06837930	      2.48554580	     92.04315253	     -0.17996659	      0.95144931	      0.88342788	     12.54226611	      5.24093329	     -8.19368464	     22.14379889	      0.38648220	      5.54050258	     -4.20307739	     -7.53027480	      6.68095367	     -6.90298046	     -3.26545050	     64.34447016	      1.12302286	    -18.83568684	    -27.03612207	     -7.53027480	    -15.51631362	      5.94385823	     -0.83652188	      1.40440300	     -8.43053456	    -43.37878261	     34.59293735	    107.76309230	     15.42650621	     -3.00483224	    -18.69159682	     42.82186093	     88.00301998
      0.12000000	      3.75314544	      2.13668497	     92.24515045	     -0.17964376	      0.95335212	      0.87152302	     11.79689730	      5.00212527	     -8.13739188	     21.54919761	      0.37610445	      5.93698583	     -3.93050359	     -7.52907810	      9.01301472	     -6.60027078	     -3.31268457	     65.16681933	      1.13737556	    -16.65214041	    -27.63047271	     -7.52907810	    -15.25451010	      5.47281899	     -0.66722696	      1.72321692	     -8.32247943	    -43.17878448	     34.89605215	    107.69753112	     15.03809576	     -2.87486272	    -19.05375593	     41.98919185	     87.96924234
      0.13000000	      3.33912360	      2.11040841	     92.41964613	     -0.17954783	      0.95572864	      0.85968402	     10.64113667	      4.70478417	     -7.81489632	     20.84291191	      0.36377744	      6.27409742	     -3.87695988	     -7.52904628	     10.90817470	     -6.03355303	     -3.25068905	     65.55955456	      1.14423008	    -14.61642162	    -29.27613741	     -7.52904628	    -15.41666290	      4.91211660	     -0.56824064	      2.22072662	     -8.20661529	    -43.00799469	     35.16068394	    107.92430057	     14.51222389	     -2.96483306	    -19.16992363	     41.49606099	     88.05319673
      0.14000000	      2.89523400	      1.86388261	     92.60992517	     -0.17943900	      0.95751608	      0.84785090	      9.83147643	      4.32263237	     -7.68624920	     20.35811226	      0.35531609	      6.59939933	     -3.80354875	     -7.52865571	     12.91130442	     -5.64797892	     -3.58680050	     65.57359621	      1.14447516	    -12.31116389	    -30.13132158	     -7.52865571	    -15.30726049	      4.34917230	     -0.60856858	      2.62803986	     -8.03055941	    -42.76845634	     35.74132704	    107.79107087	     13.80397925	     -3.11254085	    -19.35020467	     41.08377971	     87.95629059
      0.15000000	      2.72554225	      1.55873662	     92.86545705	     -0.17945797	      0.95892110	      0.83614396	      9.04071459	      4.20237530	     -7.92225475	     19.68806939	      0.34362163	      6.89672128	     -3.58874492	     -7.52403647	     15.02758317	     -5.45843767	     -3.70766090	     65.41559358	      1.14171749	     -9.62925214	    -29.93159869	     -7.52403647	    -15.16416108	      4.09064765	     -0.60220793	      2.64787705	     -8.12194428	    -41.11496744	     36.72287668	    104.98332546	     13.13268048	     -3.09488276	    -19.57567761	     40.68580063	     85.37624164
      0.16000000	      2.34180911	      1.40296633	     92.78576637	     -0.17916034	      0.96049034	      0.82427023	      8.09853384	      3.87461362	     -7.91636515	     19.08191548	      0.33304225	      7.34506511	     -2.94469365	     -7.51695051	     16.68445675	     -5.11899372	     -4.24896638	     64.66958650	      1.12869721	     -7.59963807	    -29.87802989	     -7.51695051	    -15.18056177	      3.55811471	     -0.41748384	      3.12647627	     -7.99562989	    -40.99557776	     37.33850581	    107.32841005	     12.45372327	     -3.14883498	    -20.45571426	     40.22101631	     88.85728477
      0.17000000	      1.91920766	      1.33767873	     92.70228087	     -0.17895326	      0.96201269	      0.81222660	      6.99563900	      3.53923707	     -7.67727742	     18.40373951	      0.32120585	      7.72209439	     -2.69939959	     -7.51452737	     18.09995064	     -4.67166688	     -4.73731743	     63.51778206	      1.10859443	     -6.17997858	    -29.90116877	     -7.51452737	    -15.32211565	      2.99047756	     -0.21899215	      3.18528426	     -8.09447346	    -39.40708392	     38.37312827	    104.20401091	     11.71400804	     -3.21259161	    -20.61126025	     39.94990015	     86.01906957
      0.18000000	      1.84443832	      1.05150518	     92.65763600	     -0.17843271	      0.96274780	      0.80058348	      6.29562141	      3.52683854	     -7.76842088	     17.97014423	      0.31363818	      7.94925230	     -2.42373358	     -7.51412714	     19.83189400	     -4.68507483	     -5.22268069	     62.27428061	      1.08689124	     -5.05339519	    -29.52415039	     -7.51412714	    -15.20685914	      2.77327623	      0.02903678	      3.61103774	     -7.98772496	    -39.09441268	     39.05908709	    103.63831146	     10.88903928	     -3.39550678	    -20.70231969	     39.73944945	     85.72888068
      0.19000000	      1.48886768	      1.40693800	     92.41555529	     -0.17800485	      0.96443160	      0.78815621	      4.69326402	      3.23494036	     -7.81575269	     17.19971139	      0.30019159	      8.27489027	     -1.20278275	     -7.51358703	     20.38614269	     -4.49609046	     -6.10736564	     60.23134777	      1.05123533	     -4.00646256	    -28.68755088	     -7.51358703	    -15.77971709	      2.24914165	      0.26326775	      3.80359823	     -7.99048940	    -37.91188391	     40.21808089	    104.07578890	     10.01097979	     -3.50323978	    -21.28001199	     39.81704428	     85.89240151
      0.20000000	      1.38985556	      1.06711227	     92.31559903	     -0.17813206	      0.96452909	      0.77612707	      4.01707795	      3.18722882	     -7.63236035	     16.75742894	      0.29247231	      8.71884548	     -1.12714814	     -7.51336440	     21.84241360	     -4.38807209	     -6.64174695	     58.19869976	      1.01575893	     -3.46533913	    -28.35647923	     -7.51336440	    -15.52736611	      2.12887536	      0.46421735	      4.24239832	     -8.02453101	    -37.60184026	     40.95842343	    103.80575440	      9.02603433	     -3.58493376	    -21.42186524	     39.49713563	     85.72941551
      0.21000000	      1.18051801	      1.62812579	     92.02474889	     -0.17740806	      0.96615928	      0.76406214	      2.29493793	      2.93383045	     -8.44133703	     16.14537117	      0.28178989	      8.70402737	      0.62901712	     -7.51267562	     21.96144348	     -4.38189124	     -7.61694855	     55.50124378	      0.96867944	     -2.61913506	    -26.66946728	     -7.51267562	    -16.49949100	      1.76039858	      0.82310174	      4.30425598	     -8.20253701	    -35.84879337	     42.52946213	    104.05736210	      8.32881512	     -3.61975606	    -22.22316713	     39.60743773	     85.96587962
      0.22000000	      0.95889237	      1.70768597	     91.73917088	     -0.17711199	      0.96645620	      0.75176781	      1.15961067	      2.69319255	     -8.59883737	     15.69005291	      0.27384308	      9.14753279	      1.69634871	     -7.51215735	     22.54018847	     -4.28776628	     -8.61783086	     52.61020035	      0.91822122	     -2.08605435	    -25.46005410	     -7.51215735	    -16.74025979	      1.41371190	      1.08231133	      4.61729070	     -8.31721960	    -34.83146667	     43.48160894	    104.03052844	      7.36659151	     -3.69970759	    -22.77408891	     39.64807642	     86.21006241
      0.23000000	      0.88570071	      1.97768190	     91.46312416	     -0.17673118	      0.96683068	      0.73949822	     -0.13047714	      2.58936625	     -9.05846562	     15.33912371	      0.26771821	      9.42250770	      2.69550740	     -7.51162124	     22.79154916	     -4.23262089	     -9.38916011	     49.42821114	      0.86268503	     -1.62747294	    -24.17735987	     -7.51162124	    -17.22577828	      1.21578330	      1.42943301	      4.88287336	     -8.44705298	    -33.78850120	     44.55399488	    103.90089610	      6.54326985	     -3.72204635	    -23.40528645	     39.60697028	     86.60153462
      0.24000000	      0.98423952	      1.72325606	     91.24505109	     -0.17638317	      0.96608576	      0.72739743	     -0.76020741	      2.67480101	     -9.37721992	     15.14688203	      0.26436296	      9.44341504	      3.19634347	     -7.51132026	     23.57667428	     -4.28920036	     -9.98727172	     46.01785628	      0.80316311	     -1.40289410	    -22.93795240	     -7.51132026	    -17.07568681	      1.22057721	      1.76757650	      5.20226235	     -8.48247512	    -33.23946757	     45.43203484	    103.55691841	      5.59623313	     -3.78806569	    -23.75942827	     39.50125257	     86.62073690
      0.25000000	      1.39394263	      1.54299303	     91.05205836	     -0.17636463	      0.96501375	      0.71552538	     -1.43639793	      3.07568896	     -9.70658843	     14.95691037	      0.26104733	      9.70658389	      3.68770986	     -7.51129531	     24.26508163	     -4.61517736	    -10.52917185	     42.43858840	      0.74069310	     -1.23564706	    -22.19207013	     -7.51129531	    -17.03028359	      1.61514532	      2.09824074	      5.70975769	     -8.58075746	    -32.82956517	     46.19945068	    103.68364721	      4.72254780	     -3.77397850	    -24.04475062	     39.28728033	     86.76639036
      0.26000000	      1.20739540	      2.45445266	     90.62138013	     -0.17614099	      0.96551808	      0.70259233	     -3.45526076	      2.74956480	    -10.52560896	     14.65413260	      0.25576286	     10.28731101	      5.93651649	     -7.50671365	     23.24821654	     -4.44545516	    -11.84676928	     38.21973729	      0.66706025	     -0.11626723	    -19.34732461	     -7.50671365	    -18.17993538	      1.24933260	      2.52439825	      5.68413663	     -9.12315637	    -30.60290960	     47.55083614	    100.83572188	      4.06867121	     -3.51864117	    -26.24580705	     39.30635063	     92.99051812
      0.27000000	      1.33303146	      2.57656818	     90.06767867	     -0.17605961	      0.96450761	      0.69032999	     -4.39208172	      2.75851921	    -10.65920576	     14.69311103	      0.25644316	     10.52710829	      6.68542175	     -7.50635694	     23.18219034	     -4.51227185	    -12.96064894	     34.08911209	      0.59496725	      0.66976493	    -16.85917781	     -7.50635694	    -18.43814581	      1.26855689	      3.11522308	      6.04262527	     -9.39453297	    -29.79704513	     48.42192317	    100.95412582	      3.20405008	     -3.36708321	    -26.92356193	     39.22970954	     93.11963245
      0.28000000	      1.64034717	      2.60454595	     89.61747840	     -0.17593257	      0.96308286	      0.67808074	     -5.21045667	      2.96653203	    -10.92345552	     14.76685486	      0.25773024	     10.97914199	      7.34267247	     -7.50613384	     23.24486874	     -4.67791860	    -13.80380545	     30.04166875	      0.52432603	      1.33682062	    -13.82710184	     -7.50613384	    -18.59109130	      1.49129407	      3.66203114	      6.38855973	     -9.63027598	    -29.11947615	     49.23849228	    100.93996108	      2.39063884	     -3.23927250	    -27.51554111	     38.98641064	     93.19419513
      0.29000000	      1.84949613	      2.67736809	     89.21984026	     -0.17605453	      0.96157407	      0.66571697	     -6.06340450	      3.06738517	    -11.09307390	     14.91294969	      0.26028007	     11.30837150	      7.80382789	     -7.50589584	     23.18567781	     -4.71064520	    -14.74071921	     26.03211973	      0.45434620	      1.75176450	    -10.22944420	     -7.50589584	    -18.76649348	      1.60913135	      4.11891167	      6.68594928	     -9.83820395	    -28.44778663	     50.06325482	    100.96012020	      1.60569752	     -3.10208280	    -28.22329858	     38.80550191	     93.36846456
      0.30000000	      2.00021351	      2.57452600	     88.80387834	     -0.17640736	      0.95968549	      0.65354996	     -6.59382331	      3.05318309	    -11.24173722	     15.30914847	      0.26719505	     11.78912111	      8.06886892	     -7.50578685	     23.30290874	     -4.65730970	    -15.63858764	     22.16647466	      0.38687797	      1.73665319	     -6.53715876	     -7.50578685	    -18.75743073	      1.69811911	      4.54534983	      7.02375803	     -9.98447911	    -27.94001267	     50.84805166	    101.27098854	      0.84193475	     -2.95003371	    -28.96345208	     38.54426817	     93.72473532
      0.31000000	      2.05988926	      2.31861972	     88.42053009	     -0.17698189	      0.95759871	      0.64147590	     -6.90932055	      2.91157932	    -11.38545009	     15.78006242	      0.27541405	     12.06243994	      8.16791577	     -7.50571851	     23.49235520	     -4.42881999	    -16.26792940	     18.33869581	      0.32007062	      1.59384788	     -2.82665424	     -7.50571851	    -18.60192088	      1.72996769	      4.92797749	      7.32681940	    -10.08449747	    -27.56073591	     51.57487942	    101.39918719	      0.13711840	     -2.77256551	    -29.67858342	     38.20382663	     93.97247881
      0.32000000	      2.13846355	      2.31240531	     87.99149372	     -0.17756733	      0.95569568	      0.62969891	     -7.42450167	      2.74695361	    -11.40751538	     16.36932683	      0.28569865	     12.52008430	      8.51831005	     -7.50561040	     23.41735972	     -4.28733600	    -16.90529584	     14.95457697	      0.26100661	      1.84641414	      1.57933748	     -7.50561040	    -18.76617575	      1.74362949	      5.30737439	      7.79651233	    -10.22012178	    -27.07033866	     52.15752001	    101.55662912	     -0.48209445	     -2.56652712	    -30.43497759	     37.94713237	     94.25820651
      0.33000000	      2.40685948	      1.93516233	     87.84544396	     -0.17876413	      0.95323302	      0.61810179	     -7.60593423	      2.87188355	    -11.28222664	     16.75636576	      0.29245375	     12.55725675	      8.71263541	     -7.50563872	     23.82462980	     -4.13061880	    -16.13175929	     11.95414745	      0.20863923	      1.62760616	      3.38922011	     -7.50563872	    -18.56117274	      2.08834159	      5.44205791	      8.27998987	    -10.28174657	    -26.91946490	     52.64279540	    101.70725152	     -1.13164790	     -2.51434179	    -30.70159062	     37.53862546	     94.49269539
      0.34000000	      1.91456379	      1.85649415	     87.22033833	     -0.17970967	      0.95115741	      0.60589642	     -7.77812745	      1.90417025	    -11.23681538	     17.88981684	      0.31223621	     13.23002338	      9.36638121	     -7.50520190	     23.44385425	     -3.41978211	    -17.02619124	      8.71201446	      0.15205334	      0.78876336	      7.00616098	     -7.50520190	    -18.54770496	      1.44837833	      5.89623113	      8.40662409	    -10.49129366	    -26.12788625	     53.32032541	     99.84476433	     -1.57562323	     -2.12761060	    -31.80426189	     37.16976523	     92.36691429
      0.35000000	      1.70414486	      1.56432125	     86.63576077	     -0.18081001	      0.94854131	      0.59411590	     -7.66364619	      1.27836332	    -10.87294731	     19.05789360	      0.33262299	     13.72805907	      9.62856007	     -7.50473473	     23.46609458	     -3.00792720	    -17.12439201	      6.27876716	      0.10958516	     -0.16061540	      8.59157426	     -7.50473473	    -18.33717931	      1.18173549	      6.27590004	      8.74943423	    -10.59231235	    -25.75451881	     53.75365197	     99.63899848	     -2.08965540	     -1.83148922	    -32.63623711	     36.76480259	     91.34496459
      0.36000000	      1.50324719	      1.33909871	     86.14422694	     -0.18193989	      0.94579621	      0.58165106	     -7.73970785	      0.78402369	    -10.01181261	     20.02511404	      0.34950417	     14.07276926	      9.25617661	     -7.50400144	     23.62236032	     -2.70492639	    -17.19042216	      4.93947395	      0.08621008	     -0.76760538	      9.34117377	     -7.50400144	    -18.09756655	      0.92837754	      6.55336095	      8.94234401	    -10.57396081	    -25.59205651	     54.24040181	    100.09021083	     -2.59936055	     -1.56606434	    -33.70252459	     36.30240470	     91.63733475
      0.37000000	      1.44170374	      1.20497482	     85.66420193	     -0.18237139	      0.94327443	      0.56884033	     -7.94639714	      0.40761335	     -9.44068166	     20.95160116	      0.36567442	     14.18000056	      9.32911804	     -7.50378317	     24.06126764	     -2.80158339	    -17.31464917	      5.11319628	      0.08924211	     -0.75686485	      9.70222618	     -7.50378317	    -17.90241189	      0.71945261	      6.85266825	      9.14750364	    -10.32325396	    -25.77299244	     54.49816466	    101.66072191	     -3.26309815	     -1.52165099	    -34.44707963	     36.05854005	     93.26015576
      0.38000000	      1.25939586	      1.18975599	     85.21866941	     -0.18312099	      0.94080982	      0.55519955	     -8.38516162	      0.01930337	     -8.26397388	     21.75185725	      0.37964153	     14.13693444	      8.55354402	     -7.50355870	     24.47142284	     -2.84211976	    -17.26605132	      6.15840780	      0.10748449	     -0.41624635	      9.31278949	     -7.50355870	    -17.71278919	      0.42349095	      7.10535512	      9.04516022	    -10.16310825	    -25.77282327	     54.95602996	    101.42570907	     -3.67878658	     -1.34143092	    -35.65519103	     35.37432937	     93.37964133
      0.39000000	      1.18575950	      1.32845978	     84.79795099	     -0.18329412	      0.93865969	      0.54130157	     -9.01163731	     -0.25348033	     -7.20733390	     22.51939933	      0.39303766	     13.88323863	      7.93871447	     -7.50330534	     24.69547061	     -3.06238346	    -17.13641036	      7.71076973	      0.13457832	     -0.20370980	      8.56327613	     -7.50330534	    -17.66084897	      0.15016262	      7.33502888	      8.90620751	     -9.87362924	    -25.79323344	     55.31245109	    100.79112825	     -4.30626007	     -1.43828506	    -36.06695536	     34.96405318	     93.03560797
      0.40000000	      1.19074231	      1.46584085	     84.45175939	     -0.18338470	      0.93660411	      0.52703945	     -9.71075163	     -0.39364516	     -6.10406505	     23.17393441	      0.40446146	     13.32152976	      7.10580816	     -7.50310891	     24.81162354	     -3.39118630	    -17.17190673	      9.52042477	      0.16616276	      0.13781116	      8.23223065	     -7.50310891	    -17.54264779	     -0.02877523	      7.41831812	      8.79647636	     -9.40489705	    -26.03851337	     55.52569352	    100.11497689	     -4.91840751	     -1.46369933	    -36.82066833	     34.58684011	     92.62681441
      0.41000000	      0.93427493	      1.81985788	     84.29478729	     -0.18402598	      0.93503912	      0.51215539	    -10.68949307	     -0.88895843	     -5.52255022	     23.77186923	      0.41489739	     12.60528754	      6.82801075	     -7.50285553	     24.44349111	     -3.23750975	    -16.85843448	     11.17787039	      0.19509064	      0.00591400	      7.31580848	     -7.50285553	    -17.57980182	     -0.47288156	      7.32356125	      8.49136042	     -9.03210327	    -26.11798036	     55.66652824	     99.68486644	     -5.43165114	     -1.56653221	    -37.48515523	     34.02648933	     92.21333636
      0.42000000	      0.90736968	      2.07200955	     84.08114257	     -0.18426955	      0.93358012	      0.49722047	    -11.53412223	     -1.14098042	     -4.97835739	     24.41585990	      0.42613715	     11.53319788	      6.11992313	     -7.50267261	     24.24223734	     -3.40188500	    -17.24985344	     13.10571690	      0.22873791	     -1.88445801	      5.43494290	     -7.50267261	    -17.53567536	     -0.68991518	      7.43147924	      8.03408183	     -8.50230729	    -26.68339976	     55.98189337	     98.75705282	     -5.85329261	     -1.70874373	    -37.96696778	     33.37324840	     91.42858904
      0.43000000	      0.51616862	      2.50386146	     84.22284723	     -0.18536530	      0.93264549	      0.48199373	    -12.57036195	     -1.82960839	     -5.04047620	     25.04127037	      0.43705262	     10.34513770	      6.54082135	     -7.50252556	     23.87195186	     -2.93245013	    -17.75531415	     14.41765340	      0.25163552	     -4.50892065	      2.49949580	     -7.50252556	    -17.63061206	     -1.22935835	      6.89285785	      7.79699541	     -7.96687076	    -26.88823310	     55.79915970	     99.14612944	     -6.40330028	     -1.84542945	    -38.71938802	     32.99214319	     91.16103118
      0.44000000	      0.00563026	      2.65677540	     84.53542469	     -0.18698349	      0.93188454	      0.46747231	    -13.03275247	     -2.57149528	     -5.09855272	     26.10511317	      0.45562018	      8.77332861	      6.23191569	     -7.50200928	     23.95857291	     -2.22786355	    -17.04363893	     16.01097944	      0.27944431	     -5.18630077	      0.58970606	     -7.50200928	    -17.55294412	     -1.82405874	      6.31459747	      7.48581834	     -7.46721583	    -27.21148361	     55.60813224	     98.97447002	     -6.54418364	     -2.00218410	    -39.37057509	     32.21052430	     89.79103707
      0.45000000	     -0.54112659	      2.81108903	     85.24858119	     -0.18902171	      0.93177066	      0.45237054	    -13.67158735	     -3.19862169	     -5.51882124	     26.85960511	      0.46878854	      6.68174043	      5.70872851	     -7.50130246	     23.90185252	     -1.36119493	    -16.07271868	     17.63735827	      0.30782997	     -5.66564069	      0.77071384	     -7.50130246	    -17.38773536	     -2.34753003	      5.33734007	      7.18221327	     -6.64540685	    -28.27457853	     55.23726135	    102.07492267	     -6.67306987	     -2.28245467	    -40.24563297	     31.26933754	     91.80722427
      0.46000000	     -1.30069503	      3.17460728	     85.57079010	     -0.19074453	      0.93267275	      0.43767424	    -14.23330932	     -4.17745423	     -5.61419465	     27.97514276	      0.48825835	      4.28540842	      4.95988308	     -7.50109318	     23.33033157	     -0.46187840	    -16.16501887	     18.93164663	      0.33041957	     -6.66880588	      1.45314633	     -7.50109318	    -17.55701455	     -3.20261082	      4.69290767	      6.88129082	     -6.06005299	    -28.81258301	     54.76310184	    101.21503102	     -6.59423043	     -2.49641973	    -40.85550520	     30.31520329	     90.77451779
      0.47000000	     -2.30597969	      3.61528113	     86.05535258	     -0.19331558	      0.93412364	      0.42242457	    -14.84264145	     -5.46077628	     -6.12522240	     29.15080162	      0.50877747	      1.53720552	      4.25369028	     -7.50098437	     22.58068907	      0.90035247	    -15.74811177	     20.00297779	      0.34911782	     -6.98761026	      0.55855530	     -7.50098437	    -17.73982196	     -4.19472320	      3.92787144	      6.43049265	     -5.48430684	    -29.48853439	     54.27744356	    100.74703840	     -6.46977207	     -2.72784128	    -41.20731030	     29.27103419	     89.74469835
      0.48000000	     -3.02592228	      4.07094704	     86.37065497	     -0.19595074	      0.93563243	      0.40694289	    -15.32034562	     -6.42634447	     -6.20044829	     30.49384111	      0.53221793	     -2.01546451	      2.95890036	     -7.50082185	     21.81425500	      1.99220021	    -15.09907114	     21.07028525	      0.36774585	     -6.70942523	     -1.42361356	     -7.50082185	    -17.90723170	     -4.85616082	      3.41881835	      5.80848039	     -5.16789516	    -30.01579688	     53.88944081	    101.01915372	     -6.30131444	     -2.80435657	    -41.77042475	     28.19212291	     89.55403862
      0.49000000	     -3.54685771	      4.39882771	     86.65493406	     -0.19834995	      0.93701978	      0.39148386	    -15.46105853	     -7.16719048	     -6.25064316	     32.06541566	      0.55964708	     -5.96553374	      1.37015222	     -7.50072878	     20.98559649	      2.91414197	    -14.25794522	     21.93050285	      0.38275948	     -6.14021366	     -4.35355107	     -7.50072878	    -17.93253303	     -5.30009458	      3.05170489	      5.11724650	     -4.88333698	    -30.61536985	     53.48305281	    100.99654808	     -6.16842633	     -2.90747449	    -41.91731672	     27.22367839	     88.96257206
      0.50000000	     -4.03293819	      4.59076538	     86.87008551	     -0.20093019	      0.93831684	      0.37635390	    -15.14617449	     -7.90921526	     -6.10396819	     34.00752831	      0.59354334	    -10.67898384	     -0.53150192	     -7.50063947	     20.16385386	      3.82037409	    -13.60483831	     22.65254988	      0.39536158	     -4.68260072	     -4.86935942	     -7.50063947	    -17.82789046	     -5.66539880	      2.70748654	      4.43733341	     -4.75358711	    -30.95259525	     52.99550132	    100.69599283	     -6.06836850	     -2.94076409	    -41.97697525	     26.50086700	     88.32024150
      0.51000000	     -4.40480504	      4.61642002	     86.97899584	     -0.20328184	      0.93959351	      0.36178657	    -14.33737943	     -8.53880003	     -5.77899712	     36.17962416	      0.63145356	    -15.56541789	     -2.65144942	     -7.50056438	     19.38574117	      4.56509426	    -13.12271958	     23.04699659	      0.40224597	     -3.33570064	     -4.86927031	     -7.50056438	    -17.57532606	     -5.93970693	      2.46150306	      3.89460373	     -4.59687602	    -31.41996139	     52.33041650	    100.18800972	     -5.85880473	     -2.92299159	    -42.15142638	     25.78958454	     87.64400210
      0.52000000	     -4.84702598	      4.71938811	     87.01480834	     -0.20531790	      0.94096237	      0.34734848	    -13.43763866	     -9.22602790	     -5.15713352	     38.46396825	      0.67132289	    -19.17261359	     -3.86161026	     -7.50055214	     18.42063810	      5.32245370	    -12.79556588	     23.20664531	      0.40503237	     -2.11943421	     -5.39993011	     -7.50055214	    -17.42996142	     -6.32085081	      2.18009719	      3.36739715	     -4.55242604	    -31.40039281	     51.66862992	    100.00915653	     -5.76434221	     -2.94464767	    -42.07952956	     25.37959748	     87.49673884
      0.53000000	     -5.04857775	      4.36689588	     86.68617341	     -0.20626714	      0.94207608	      0.33399357	    -11.61027752	     -9.50273409	     -3.82881287	     41.09760205	      0.71728847	    -22.43018553	     -6.40307135	     -7.50052262	     17.93269488	      5.64513498	    -12.71226200	     23.25108095	      0.40580792	     -1.31784666	     -5.80704537	     -7.50052262	    -16.88346105	     -6.58414241	      2.29276883	      2.99328238	     -4.46445767	    -31.61573921	     50.82863902	     99.80331839	     -5.49931539	     -2.99131591	    -42.10581765	     24.98968967	     87.27955987
      0.54000000	     -5.15132210	      4.13758030	     86.35325835	     -0.20697030	      0.94356415	      0.32088868	     -9.85127110	     -9.63287980	     -2.58631942	     43.69870789	      0.76268633	    -25.29261613	     -8.57558843	     -7.50049387	     17.22584627	      5.86197853	    -12.68380607	     23.13518274	      0.40378511	     -0.31440925	     -5.71499112	     -7.50049387	    -16.51057910	     -6.74711673	      2.35667403	      2.78714378	     -4.33300287	    -31.91705330	     49.87447831	     99.74582810	     -5.17894871	     -3.03474994	    -42.14351138	     24.74454898	     87.13003717
      0.55000000	     -5.25508191	      4.21357296	     86.15437840	     -0.20781242	      0.94562403	      0.30812320	     -8.40123640	     -9.89544906	     -1.93332366	     46.32614849	      0.80854382	    -27.35628895	     -9.57768033	     -7.50048420	     16.06710774	      6.15350050	    -12.61167980	     22.73283426	      0.39676281	      0.57452295	     -5.62205705	     -7.50048420	    -16.59215653	     -6.88602362	      2.19844825	      2.68670245	     -4.29739768	    -31.99910628	     49.04395606	     99.68105499	     -4.75284247	     -3.10679121	    -42.07709767	     24.61975070	     87.03408287
      0.56000000	     -5.43857210	      4.02712155	     85.61334794	     -0.20821850	      0.94753203	      0.29558330	     -6.37304508	    -10.33773658	     -1.21001229	     49.20016377	      0.85870485	    -28.84685633	    -11.39993940	     -7.50047546	     15.13908028	      6.40925282	    -13.00722676	     22.16065427	      0.38677638	      1.27088922	     -5.24360597	     -7.50047546	    -16.29944731	     -7.18602925	      2.32753834	      2.67525395	     -4.19207903	    -32.19440350	     47.86952003	     99.92295246	     -4.39959597	     -3.12662936	    -41.99572523	     24.64394496	     87.08777249
      0.57000000	     -5.38118551	      3.45742659	     85.09936467	     -0.20845782	      0.94897905	      0.28360689	     -3.87781017	    -10.28076162	     -0.32475666	     51.97793086	      0.90718603	    -28.66941936	    -13.41776394	     -7.50038513	     14.66057896	      6.33407718	    -13.48249165	     21.65882217	      0.37801776	      1.93676656	     -4.49702835	     -7.50038513	    -15.66125530	     -7.16526459	      2.42041102	      2.96768018	     -3.84026631	    -33.43432395	     46.51727875	    102.72125323	     -4.20433814	     -3.19377712	    -41.48242245	     24.90282199	     87.81842615
      0.58000000	     -5.52263318	      3.23482918	     84.53321249	     -0.20884721	      0.95095844	      0.27157576	     -1.79553297	    -10.63652272	      0.09835802	     54.40874570	      0.94961175	    -27.45676647	    -15.95722841	     -7.50036917	     13.68697658	      6.58646556	    -13.93624627	     20.82296573	      0.36342931	      2.37964383	     -4.12802127	     -7.50036917	    -15.42302171	     -7.36382228	      2.46471162	      3.02908191	     -3.85067573	    -33.48557132	     45.48756852	    102.67096302	     -3.69168150	     -3.15199753	    -41.65495491	     25.00634967	     87.71649105
      0.59000000	     -5.50092447	      3.28294201	     84.17885289	     -0.20957897	      0.95323475	      0.25972971	     -0.10620545	    -10.72310795	      0.31864919	     56.49209962	      0.98597314	    -25.26298752	    -18.58806100	     -7.50036293	     12.36059751	      6.81905971	    -13.88028998	     19.87203394	      0.34683242	      2.91512451	     -3.74179605	     -7.50036293	    -15.56384944	     -7.34000073	      2.35617117	      3.06115977	     -3.95707184	    -33.45716472	     44.69337443	    102.52997813	     -3.06165490	     -3.15003138	    -41.50110907	     25.07405550	     87.60688244
      0.60000000	     -5.54578770	      2.73704325	     83.44323957	     -0.20952068	      0.95457669	      0.24806090	      2.54580242	    -10.78494821	      0.82615899	     58.58819184	      1.02255685	    -23.35060879	    -21.80106570	     -7.50034692	     11.72189850	      6.81115913	    -15.07305806	     18.97952723	      0.33125524	      3.25564893	     -2.65809889	     -7.50034692	    -14.93061127	     -7.46691999	      2.57555609	      3.18785513	     -3.86229564	    -33.94674266	     43.56313334	    102.70641394	     -2.74571645	     -3.15177313	    -41.36567682	     25.69158012	     87.61683252
      0.61000000	     -5.51146560	      2.53118379	     83.05816169	     -0.21001397	      0.95630867	      0.23646184	      4.61405540	    -10.65214547	      1.15340921	     60.16085785	      1.05000505	    -21.60780518	    -24.74334221	     -7.50034040	     10.75472943	      6.93340961	    -15.53144647	     18.14815314	      0.31674503	      3.58082036	     -2.25811864	     -7.50034040	    -14.76758826	     -7.39981309	      2.45631603	      3.22178701	     -3.87554351	    -34.14122611	     42.82106339	    102.97242277	     -2.19393166	     -3.21126505	    -41.06760642	     26.08247049	     87.73634045
      0.62000000	     -5.53141094	      2.22072950	     82.47692812	     -0.21046045	      0.95780281	      0.22461386	      6.84463752	    -10.59921974	      1.52911357	     61.44346188	      1.07239071	    -19.78662319	    -27.56156504	     -7.50029558	      9.78906775	      7.11803684	    -16.13085421	     17.08101719	      0.29811999	      3.96998423	     -1.22393515	     -7.50029558	    -14.38582183	     -7.41915594	      2.62373558	      3.18182825	     -3.91531503	    -34.62320636	     41.95400743	    102.45009386	     -1.93982318	     -3.37218339	    -39.47771654	     26.69633754	     86.04503751
      0.63000000	     -5.31798295	      1.85266554	     82.53760576	     -0.21107519	      0.95910117	      0.21343788	      8.89786183	    -10.20843138	      1.29907861	     62.38277846	      1.08878488	    -17.70940421	    -29.62366374	     -7.50021519	      9.09610436	      7.08953413	    -15.90406663	     16.44561693	      0.28703016	      4.24495878	     -0.97205786	     -7.50021519	    -14.16076871	     -7.13312649	      2.17827333	      3.31054651	     -3.74975346	    -35.53117661	     41.19425401	    105.15179103	     -1.51338791	     -3.68730241	    -38.43610619	     27.39354430	     86.88987346
      0.64000000	     -5.24690019	      1.59753239	     82.47508123	     -0.21195558	      0.96039198	      0.20186425	     10.79415679	    -10.07263175	      1.06340839	     62.93702718	      1.09845835	    -15.24878341	    -31.07864463	     -7.50019937	      8.16043662	      7.26840395	    -15.84959643	     15.55398071	      0.27146818	      4.35428736	     -0.70985480	     -7.50019937	    -13.96054484	     -6.96931842	      1.84889681	      3.06669200	     -3.91241383	    -35.29136876	     40.73245183	    103.90473432	     -0.89860007	     -3.82207024	    -37.91248001	     27.81874883	     85.59297858
      0.65000000	     -5.10224156	      1.70944709	     82.45014217	     -0.21272069	      0.96218153	      0.18999705	     12.10488366	     -9.93884091	      0.66604381	     63.01223171	      1.09977091	    -12.38036564	    -31.56349908	     -7.50019020	      6.66448937	      7.44833065	    -15.83384079	     14.36468265	      0.25071101	      4.49529192	      0.04142904	     -7.50019020	    -14.17483118	     -6.78007214	      1.50594533	      2.91291627	     -3.90950404	    -35.75321090	     40.38429525	    103.89578456	     -0.35923815	     -3.98619055	    -37.26215762	     28.56746680	     85.55252439
      0.66000000	     -4.76646342	      1.40920372	     82.61188697	     -0.21352404	      0.96330572	      0.17871027	     13.77221155	     -9.46041803	      0.12765777	     62.80354293	      1.09612861	    -10.10896195	    -32.16611516	     -7.50018342	      5.82263755	      7.31127312	    -15.46654561	     13.61922761	      0.23770036	      4.68232165	      0.30209660	     -7.50018342	    -14.01884686	     -6.31491769	      1.14969287	      2.59206712	     -3.95073162	    -35.80337543	     40.23437479	    103.44798882	      0.37573459	     -4.07668191	    -36.80148708	     29.16708690	     85.09499421
      0.67000000	     -4.43819264	      1.21971133	     82.74192655	     -0.21436176	      0.96442560	      0.16745266	     15.22220707	     -8.90006438	     -0.20567886	     62.17247691	      1.08511443	     -8.10400259	    -32.40195781	     -7.50018263	      4.76599315	      7.20871548	    -15.21392252	     12.66632824	      0.22106913	      4.78142078	      0.85379054	     -7.50018263	    -13.99763126	     -5.86779696	      0.79418606	      2.28770490	     -4.10538131	    -36.05031714	     40.03241332	    103.54239238	      1.20297564	     -4.25213924	    -36.49022912	     29.64028187	     85.21684125
      0.68000000	     -4.10307388	      1.65470399	     83.02329477	     -0.21514536	      0.96628025	      0.15556012	     15.72319063	     -8.58289080	     -0.94786913	     61.07552489	      1.06596900	     -5.92256162	    -31.43385984	     -7.50016750	      2.96815341	      7.12635952	    -15.40787843	     11.68474604	      0.20393729	      5.08675976	      2.32725739	     -7.50016750	    -14.64233783	     -5.47431463	      0.27284375	      2.09015636	     -4.04970477	    -36.62910057	     39.93880248	    102.56495272	      1.82730080	     -4.73466533	    -34.87815412	     30.35334554	     84.82482270
      0.69000000	     -3.90372640	      1.25934550	     83.26932033	     -0.21606013	      0.96658039	      0.14450714	     17.24066576	     -8.20161675	     -1.48099088	     59.85744869	      1.04470956	     -4.45311057	    -31.13823771	     -7.50016254	      2.31831356	      7.04700824	    -15.29015510	     11.06150448	      0.19305967	      5.19346104	      2.91552903	     -7.50016254	    -14.37499236	     -5.11806612	     -0.10920811	      1.68613965	     -4.12989239	    -36.82337610	     39.90623590	    102.22499237	      2.63223132	     -4.93031754	    -34.36398883	     30.96862022	     84.64656810
      0.70000000	     -3.59107661	      1.45777775	     83.51576629	     -0.21672377	      0.96757769	      0.13319812	     17.92101317	     -7.83204680	     -2.21536288	     58.17796335	      1.01539701	     -3.05635044	    -29.85770271	     -7.50014711	      1.00198410	      6.83961446	    -15.82724176	     10.47715097	      0.18286078	      5.58247187	      4.77983622	     -7.50014711	    -14.79926087	     -4.71663487	     -0.52957481	      1.54850759	     -3.96807668	    -37.81471809	     39.89056510	    102.52582079	      3.29960384	     -5.56397268	    -32.51459434	     31.66800858	     85.52651173
      0.71000000	     -3.41072838	      1.28114876	     83.87314087	     -0.21764734	      0.96773849	      0.12214233	     18.96080537	     -7.52679398	     -2.91694277	     56.28855560	      0.98242063	     -1.91975311	    -28.68126566	     -7.50009962	      0.20911587	      6.72757940	    -15.98860300	     10.05063861	      0.17541674	      5.90591757	      5.97040833	     -7.50009962	    -14.80395536	     -4.40423726	     -1.01758714	      1.31551902	     -3.90479769	    -38.61549499	     39.82854101	    103.40318377	      4.19019985	     -5.95308172	    -31.76284211	     32.17901168	     87.07984340
      0.72000000	     -3.38572677	      1.10257492	     84.47447373	     -0.21892245	      0.96781276	      0.11114343	     19.87927232	     -7.47745931	     -3.86081848	     54.10253918	      0.94426744	     -1.33868511	    -27.75382618	     -7.50009346	     -0.53902187	      6.79114105	    -15.84244393	      9.62118946	      0.16792143	      5.88172645	      6.69035908	     -7.50009346	    -14.75588210	     -4.24351240	     -1.86876770	      1.10936955	     -4.09076411	    -38.20998934	     39.36307782	    101.16202515	      5.15573981	     -6.38791539	    -30.97417830	     32.43406271	     85.32988312
      0.73000000	     -3.30751122	      1.41337691	     84.59437455	     -0.21967737	      0.96808127	      0.09960132	     20.20201351	     -7.34342122	     -4.55202956	     51.61842640	      0.90091150	      0.05527569	    -25.95460073	     -7.50008587	     -1.99884649	      6.84820731	    -16.72598263	      8.92917467	      0.15584350	      6.08518328	      8.57403566	     -7.50008587	    -15.23005299	     -4.09000069	     -2.10650940	      0.70609037	     -4.05436999	    -38.73021569	     39.72433873	    100.32711198	      6.07731409	     -6.66486805	    -30.26883068	     33.12641868	     84.92859830
      0.74000000	     -3.24854304	      1.43453682	     84.99439832	     -0.22060012	      0.96781145	      0.08815380	     20.71002123	     -7.13920942	     -5.25817358	     48.88385510	      0.85318422	      1.01345127	    -24.45689748	     -7.50008133	     -3.05294240	      6.86016091	    -17.13748171	      8.44742559	      0.14743539	      6.50512035	     10.23001840	     -7.50008133	    -15.37048219	     -3.89905283	     -2.58320864	      0.29589566	     -4.01700743	    -39.20481996	     39.93021267	    100.13087658	      7.04001595	     -6.99489486	    -29.55612409	     33.59435595	     84.97476107
      0.75000000	     -3.37280599	      1.57158748	     85.35864545	     -0.22146189	      0.96731721	      0.07683215	     21.08779480	     -7.17375092	     -6.06002722	     46.03596113	      0.80347910	      1.71742458	    -22.98698560	     -7.50007669	     -4.13576275	      7.05388863	    -17.61025030	      8.12332913	      0.14177884	      6.85864748	     11.66875152	     -7.50007669	    -15.62967204	     -3.95884947	     -3.12911456	     -0.03226430	     -3.93544259	    -39.58990267	     40.09392715	    100.01529162	      7.95971659	     -7.49152203	    -28.69737013	     34.17118259	     85.12206355
      0.76000000	     -3.41537607	      1.68224905	     85.74799024	     -0.22225054	      0.96661954	      0.06529093	     21.37299568	     -7.10851366	     -6.97867306	     42.96669031	      0.74991021	      2.31227270	    -21.60350220	     -7.50007231	     -5.17925939	      7.15083707	    -17.98558728	      7.86122602	      0.13720428	      7.27177196	     12.88297298	     -7.50007231	    -15.82508208	     -3.92078159	     -3.60447324	     -0.37849504	     -3.85924701	    -40.07219563	     40.19439717	     99.95023278	      8.90978974	     -7.92362339	    -27.84817999	     34.62998400	     85.25649307
      0.77000000	     -3.53422224	      1.70011613	     86.19873144	     -0.22307155	      0.96563601	      0.05397173	     21.73687884	     -7.08882818	     -7.85143564	     39.79547218	      0.69456202	      2.83800703	    -19.97669405	     -7.50006446	     -6.05951794	      7.28939476	    -18.34420657	      7.69939484	      0.13437979	      7.61422569	     14.31102519	     -7.50006446	    -15.99825913	     -3.92792498	     -4.06069194	     -0.84909389	     -3.77173740	    -40.40895527	     40.58677181	     99.39890739	      9.88421962	     -8.37271500	    -26.66797587	     35.15787300	     85.09444989
      0.78000000	     -3.57561415	      1.76137190	     86.72989915	     -0.22388191	      0.96462454	      0.04253562	     21.95144225	     -7.00441328	     -8.94188331	     36.48982620	      0.63686761	      3.41925133	    -18.01374414	     -7.50006081	     -6.97687542	      7.32182629	    -18.60164130	      7.59458246	      0.13255047	      7.87670140	     15.12034585	     -7.50006081	    -16.13160535	     -3.87099234	     -4.70331356	     -1.12742203	     -3.77367506	    -40.60765099	     40.51824813	     99.30232994	     10.93768389	     -8.84403213	    -25.99902880	     35.35462641	     85.14426011
      0.79000000	     -3.63513329	      1.79527425	     87.16880260	     -0.22461398	      0.96328756	      0.03122262	     22.24128413	     -6.93889380	    -10.09818716	     33.30349193	      0.58125559	      3.84210563	    -15.45539198	     -7.50005723	     -7.85210321	      7.37231165	    -18.83993709	      7.54410701	      0.13166951	      8.33363431	     16.18998884	     -7.50005723	    -16.30485394	     -3.82434689	     -5.17214407	     -1.49970211	     -3.68828919	    -41.01295923	     40.83387708	     99.54522191	     11.91959307	     -9.25817482	    -25.17429870	     35.79734049	     85.43078217
      0.80000000	     -3.80609600	      1.40970496	     87.45967363	     -0.22496938	      0.96136423	      0.02024470	     23.04273502	     -6.81746852	    -10.90354395	     30.16469635	      0.52647327	      3.73529694	    -13.07194831	     -7.50005652	     -8.15183122	      7.51439905	    -19.02015743	      7.63157568	      0.13319612	      8.65196533	     16.48399547	     -7.50005652	    -15.98213905	     -3.93610614	     -5.52427806	     -1.86197430	     -3.61210225	    -41.21965040	     40.93165675	     99.82796996	     12.91678069	     -9.56435375	    -24.79659796	     36.22184771	     85.72724872
      0.81000000	     -3.76884744	      1.58465099	     88.04700791	     -0.22550522	      0.96026660	      0.00900214	     23.05795969	     -6.67811022	    -12.45753779	     27.11880030	      0.47331235	      4.10602211	     -9.04699453	     -7.50005473	     -9.07770649	      7.39092090	    -19.05129855	      7.76204693	      0.13547328	      9.09459150	     17.22193465	     -7.50005473	    -16.36964503	     -3.77756771	     -6.02979688	     -2.02013610	     -3.48999098	    -41.88932854	     40.95116465	    100.57037969	     14.04927463	    -10.05177923	    -23.78082028	     36.37834298	     86.53956675
      0.82000000	     -3.72593966	      1.43087861	     88.41689811	     -0.22558768	      0.95857775	     -0.00204060	     23.48994990	     -6.29748456	    -13.49224305	     24.17333006	      0.42190420	      4.27468710	     -5.58757245	     -7.50005303	     -9.55977476	      7.25290057	    -19.04851781	      8.03292804	      0.14020104	      9.55959747	     17.36665289	     -7.50005303	    -16.36335844	     -3.67700319	     -6.35765615	     -2.18529478	     -3.38924840	    -42.33970151	     40.85284360	    101.07451413	     15.03861996	    -10.41132211	    -23.09635801	     36.76481833	     87.14974840
      0.83000000	     -3.95777141	      1.11009738	     88.51746559	     -0.22506712	      0.95634765	     -0.01287043	     24.29007122	     -5.95625874	    -13.50504635	     21.66158386	      0.37806596	      4.38594235	     -3.77753313	     -7.50005299	     -9.84437707	      7.44968373	    -19.10549827	      8.25038306	      0.14399635	      9.67037754	     17.23106963	     -7.50005299	    -16.14157677	     -3.98156021	     -6.48837833	     -2.42601446	     -3.26098541	    -42.45746966	     40.81672387	    101.29598616	     16.04732190	    -10.67320630	    -22.94192095	     37.23706980	     87.34375621
      0.84000000	     -3.63034896	      1.20528873	     88.95677606	     -0.22498432	      0.95500398	     -0.02447482	     24.23594568	     -5.39342417	    -15.21538972	     19.05178226	      0.33251633	      4.89497163	      1.31455194	     -7.50004662	    -10.63500352	      7.00345063	    -18.78213724	      8.50042527	      0.14836041	     10.14761794	     16.77313051	     -7.50004662	    -16.38336834	     -3.52645913	     -6.77439601	     -2.54643387	     -3.16584435	    -42.99253887	     40.67154311	     99.22059723	     16.88908690	    -11.10297226	    -21.62187779	     37.60659520	     85.73610410
      0.85000000	     -3.47044518	      0.79002419	     89.08809465	     -0.22383319	      0.95261775	     -0.03547109	     24.84836812	     -4.65136828	    -15.52516954	     16.71330700	      0.29170224	      4.55460568	      3.54414493	     -7.50004605	    -10.50444391	      6.62183074	    -18.74906340	      9.42227697	      0.16444976	     10.72477355	     16.12776786	     -7.50004605	    -16.05956022	     -3.40141284	     -6.82899045	     -2.72795150	     -3.07449037	    -43.16614756	     40.51963246	     99.49201515	     17.72400373	    -11.39384509	    -21.33887296	     37.99870341	     85.96621767
      0.86000000	     -3.26679830	      0.61376573	     89.41466426	     -0.22288277	      0.95060348	     -0.04671137	     25.07813453	     -4.02091169	    -16.31140496	     14.65380291	      0.25575711	      4.18707186	      5.89277263	     -7.50003201	    -10.61531571	      6.14714221	    -18.35697060	     10.42142340	      0.18188815	     11.27898808	     15.61947323	     -7.50003201	    -15.97455214	     -3.20680248	     -7.01922065	     -2.44411474	     -2.72544902	    -44.73286299	     39.87162199	    103.15021003	     18.58014310	    -11.81366803	    -20.76362615	     38.30605924	     89.28911964
      0.87000000	     -3.04233275	      0.34955978	     89.64651207	     -0.22195994	      0.94848528	     -0.05806174	     25.34996681	     -3.38510989	    -17.00713134	     12.90057933	      0.22515758	      3.71191078	      7.87300446	     -7.50003150	    -10.60235558	      5.68553127	    -17.69918832	     11.46770923	      0.20014928	     11.67267841	     14.49858948	     -7.50003150	    -15.78744106	     -2.95850745	     -7.09593355	     -2.48091106	     -2.58881597	    -45.23036758	     39.57843458	    102.41126295	     19.27593822	    -12.05989940	    -20.24671909	     38.74665644	     88.96758607
      0.88000000	     -2.80009699	      0.23541506	     89.88148341	     -0.22102864	      0.94631632	     -0.07006401	     25.51106795	     -2.74356719	    -17.11143384	     11.78914806	      0.20575945	      3.56861300	      8.44734857	     -7.50003106	    -10.78474736	      5.18537118	    -17.07447105	     12.52902720	      0.21867278	     11.89446641	     13.56074118	     -7.50003106	    -15.63968877	     -2.69238126	     -7.11828856	     -2.67658255	     -2.52201959	    -45.49087026	     39.33559172	    101.90134825	     19.79445320	    -12.27380125	    -19.69446348	     39.37643040	     88.58678146
      0.89000000	     -2.64806470	      0.13138835	     90.00423151	     -0.22021874	      0.94415536	     -0.08245060	     25.84108798	     -2.30241644	    -17.06321642	     11.57644443	      0.20204707	      3.64305491	      8.39939094	     -7.50002741	    -10.99264858	      4.79285755	    -16.60585191	     13.59474736	      0.23727310	     12.10606327	     13.19266363	     -7.50002741	    -15.42712775	     -2.48045829	     -7.05892524	     -2.79804573	     -2.52521516	    -45.94668182	     38.89616879	    102.59277725	     20.33484295	    -12.33384367	    -19.48258644	     39.63438547	     88.87691040
      0.90000000	     -2.57125402	      0.27411150	     90.17504530	     -0.21984659	      0.94231206	     -0.09544756	     25.95200285	     -2.09730527	    -17.02583677	     12.06103361	      0.21050475	      3.97179429	      8.36258980	     -7.50002530	    -11.55863250	      4.56111911	    -15.70746918	     14.50123834	      0.25309435	     11.91651240	     12.14907193	     -7.50002530	    -15.41958903	     -2.31545042	     -6.99759947	     -3.08058635	     -2.56463869	    -46.29659508	     38.75271371	    101.94226527	     20.64154471	    -12.30608010	    -19.08402255	     40.27390029	     88.24796308
      0.91000000	     -2.43790203	      0.43227925	     90.27431727	     -0.21971273	      0.94055671	     -0.10886861	     25.97243668	     -1.85695496	    -16.79244616	     12.88427441	      0.22487301	      3.93285910	      7.60109299	     -7.50002337	    -12.12174135	      4.27395388	    -15.02835183	     15.46908057	      0.26998639	     11.68743753	     11.48145090	     -7.50002337	    -15.32967224	     -2.05076587	     -6.90826499	     -3.30777903	     -2.75827406	    -46.49843173	     38.36396081	    102.34287897	     20.76847332	    -12.18571192	    -18.95189389	     40.85419223	     88.08724448
      0.92000000	     -2.33537193	      0.67085508	     90.36934701	     -0.21976932	      0.93906131	     -0.12254613	     25.76705889	     -1.67215292	    -16.25787393	     13.83041272	      0.24138624	      3.61431443	      6.81861568	     -7.50002230	    -12.79849654	      4.07285274	    -14.06021912	     16.37215057	      0.28574793	     10.93510814	     10.10544108	     -7.50002230	    -15.33140712	     -1.76950934	     -6.79777956	     -3.59648744	     -2.95798699	    -46.60459519	     38.14056168	    101.74370741	     20.75532519	    -11.90933962	    -18.96538941	     41.61018261	     87.37916680
      0.93000000	     -2.13836066	      0.91713793	     90.45547421	     -0.21951341	      0.93769493	     -0.13665253	     25.40301938	     -1.31724955	    -15.16523370	     14.94895693	      0.26090852	      1.40687017	      4.71386434	     -7.50001751	    -13.44378285	      3.67748493	    -13.46534061	     17.41052206	      0.30387093	     10.33100919	      9.80053062	     -7.50001751	    -15.27082541	     -1.38622083	     -6.69056755	     -3.74285084	     -3.14117802	    -47.07723207	     37.66042851	    103.78372608	     20.53354491	    -11.74874619	    -19.10398297	     42.35064809	     88.61564284
      0.94000000	     -1.99152379	      1.24713625	     90.37497079	     -0.21927520	      0.93656314	     -0.15076945	     24.97295237	     -1.05271586	    -14.39427135	     16.30140141	      0.28451313	     -1.90353576	      2.20359776	     -7.50001622	    -14.14559113	      3.40567700	    -12.89031506	     18.45647547	      0.32212627	      9.27485590	      9.03928406	     -7.50001622	    -15.31379791	     -1.07765362	     -6.30285766	     -4.04879959	     -3.35674325	    -47.26233386	     37.43174228	    103.07483925	     20.46069675	    -11.33504761	    -19.15719929	     42.93416510	     87.55228335
      0.95000000	     -1.70937220	      1.54351745	     90.10776038	     -0.21884559	      0.93592593	     -0.16466943	     24.64745683	     -0.63684111	    -13.33386233	     17.78993901	      0.31049301	     -2.76692709	      0.31334763	     -7.50001513	    -14.68669813	      3.00659934	    -12.60423637	     19.67521533	      0.34339729	      7.92048134	      8.37881132	     -7.50001513	    -15.34940972	     -0.62609498	     -5.84383639	     -4.13989940	     -3.71303302	    -47.17325479	     36.94741539	    103.11488508	     20.17506595	    -10.92567959	    -19.41685928	     43.61693047	     86.91098891
      0.96000000	     -1.30625708	      1.79601848	     89.79183847	     -0.21805534	      0.93594341	     -0.17817356	     24.48010437	     -0.05636875	    -11.96000863	     19.42581609	      0.33904445	     -3.17581351	     -1.51177379	     -7.50001470	    -14.97927623	      2.49154115	    -12.24650331	     21.14845233	      0.36911012	      5.95298371	      6.93971651	     -7.50001470	    -15.47613244	     -0.09644557	     -5.31209442	     -4.03093904	     -4.00359934	    -47.34003011	     36.33166178	    102.80237033	     19.80619581	    -10.52992221	    -19.60213750	     44.44636434	     85.87624741
      0.97000000	     -0.75017767	      2.07444295	     89.37925255	     -0.21652021	      0.93640382	     -0.19189320	     24.15797672	      0.78036537	    -10.63779168	     20.82216694	      0.36341537	     -4.09800349	     -3.21942598	     -7.50001346	    -15.12938278	      1.67756103	    -12.50121484	     22.96534480	      0.40082088	      3.82838416	      6.26333349	     -7.50001346	    -15.58855960	      0.50191575	     -4.65976816	     -3.86008756	     -4.25129247	    -47.47349539	     35.54256971	    103.12992922	     19.43648349	    -10.10453413	    -20.11213041	     45.03563990	     86.20495285
      0.98000000	     -0.22711232	      2.59434505	     89.02728033	     -0.21485246	      0.93754704	     -0.20585832	     23.51740581	      1.67977425	     -8.75131546	     22.27223072	      0.38872376	     -4.80131881	     -6.52360490	     -7.50001200	    -15.47263758	      0.94908964	    -12.46934914	     24.81280489	      0.43306514	      1.04869871	      4.54647759	     -7.50001200	    -15.95038857	      1.02628502	     -4.14446945	     -3.60666803	     -4.43246260	    -47.61934240	     34.71839019	    103.40221133	     18.86655588	     -9.84511669	    -20.47367221	     45.75578421	     86.44089928
      0.99000000	      0.22456643	      3.17152139	     88.75483608	     -0.21288569	      0.93915347	     -0.21999516	     22.61094850	      2.56619585	     -7.21749345	     23.38812728	      0.40819983	     -4.74186590	     -8.71776254	     -7.50001056	    -15.66419995	      0.20856415	    -12.48875250	     26.92337377	      0.46990152	     -2.22241281	      3.15843787	     -7.50001056	    -16.37444341	      1.43550184	     -3.68766743	     -3.37693426	     -4.45956357	    -47.83814866	     34.01981840	    103.62463628	     18.22488059	     -9.62416333	    -20.85102212	     46.53039683	     86.67626328
      1.00000000	      0.58930030	      3.57393832	     88.55750925	     -0.21123251	      0.94074648	     -0.23369310	     21.74870866	      3.37125481	     -5.84079247	     24.33955741	      0.42480542	     -3.91896288	    -10.13882334	     -7.50000542	    -15.38770197	     -0.42577544	    -12.21763908	     29.28836785	      0.51117845	     -6.04901201	      1.12358146	     -7.50000542	    -16.60424771	      1.76030423	     -3.39032195	     -2.96518742	     -4.48868482	    -48.28373778	     33.14699772	    105.55277190	     17.54298068	     -9.46399035	    -21.52940204	     47.16687422	     90.76439312
      1.01000000	      0.83760967	      3.85676316	     88.45799849	     -0.20998523	      0.94228774	     -0.24716528	     20.85546550	      3.94838997	     -4.83214420	     25.06027096	      0.43738424	     -2.74087656	    -11.21825883	     -7.50000505	    -14.71763328	     -0.90371646	    -11.53797852	     31.84196921	      0.55574720	    -10.69268682	     -1.36052677	     -7.50000505	    -16.75984404	      2.02888220	     -3.15136073	     -2.85180899	     -4.56677427	    -47.85192714	     32.75149598	    104.36177840	     16.80785081	     -9.25783835	    -21.58480256	     47.82547406	     88.85936742
      1.02000000	      1.34413391	      3.98115387	     88.65180442	     -0.20920616	      0.94357966	     -0.26035363	     19.96941743	      4.55337449	     -4.68467655	     25.40255783	      0.44335827	     -1.74994428	    -11.77290172	     -7.50000462	    -13.50128653	     -1.78285419	    -10.59557624	     34.89814633	      0.60908756	    -15.08832450	     -3.67837709	     -7.50000462	    -16.73063733	      2.63309791	     -3.18015217	     -2.63155051	     -4.71232744	    -47.33940893	     32.18058904	    102.68865088	     15.93672134	     -9.05941393	    -21.63394453	     48.61014985	     87.34750030
      1.03000000	      1.77076180	      4.08786783	     88.80380233	     -0.20817037	      0.94483851	     -0.27324494	     19.08582357	      5.07869521	     -4.63098427	     25.66480955	      0.44793543	     -0.80175435	    -12.11878437	     -7.50000427	    -12.13298483	     -2.64270443	     -9.77724901	     38.06772407	      0.66440712	    -18.45601337	     -4.09430893	     -7.50000427	    -16.70816089	      3.10373752	     -2.84546225	     -2.70747393	     -4.63373658	    -47.30443808	     32.24251039	    102.68797387	     15.64682316	     -8.78180744	    -21.57486575	     48.38619998	     87.21472778
      1.04000000	      2.00816486	      4.15088423	     88.87411829	     -0.20745982	      0.94602497	     -0.28593528	     18.19003304	      5.34350188	     -4.76178160	     25.80348523	      0.45035578	      0.46461151	    -11.79365560	     -7.50000405	    -10.61216359	     -3.19083729	     -8.94252213	     41.27745724	      0.72042754	    -21.07459632	     -4.50548731	     -7.50000405	    -16.66178977	      3.37379550	     -2.45564017	     -2.76892324	     -4.64246447	    -47.07204048	     32.23166998	    101.71883846	     15.22483915	     -8.45615179	    -21.46367547	     48.42783711	     86.61603078
      1.05000000	      2.47831944	      4.03557753	     89.48666964	     -0.20770753	      0.94710978	     -0.29837264	     17.30862862	      5.65764060	     -5.67176146	     25.50084687	      0.44507374	      1.11925296	    -11.39014670	     -7.50000380	     -8.65616624	     -3.98872129	     -7.59836437	     44.70278448	      0.78021077	    -23.75968986	     -7.54640890	     -7.50000380	    -16.41609853	      4.06843193	     -2.66542646	     -2.69492814	     -4.65964478	    -46.84893901	     32.32669510	    101.70499308	     14.69120250	     -8.14102790	    -21.52992497	     48.47042542	     86.45213414
      1.06000000	      2.52751919	      4.24805152	     89.63312610	     -0.20740925	      0.94878330	     -0.31041348	     16.14517391	      5.70242751	     -5.83181533	     25.36044513	      0.44262327	      2.21551523	    -11.06717835	     -7.50000369	     -7.15020755	     -4.33332227	     -7.05863174	     47.77060689	      0.83375438	    -26.42668277	     -8.35732753	     -7.50000369	    -16.65104506	      4.12656848	     -2.29983327	     -2.56087444	     -4.65656355	    -46.67849406	     32.35134274	    101.40510282	     14.48913970	     -7.79552132	    -21.49068037	     48.39842852	     86.22123073
      1.07000000	      2.49627024	      3.99445413	     90.42196682	     -0.20834331	      0.95001266	     -0.32235194	     15.48381058	      5.32535243	     -7.19307879	     25.23441748	      0.44042367	      3.14578791	     -9.94184859	     -7.50000349	     -4.83185831	     -4.52711851	     -5.85453740	     50.98666974	      0.88988526	    -29.26398219	    -12.12903569	     -7.50000349	    -16.29897725	      4.34011045	     -2.70579382	     -2.50107309	     -4.51921754	    -46.70086589	     32.73025301	    102.06809268	     14.07636831	     -7.42918838	    -21.78462055	     48.09480979	     86.43164750
      1.08000000	      2.47104978	      4.00269620	     90.89409023	     -0.20871040	      0.95181968	     -0.33391945	     14.42176348	      5.15618482	     -7.96814183	     24.79020086	      0.43267063	      3.90091983	     -9.03183195	     -7.50000334	     -2.94169110	     -4.79060652	     -5.29929111	     53.76673408	      0.93840654	    -30.40478139	    -14.09723373	     -7.50000334	    -16.32881913	      4.43478802	     -2.69261491	     -2.31412634	     -4.45046795	    -46.64793184	     32.91029595	    102.37642973	     13.84221930	     -7.08957623	    -21.81910750	     47.66663690	     86.55752523
      1.09000000	      2.43516494	      3.94347942	     91.28811902	     -0.20888180	      0.95360678	     -0.34508557	     13.43508219	      5.04570207	     -8.53996767	     24.28304721	      0.42381913	      4.58953882	     -8.34922571	     -7.50000322	     -0.97171785	     -5.07252624	     -5.02690608	     56.31098290	      0.98281206	    -30.10853869	    -16.25646669	     -7.50000322	    -16.36263868	      4.46271139	     -2.55926038	     -2.05326628	     -4.39538030	    -46.42819592	     33.06361891	    102.40382523	     13.70258390	     -6.76290265	    -21.85207703	     47.20851699	     86.53107088
      1.10000000	      2.00812192	      3.81868955	     91.38995839	     -0.20854585	      0.95541225	     -0.35612376	     12.57534701	      4.61524539	     -8.61941762	     23.86311554	      0.41648994	      5.19219571	     -7.84357766	     -7.50000308	      0.91547967	     -4.89677612	     -5.16156314	     58.41695174	      1.01956815	    -27.92050721	    -17.11983773	     -7.50000308	    -16.43226206	      3.92333666	     -2.19899612	     -1.87664675	     -4.22907770	    -46.16960027	     33.40477998	    101.49485832	     13.40875777	     -6.54931943	    -21.82384335	     47.02955696	     86.00710577
      1.11000000	      2.24919802	      3.50890263	     92.06690969	     -0.20944525	      0.95659787	     -0.36682617	     11.88041426	      4.71295254	     -9.58665313	     23.28275367	      0.40636071	      5.62401302	     -6.89962215	     -7.50000290	      3.34520522	     -5.29792437	     -4.52236948	     60.83033824	      1.06168969	    -24.42859880	    -18.76038490	     -7.50000290	    -16.13064041	      4.37368230	     -2.33038798	     -1.62616450	     -4.33568074	    -45.71609373	     33.66922289	    101.23504165	     13.31772931	     -6.18758697	    -21.91218776	     46.08458431	     85.77248685
      1.12000000	      2.04444828	      3.19892733	     92.40702343	     -0.20961595	      0.95792964	     -0.37746021	     11.27836785	      4.47353758	     -9.86631937	     22.91921151	      0.40001570	      6.14272294	     -6.36011164	     -7.50000273	      5.63104131	     -5.22101744	     -4.33741774	     62.68150344	      1.09399862	    -21.14630451	    -19.31166272	     -7.50000273	    -15.92199770	      4.16306626	     -2.22687904	     -1.34440171	     -4.25202925	    -45.32673821	     33.96991374	    100.89264182	     13.14015580	     -5.87583436	    -22.02187300	     45.40818058	     85.51824805
      1.13000000	      1.66268118	      3.06196896	     92.57995549	     -0.20975500	      0.95963775	     -0.38802374	     10.48264423	      4.11130229	     -9.80774646	     22.53630072	      0.39333265	      6.63612961	     -6.09933381	     -7.50000263	      7.61155398	     -4.74958251	     -4.08976423	     63.99609562	      1.11694258	    -18.61339872	    -20.04755884	     -7.50000263	    -15.97851934	      3.75818220	     -2.09785163	     -0.93172540	     -4.22837189	    -45.01355073	     34.32090629	    100.48513456	     12.81782518	     -5.79595158	    -22.11032156	     44.89433949	     85.24841319
      1.14000000	      1.46393998	      2.76651002	     92.84289831	     -0.20991151	      0.96083638	     -0.39857280	      9.88034757	      3.94967773	     -9.78217582	     22.17556245	      0.38703658	      7.02434776	     -5.91819031	     -7.50000252	      9.78906488	     -4.58877311	     -4.02349316	     65.05191889	      1.13537017	    -16.28236990	    -20.45011996	     -7.50000252	    -15.78214596	      3.53478964	     -1.99437969	     -0.62482787	     -4.21768705	    -44.47849544	     34.69184980	    100.38214478	     12.54207528	     -5.53884095	    -22.27555714	     44.18296780	     85.11672143
      1.15000000	      1.10051719	      2.66904120	     92.87784253	     -0.20979516	      0.96247347	     -0.40950040	      8.94943718	      3.69859901	     -9.50273186	     21.59274695	      0.37686453	      7.40219721	     -5.86853831	     -7.50000247	     11.50589054	     -4.25455771	     -4.20286707	     65.55669478	      1.14418017	    -14.50578654	    -21.12362142	     -7.50000247	    -15.80236580	      3.10404155	     -1.81011889	     -0.21309595	     -4.21705652	    -44.14737399	     35.01149753	    100.25594663	     12.09376888	     -5.53131764	    -22.43091891	     43.66224602	     85.00582418
      1.16000000	      0.82305697	      2.53761014	     92.86447993	     -0.20954811	      0.96376235	     -0.42017836	      8.09789544	      3.53905184	     -9.20634612	     21.06897851	      0.36772304	      7.71067433	     -5.79232133	     -7.50000242	     13.24743330	     -4.02306877	     -4.49166515	     65.84588204	      1.14922744	    -12.56444396	    -22.04504572	     -7.50000242	    -15.82043774	      2.73744514	     -1.58100698	      0.20991812	     -4.22469105	    -43.74545848	     35.41948600	    100.23766846	     11.63486987	     -5.43949196	    -22.61031897	     43.09141656	     84.94097587
      1.17000000	      0.57988615	      2.37130822	     92.68155047	     -0.20907119	      0.96495573	     -0.43086956	      7.27373266	      3.40429081	     -8.89826830	     20.51319788	      0.35802284	      7.95824679	     -5.60027128	     -7.50000238	     14.88800929	     -3.85916240	     -4.91513995	     65.77571951	      1.14800287	    -10.60618696	    -22.79603288	     -7.50000238	    -15.79667264	      2.38887172	     -1.25238955	      0.60401974	     -4.23113707	    -43.26347911	     35.93144318	    100.22999932	     11.14607509	     -5.36992193	    -22.88582985	     42.54103993	     84.86552258
      1.18000000	      0.38268183	      2.37895105	     92.36410403	     -0.20833831	      0.96629944	     -0.44178634	      6.23083264	      3.37475770	     -8.34660746	     19.88135376	      0.34699508	      8.18413263	     -5.44200723	     -7.50000226	     16.18777842	     -3.89199776	     -5.63058192	     65.38602695	      1.14120146	     -8.40649946	    -22.93906076	     -7.50000226	    -15.95222146	      2.05614224	     -0.64103239	      0.46335414	     -4.48853392	    -41.57025099	     37.05097321	    101.18833674	     10.92344561	     -4.90634671	    -24.15592557	     41.69046657	     85.16409826
      1.19000000	      0.12684166	      2.22158186	     92.20792754	     -0.20783352	      0.96728153	     -0.45245407	      5.41086464	      3.18257976	     -8.27815599	     19.35570424	      0.33782077	      8.27563282	     -5.26829369	     -7.50000223	     17.65034735	     -3.78198603	     -6.19755949	     64.69708889	      1.12917722	     -6.80807202	    -23.74492919	     -7.50000223	    -15.95903252	      1.70552753	     -0.45371491	      0.97876083	     -4.47999764	    -41.22361137	     37.53070755	    101.17060821	     10.29248944	     -4.95217288	    -24.35382737	     41.28151194	     85.15261005
      1.20000000	     -0.01437950	      2.10600445	     92.01463907	     -0.20714663	      0.96805549	     -0.46331840	      4.50580200	      3.13137946	     -8.15678364	     18.71970790	      0.32672054	      8.44356424	     -4.90358738	     -7.50000221	     18.93506134	     -3.77660628	     -6.72494935	     63.69432425	      1.11167567	     -5.50435830	    -24.53080136	     -7.50000221	    -15.94089005	      1.46445115	     -0.15702700	      1.39532374	     -4.52294650	    -40.80067122	     38.06034935	    101.28839702	      9.63657435	     -4.97676244	    -24.64192622	     40.80214410	     85.18872022
      1.21000000	     -0.29987225	      2.50310792	     91.46894777	     -0.20630641	      0.96949473	     -0.47432819	      3.11180017	      2.85532028	     -8.10323284	     18.24796764	      0.31848712	      8.89485905	     -3.66653489	     -7.50000212	     19.33747295	     -3.75694385	     -7.76195938	     62.11584371	      1.08412599	     -4.34044923	    -24.89323996	     -7.50000212	    -16.59092647	      1.03153916	      0.46144489	      1.37295748	     -4.82359367	    -39.13710635	     39.38361949	    101.99963256	      9.13133359	     -4.65681204	    -25.72730303	     40.49367507	     85.53007682
      1.22000000	     -0.29875386	      2.26690040	     91.26208903	     -0.20566988	      0.96973983	     -0.48512564	      2.41089534	      2.90388659	     -8.18601994	     17.73550679	      0.30954299	      8.90869453	     -3.31586968	     -7.50000210	     20.52928257	     -3.83630302	     -8.20729776	     60.43178913	      1.05473369	     -3.45169517	    -25.40631739	     -7.50000210	    -16.41888893	      0.94339868	      0.73703098	      1.84636064	     -4.86051940	    -38.80704997	     39.85979563	    101.97184540	      8.41669594	     -4.69557341	    -25.94227496	     40.05743840	     85.52585134
      1.23000000	     -0.48292397	      2.70348001	     90.83618829	     -0.20497334	      0.97085332	     -0.49621024	      0.99316048	      2.64390402	     -8.57683726	     17.32159404	      0.30231885	      9.26277257	     -1.64155371	     -7.50000201	     20.62690873	     -3.85992433	     -9.16903289	     58.14203338	      1.01476992	     -2.47243124	    -25.52933106	     -7.50000201	    -17.05673570	      0.63564806	      1.18745200	      1.99105224	     -5.21334735	    -37.36834422	     40.88077686	    102.35364019	      7.87537980	     -4.40978458	    -27.12727862	     39.72937371	     85.84465859
      1.24000000	     -0.47251877	      2.75167175	     90.48524680	     -0.20430276	      0.97113224	     -0.50719521	      0.02539229	      2.63715509	     -8.73511742	     16.92773625	      0.29544473	      9.40986746	     -0.81689940	     -7.50000191	     21.17670906	     -3.98168086	     -9.88204079	     55.71745499	      0.97245304	     -2.00754135	    -25.57758766	     -7.50000191	    -17.24407838	      0.54579205	      1.59026367	      2.27549649	     -5.45172042	    -36.52301546	     41.64684702	    102.43523081	      7.24911804	     -4.27879310	    -27.92994531	     39.31425826	     86.17488306
      1.25000000	     -0.43104276	      2.91198548	     90.10009746	     -0.20347512	      0.97139113	     -0.51828492	     -1.07941567	      2.63371823	     -9.13767709	     16.51501227	      0.28824134	      9.56341369	      0.28336702	     -7.50000184	     21.50961779	     -3.99982265	    -10.34891715	     53.02089883	      0.92538926	     -1.57706502	    -25.44954903	     -7.50000184	    -17.51983824	      0.43869201	      2.03118603	      2.63239607	     -5.66165140	    -35.74156154	     42.32462058	    102.41068694	      6.65278493	     -4.12088036	    -28.79135205	     38.87094021	     86.45940635
      1.26000000	     -0.40873011	      3.13064179	     89.78061193	     -0.20305303	      0.97161291	     -0.52964646	     -2.28698265	      2.58644774	     -9.57382195	     16.07610711	      0.28058100	      9.70327738	      1.36639049	     -7.50000177	     21.48382319	     -4.14157296	    -11.36094632	     49.80062541	      0.86918488	     -1.18289548	    -24.56239103	     -7.50000177	    -17.81037143	      0.36962871	      2.36157683	      2.96512164	     -5.93234280	    -34.93775187	     42.92522702	    102.31460344	      5.89691108	     -4.01252038	    -29.49147365	     38.59957472	     86.74197355
      1.27000000	     -0.33828487	      3.30323360	     89.23003574	     -0.20248211	      0.97145622	     -0.54081567	     -3.29426249	      2.53799887	     -9.85892350	     15.90137799	      0.27753140	      9.95067310	      2.46075595	     -7.50000169	     21.43700569	     -4.22667929	    -12.21997013	     46.40920077	      0.80999336	     -0.87366771	    -23.47322547	     -7.50000169	    -18.08045696	      0.31161341	      2.89049917	      3.27406726	     -6.28361847	    -34.04174808	     43.64594355	    102.05717342	      5.24223035	     -3.80841448	    -30.36311833	     38.24858182	     86.97878134
      1.28000000	      0.24022105	      2.93771145	     89.00873043	     -0.20233199	      0.96997809	     -0.55178166	     -3.67285837	      3.11289536	    -10.12037687	     15.85560094	      0.27673244	     10.19356097	      2.57384925	     -7.50000168	     22.20638782	     -4.67023151	    -12.41284807	     43.27810115	      0.75534536	     -0.80803532	    -22.98068151	     -7.50000168	    -17.69504374	      0.94663526	      3.23611371	      3.73810037	     -6.53681259	    -33.89132691	     44.09349192	    101.93374163	      4.35078930	     -3.68785049	    -30.54077129	     37.94527257	     86.94450951
      1.29000000	     -0.03380664	      3.64342021	     88.26180948	     -0.20143944	      0.97043461	     -0.56349222	     -5.35416832	      2.65827391	    -10.31559606	     15.54089006	      0.27123970	     10.28947671	      3.92765070	     -7.50000162	     21.13237293	     -4.38845437	    -13.79835149	     39.16715281	      0.68359578	     -0.65745492	    -20.36230986	     -7.50000162	    -18.53156178	      0.36902587	      3.85411740	      3.97416558	     -6.92518873	    -32.66034852	     44.81860198	    101.82401853	      3.77050541	     -3.50936352	    -31.71508747	     37.67195815	     87.17317900
      1.30000000	      0.18265362	      3.41028551	     87.90710677	     -0.20136366	      0.96910704	     -0.57481040	     -5.91764262	      2.77078723	    -10.75144851	     15.43376336	      0.26936999	     10.42115332	      4.53501180	     -7.50000158	     21.36628487	     -4.38910794	    -14.36633897	     35.47334897	      0.61912674	     -0.74554679	    -18.22818018	     -7.50000158	    -18.28332135	      0.54598463	      4.20969382	      4.22632223	     -7.20332771	    -32.13582902	     45.40735463	    101.57138680	      2.95704350	     -3.35059575	    -32.28983349	     37.37173138	     87.21492384
      1.31000000	      0.29694317	      3.72111164	     87.42451985	     -0.20114678	      0.96836237	     -0.58612955	     -6.97992602	      2.69690975	    -11.15221662	     15.51090671	      0.27071639	     10.77337086	      5.42155141	     -7.50000152	     20.86649695	     -4.35246631	    -15.44484385	     31.69605458	      0.55320051	     -0.13475382	    -14.74084058	     -7.50000152	    -18.67921289	      0.55516558	      4.64353501	      4.59795143	     -7.60872611	    -31.36408565	     45.99371730	    101.30339158	      2.32367603	     -3.09265376	    -33.20166310	     37.15172011	     87.34985605
      1.32000000	      0.41416967	      3.84113347	     87.05034200	     -0.20116404	      0.96718786	     -0.59743978	     -7.84263870	      2.63698694	    -11.53652644	     15.59164729	      0.27212558	     11.07602591	      6.31292288	     -7.50000145	     20.56792794	     -4.20912113	    -16.34079501	     28.06457554	      0.48981925	      0.55759285	    -11.04249381	     -7.50000145	    -18.85110786	      0.57109941	      4.99931952	      4.83815112	     -7.93998081	    -30.72978701	     46.60541167	    101.08127501	      1.69455122	     -2.85225763	    -34.16811937	     36.96486615	     87.83263350
      1.33000000	      0.79068282	      3.32483145	     86.87654079	     -0.20184616	      0.96492336	     -0.60817206	     -7.88014675	      2.93190616	    -11.61196669	     15.90384688	      0.27757449	     11.22956984	      6.20898066	     -7.50000144	     21.17249597	     -4.15592945	    -16.26636826	     24.84186912	      0.43357241	      0.61166242	     -9.39885001	     -7.50000144	    -18.40819901	      1.06017156	      5.18560495	      5.26110470	     -8.19877155	    -30.61369619	     47.06531936	    100.91039971	      0.93939075	     -2.67430765	    -34.36016306	     36.70349364	     87.85188036
      1.34000000	      0.33118013	      3.46313730	     86.14563648	     -0.20181175	      0.96373853	     -0.61962689	     -8.47462989	      2.08860189	    -11.68553335	     16.49520842	      0.28789570	     11.82523857	      6.59825545	     -7.50000142	     20.46299211	     -3.52019987	    -18.19404303	     21.04000773	      0.36721741	      1.13851989	     -4.29193388	     -7.50000142	    -18.51677850	      0.38841375	      5.63637670	      5.59648170	     -8.46429540	    -30.06055002	     47.40113506	    101.19146142	      0.33723414	     -2.51068780	    -35.28541864	     36.43143498	     88.23893000
      1.35000000	      0.32464060	      3.39005233	     85.76953413	     -0.20232009	      0.96204364	     -0.63095798	     -8.98061173	      1.84244947	    -11.68229157	     16.84082747	      0.29392789	     12.02335554	      7.18433798	     -7.50000137	     20.22910100	     -3.18401386	    -19.06195090	     17.88162130	      0.31209317	      1.40982068	     -0.76328219	     -7.50000137	    -18.48447480	      0.34280192	      5.93025353	      5.85256853	     -8.75693581	    -29.73147416	     47.87085593	    101.07255906	     -0.17704045	     -2.19891436	    -36.34527912	     36.17951542	     88.68984202
      1.36000000	      0.20810717	      3.07310851	     85.37148397	     -0.20300961	      0.96005609	     -0.64200069	     -9.02260422	      1.44559333	    -11.59811133	     17.51838786	      0.30575355	     12.32805275	      7.34821075	     -7.50000131	     20.26920697	     -2.72560532	    -19.69171991	     15.02588434	      0.26225115	      1.11518961	      1.81260615	     -7.50000131	    -18.16770074	      0.22134093	      6.16656385	      6.21026079	     -8.95637136	    -29.54851300	     48.12494849	    100.87335046	     -0.60211323	     -1.91398222	    -37.39665953	     35.74365747	     89.03378016
      1.37000000	      0.03104770	      2.74720688	     85.06098202	     -0.20389394	      0.95792570	     -0.65318326	     -8.99443544	      0.97722320	    -11.49549163	     18.34362487	      0.32015665	     12.62314813	      7.40399346	     -7.50000111	     20.28514409	     -2.19146435	    -20.25362225	     12.53434935	      0.21876567	      0.69171533	      4.08175157	     -7.50000111	    -17.81181667	      0.02331603	      6.30141602	      6.51101738	     -9.17577365	    -29.22373413	     48.26880538	     99.64652606	     -1.09174015	     -1.66568735	    -38.23322188	     35.44382953	     88.38820155
      1.38000000	     -0.01864445	      2.44117940	     84.69681776	     -0.20436663	      0.95573640	     -0.66468063	     -8.99750856	      0.69014603	    -11.08500881	     19.16652368	      0.33451894	     12.64121885	      7.10147942	     -7.50000082	     20.50589280	     -1.88688725	    -20.35860347	     11.00957835	      0.19215339	      0.28145721	      5.05763532	     -7.50000082	    -17.44021397	     -0.06704451	      6.53711799	      6.68362519	     -9.29718328	    -29.10156848	     48.54224330	     98.88296769	     -1.65317515	     -1.58134454	    -38.58625140	     35.15389841	     88.03486228
      1.39000000	     -0.18398110	      2.00122895	     84.46793989	     -0.20531503	      0.95350515	     -0.67590873	     -8.65716971	      0.16181956	    -11.23532506	     20.37275149	      0.35557159	     12.80076460	      7.42470883	     -7.50000065	     20.78253833	     -1.46903339	    -20.85395437	      9.66035472	      0.16860500	     -0.57120751	      6.43479140	     -7.50000065	    -16.93672321	     -0.22446312	      6.53359166	      7.00394618	     -9.36450950	    -29.08908049	     48.55946921	     98.86056566	     -2.02976513	     -1.42749928	    -39.45328315	     34.66838032	     87.92312379
      1.40000000	     -0.30593476	      1.89299179	     84.05720928	     -0.20586262	      0.95143546	     -0.68835809	     -8.92670525	     -0.15696237	    -10.20771852	     21.14123673	      0.36898419	     12.65165755	      6.57909721	     -7.50000050	     20.96936544	     -1.25313721	    -20.97064329	      9.70658354	      0.16941184	     -0.55549224	      6.87291429	     -7.50000050	    -16.63675360	     -0.43028878	      6.77481467	      7.08218495	     -9.38915673	    -29.30220409	     48.64830213	     99.48878499	     -2.56710037	     -1.29109354	    -40.22214444	     34.37717030	     88.34930343
      1.41000000	     -0.45358570	      1.86452786	     83.97434157	     -0.20682052	      0.94971390	     -0.70069219	     -9.25655569	     -0.56463297	     -9.89861601	     21.97210310	      0.38348554	     12.25155153	      6.44498167	     -7.50000049	     20.97719874	     -0.92441515	    -21.02107182	      9.90929369	      0.17294980	     -0.97697148	      7.35361285	     -7.50000049	    -16.48166074	     -0.59613693	      6.58002818	      7.20808139	     -9.34329717	    -29.37583303	     48.77533059	     99.48320134	     -3.12420695	     -1.35525696	    -40.43344800	     34.07569883	     88.36948899
      1.42000000	     -0.67872058	      1.73980514	     83.50355376	     -0.20680249	      0.94788290	     -0.71365485	     -9.38685437	     -1.10159100	     -9.19007161	     22.98279968	      0.40112553	     11.99421022	      6.16112075	     -7.50000047	     21.16519586	     -0.83977801	    -21.71608104	     10.91564827	      0.19051400	     -0.83187628	      8.62159151	     -7.50000047	    -16.04417014	     -0.99779533	      6.80424895	      7.24095579	     -9.15670710	    -29.74974587	     48.57350124	     99.54812176	     -3.50808090	     -1.29163293	    -41.54120294	     33.59776490	     88.48782255
      1.43000000	     -0.85131601	      1.90756080	     83.40536744	     -0.20725179	      0.94650215	     -0.72697204	    -10.04129039	     -1.52765781	     -8.76294483	     23.64074576	      0.41260885	     11.33984269	      6.10903144	     -7.50000046	     20.87178408	     -0.54537366	    -21.45490247	     11.89353215	      0.20758130	     -1.13437460	      8.69533942	     -7.50000046	    -15.93703356	     -1.28989300	      6.64857289	      7.14148195	     -8.97676319	    -29.89367747	     48.57846135	     99.54583043	     -4.06549300	     -1.43404712	    -41.78724013	     33.35726872	     88.49484832
      1.44000000	     -0.78479168	      2.11028335	     83.37929467	     -0.20733794	      0.94519130	     -0.74056688	    -10.85067701	     -1.62134040	     -8.20768877	     24.12412828	      0.42104547	     10.25972481	      5.67145656	     -7.50000044	     20.70635827	     -0.59600571	    -20.89113457	     13.70841650	      0.23925700	     -2.18959037	      7.81972954	     -7.50000044	    -15.88153988	     -1.37349958	      6.46008625	      7.11911715	     -8.60478998	    -30.57192885	     48.44447236	     99.59758857	     -4.58464398	     -1.53118858	    -42.32276619	     33.17958297	     88.56704851
      1.45000000	     -0.99784979	      2.30499888	     83.42061742	     -0.20743084	      0.94434102	     -0.75406953	    -11.51449388	     -2.11127727	     -8.17248880	     24.77060345	      0.43232859	      9.20796836	      5.84140480	     -7.50000044	     20.28918208	     -0.36941834	    -20.99925065	     15.00264077	      0.26184548	     -3.15085895	      7.42964316	     -7.50000044	    -15.83914057	     -1.79778582	      6.18135970	      6.91129604	     -8.27648579	    -30.75317445	     48.33457132	     99.60691438	     -4.94203011	     -1.83689267	    -42.59970809	     32.82927741	     88.56992926
      1.46000000	     -1.57709242	      2.72983244	     83.74625349	     -0.20855010	      0.94425930	     -0.76772447	    -12.38174886	     -2.91988082	     -8.00198443	     25.45865395	      0.44433733	      7.71288291	      5.56210064	     -7.50000042	     19.71948522	      0.54712472	    -19.93146399	     16.19699812	      0.28269095	     -3.02155997	      5.37244500	     -7.50000042	    -15.99795314	     -2.51834004	      5.53087830	      6.99857176	     -7.67129481	    -31.75818875	     47.86902318	     99.63517932	     -5.21484412	     -2.05458063	    -42.99516943	     32.46387966	     88.64061617
      1.47000000	     -2.13525442	      3.06220657	     83.97023008	     -0.20903800	      0.94454992	     -0.78112872	    -12.97970115	     -3.71240927	     -7.84728096	     26.38766111	      0.46055157	      6.14083629	      5.53005837	     -7.50000042	     19.36955870	      1.22139181	    -19.28630950	     17.62639373	      0.30763861	     -2.64189173	      4.85353974	     -7.50000042	    -16.15973346	     -3.31559031	      5.05091307	      6.78506996	     -7.30522823	    -32.02398360	     47.62970823	     99.65227602	     -5.35738198	     -2.45378215	    -43.14822652	     32.08754933	     88.65123022
      1.48000000	     -2.71502677	      3.40411860	     84.67764445	     -0.21085083	      0.94528581	     -0.79502471	    -13.69279328	     -4.51654759	     -8.53252420	     27.16590097	      0.47413442	      3.63733429	      5.24961224	     -7.50000040	     18.90238843	      2.32697722	    -17.13349502	     18.70820050	      0.32651970	     -2.99498347	      2.08336636	     -7.50000040	    -16.28322040	     -3.87949734	      4.11250021	      6.75849256	     -6.59940865	    -33.44865511	     47.08230344	     99.73352637	     -5.32684784	     -2.76745192	    -43.47017804	     31.31063017	     88.74820955
      1.49000000	     -3.31367873	      3.78616256	     85.07733973	     -0.21262045	      0.94610624	     -0.80906510	    -14.23569892	     -5.40413296	     -8.74074011	     28.27138931	      0.49342883	      1.30097546	      4.81266849	     -7.50000038	     18.33032251	      3.38463620	    -15.39727675	     19.81248637	      0.34579312	     -3.02839215	     -0.51003580	     -7.50000038	    -16.43054002	     -4.50168887	      3.50438779	      6.53604669	     -6.11238882	    -34.54505060	     46.70222808	    100.02220766	     -5.31828379	     -2.93895081	    -43.74616709	     30.75310581	     88.88775893
      1.50000000	     -3.76328967	      4.25080305	     85.27845042	     -0.21418987	      0.94699854	     -0.82347212	    -14.73266375	     -6.21895866	     -8.82534766	     29.54771387	      0.51570489	     -1.33632968	      4.64663038	     -7.50000038	     17.64846948	      4.15418438	    -14.37192429	     21.14143000	      0.36898756	     -2.10326300	     -1.46971909	     -7.50000038	    -16.60981758	     -4.99359059	      3.16722256	      6.02834294	     -5.96436713	    -34.89414449	     46.39295059	    100.07838989	     -5.39301444	     -3.06169304	    -43.80907959	     30.38336189	     88.91071209
      1.51000000	     -4.08201968	      4.51966738	     85.92368542	     -0.21628250	      0.94792501	     -0.83811868	    -15.11494046	     -6.76165370	     -9.44764401	     30.64968623	      0.53493794	     -4.82518443	      3.97619894	     -7.50000036	     16.91604804	      5.12287231	    -12.21953068	     21.97980461	      0.38361996	     -1.48000171	     -4.51017445	     -7.50000036	    -16.57091768	     -5.22327118	      2.51641743	      5.48853850	     -5.56812696	    -35.97961341	     46.03907401	    100.25578229	     -5.33458759	     -3.24301612	    -43.94359248	     29.80401346	     88.99298562
      1.52000000	     -4.62727490	      4.74415905	     86.16673600	     -0.21834882	      0.94866628	     -0.85261137	    -15.01611987	     -7.57750619	     -9.08777285	     32.27949923	      0.56338354	     -8.48747537	      2.66431925	     -7.50000034	     15.95038464	      6.18656598	    -11.15065606	     22.28908081	      0.38901785	     -0.60063260	     -5.72876127	     -7.50000034	    -16.44629792	     -5.73242861	      2.19718621	      4.86311096	     -5.41886438	    -36.56541159	     45.67402585	    100.38482489	     -5.36172259	     -3.32035980	    -43.86010736	     29.48527123	     89.06016189
      1.53000000	     -4.93917198	      4.79990994	     86.30372043	     -0.21989686	      0.94929114	     -0.86640289	    -14.43915673	     -8.20717013	     -8.75418395	     34.18088295	      0.59656895	    -12.85192089	      1.37355964	     -7.50000027	     15.11296885	      6.88261219	    -10.37500741	     22.50276023	      0.39274726	      0.30151752	     -6.52572414	     -7.50000027	    -16.24955164	     -6.04124161	      2.02498614	      4.36520666	     -5.23860578	    -37.22549235	     45.19120740	     99.08823243	     -5.26248322	     -3.39190646	    -43.60521722	     29.24192165	     87.42712921
      1.54000000	     -5.19510767	      4.69772145	     86.28974547	     -0.22098031	      0.94976580	     -0.87995620	    -13.46497299	     -8.73803161	     -8.04223559	     36.18744362	      0.63159004	    -17.48615707	     -0.69788291	     -7.50000023	     14.31704017	      7.40529865	    -10.02342774	     22.44483468	      0.39173627	      1.01331483	     -7.08639721	     -7.50000023	    -15.90680717	     -6.32088586	      2.02636235	      3.78021350	     -5.02329080	    -37.89583210	     44.86364938	     98.50702449	     -5.10949133	     -3.47896302	    -43.35149787	     29.01064080	     86.54991007
      1.55000000	     -5.45815387	      4.39236939	     86.34555044	     -0.22214247	      0.94998001	     -0.89304674	    -12.05772951	     -9.23633891	     -7.29683473	     38.48152206	      0.67162926	    -20.99373942	     -1.95070304	     -7.50000010	     13.74658220	      7.91466643	     -9.71312047	     22.30683025	      0.38932763	      1.88173364	     -7.34284801	     -7.50000010	    -15.38001539	     -6.59623826	      1.81421426	      3.57984336	     -4.79801427	    -38.88719491	     43.96265978	    101.89451633	     -4.96438258	     -3.62197700	    -43.46679517	     28.79692064	     88.42902038
      1.56000000	     -5.68647186	      4.19318234	     86.10902392	     -0.22267936	      0.95043000	     -0.90584079	    -10.51797929	     -9.74425424	     -6.32104002	     40.99938504	      0.71557426	    -24.30973343	     -3.04452037	     -7.50000010	     12.90824262	      8.22016196	    -10.15880656	     21.89039111	      0.38205940	      2.72854683	     -6.72421877	     -7.50000010	    -15.02566662	     -6.91484779	      1.92793347	      3.23530575	     -4.62660875	    -39.40978001	     43.34059213	    100.86899476	     -4.63862373	     -3.72484594	    -43.27247162	     28.63720143	     87.26778368
      1.57000000	     -5.93819676	      4.02522731	     85.85975818	     -0.22320972	      0.95093841	     -0.91830085	     -8.87681721	    -10.32788736	     -5.53186973	     43.68026127	      0.76236438	    -27.30925177	     -4.53485477	     -7.50000006	     12.07755318	      8.56659149	    -10.50078684	     21.48872008	      0.37504892	      3.46741044	     -6.38225857	     -7.50000006	    -14.76518202	     -7.24138636	      1.90640872	      2.99039772	     -4.59527421	    -39.50092759	     42.59719325	    100.74463116	     -4.49309572	     -3.82592643	    -42.95402301	     28.89056381	     87.23557133
      1.58000000	     -5.88586814	      3.93097817	     85.63216177	     -0.22340978	      0.95174060	     -0.93054868	     -7.27977318	    -10.51780692	     -4.83206909	     46.29799390	      0.80805243	    -30.58395306	     -6.82508693	     -7.50000003	     11.20020705	      8.49583019	    -11.07001275	     21.26844893	      0.37120446	      4.49931294	     -5.19607755	     -7.50000003	    -14.64084943	     -7.25908957	      1.92127944	      2.91506224	     -4.44861294	    -40.06163753	     41.74322585	    100.61058920	     -4.08185621	     -3.84896505	    -43.01536366	     28.92223309	     86.67548021
      1.59000000	     -5.93612095	      3.86723347	     85.27744728	     -0.22359179	      0.95276127	     -0.94268600	     -5.57499071	    -10.93336458	     -4.31364776	     48.92133993	      0.85383846	    -33.26470018	     -9.01733162	     -7.50000000	     10.21277563	      8.56908285	    -11.67192821	     20.81508045	      0.36329169	      5.16462421	     -4.32854450	     -7.50000000	    -14.58976803	     -7.39176471	      2.02668550	      2.87364014	     -4.28880609	    -40.83275902	     40.94750992	    101.83909235	     -3.80581229	     -3.96008142	    -42.54986307	     29.16889914	     87.50990882
      1.60000000	     -5.89018633	      4.10804613	     85.06569939	     -0.22425636	      0.95431261	     -0.95446772	     -4.19617999	    -11.34845551	     -4.10957604	     51.36265084	      0.89644737	    -34.37115229	    -10.40146489	     -7.50000000	      8.75785673	      8.70713336	    -11.82695325	     20.04090621	      0.34977980	      5.84137345	     -3.75004493	     -7.50000000	    -14.99334711	     -7.31020908	      1.83882087	      2.91327741	     -4.34456679	    -40.87449351	     40.26566580	    102.00254978	     -3.17119648	     -3.97252800	    -42.43475128	     29.11667712	     87.70074980
      1.61000000	     -5.88661307	      3.73765013	     84.43240681	     -0.22364785	      0.95502412	     -0.96611665	     -1.95013701	    -11.45990710	     -3.19129912	     53.82105129	      0.93935455	    -34.06039018	    -13.84009830	     -7.50000000	      8.06749584	      8.58676575	    -13.09692208	     19.44002715	      0.33929248	      6.27562145	     -2.30234980	     -7.50000000	    -14.60988316	     -7.45486565	      2.13627679	      2.91468933	     -4.23451106	    -41.24082810	     39.27132038	    101.82049322	     -2.88725490	     -3.99479066	    -42.23754718	     29.63636588	     87.84867800
      1.62000000	     -5.51222328	      3.73017722	     84.44192173	     -0.22450098	      0.95648545	     -0.97755380	     -0.37271900	    -11.31068773	     -3.23776883	     55.81930667	      0.97423069	    -32.29403825	    -15.26548780	     -7.50000000	      6.92720189	      8.36767726	    -13.04767074	     18.82507490	      0.32855954	      6.82997323	     -1.79310378	     -7.50000000	    -14.87741287	     -6.93453048	      1.82671033	      2.84117019	     -4.32039008	    -41.28735307	     38.79361742	    101.40059876	     -2.26139157	     -3.89922086	    -41.97712641	     29.93259269	     87.66089227
      1.63000000	     -5.54427335	      3.43794422	     83.82157798	     -0.22384097	      0.95723343	     -0.98876275	      1.92380340	    -11.36629309	     -2.48790256	     57.96601776	      1.01169786	    -29.69514476	    -18.52092899	     -7.49999999	      6.08697859	      8.32549802	    -14.44615214	     18.03268488	      0.31472972	      7.31597884	      0.35854356	     -7.49999999	    -14.62874393	     -7.14507316	      2.07720660	      3.17112176	     -4.21490994	    -42.04074235	     37.38371837	    101.51455195	     -1.92377571	     -4.14917907	    -41.10084138	     30.43122698	     88.00405235
      1.64000000	     -5.32152198	      3.47970243	     83.75649547	     -0.22435169	      0.95871796	     -1.00013232	      3.50434013	    -11.18681761	     -2.42986536	     59.47960421	      1.03811493	    -26.67558707	    -20.75280530	     -7.49999999	      4.86308740	      8.30681084	    -14.37330293	     17.24502144	      0.30098240	      7.64148729	      0.76578626	     -7.49999999	    -14.87060362	     -6.85008474	      1.83459887	      3.13537897	     -4.26576474	    -42.08721414	     36.75413106	    101.42191345	     -1.18589577	     -4.21692165	    -40.74641336	     30.53810402	     87.99639116
      1.65000000	     -5.19484408	      3.24694201	     83.46041802	     -0.22424457	      0.95973634	     -1.01130360	      5.58024153	    -10.96342569	     -2.04636168	     60.96407484	      1.06402383	    -23.48706550	    -23.32692369	     -7.49999998	      3.94623746	      8.26120053	    -14.99582357	     16.39874570	      0.28621211	      7.86952491	      2.02339141	     -7.49999998	    -14.83897988	     -6.76245054	      1.87923706	      3.33004576	     -4.18510032	    -43.03791722	     35.69776749	    102.13910948	     -0.81604943	     -4.55570852	    -39.26044187	     30.98946402	     88.59605202
      1.66000000	     -4.83554996	      3.17912072	     83.58147596	     -0.22488522	      0.96105437	     -1.02245824	      7.22991395	    -10.58788136	     -2.24520187	     61.91932909	      1.08069616	    -20.73775671	    -25.38479804	     -7.49999998	      2.72539592	      8.11964329	    -14.71584560	     15.36283175	      0.26813200	      7.90414211	      2.53144698	     -7.49999998	    -15.06426898	     -6.27701367	      1.51866975	      3.24393838	     -4.24608797	    -43.08379686	     35.26021904	    102.28301109	     -0.05599936	     -4.54638424	    -38.99884329	     31.22958548	     88.69855752
      1.67000000	     -4.57891448	      3.09318360	     83.64882484	     -0.22546907	      0.96216614	     -1.03352223	      8.93102109	    -10.30035473	     -2.40079677	     62.61016723	      1.09275356	    -18.01780629	    -27.44615686	     -7.49999998	      1.59181843	      8.06815406	    -14.51993042	     14.43093195	      0.25186728	      7.92417851	      3.08620237	     -7.49999998	    -15.26455948	     -5.92803070	      1.25453298	      3.12255612	     -4.32141198	    -43.17294999	     34.75577750	    102.48026250	      0.76552992	     -4.61881948	    -38.62942845	     31.51877516	     88.85412986
      1.68000000	     -4.47977434	      3.09164549	     83.46002118	     -0.22576078	      0.96323165	     -1.04528447	     10.52874266	    -10.20297376	     -2.40710215	     63.04018907	      1.10025886	    -14.97845229	    -29.13824765	     -7.49999997	      0.17152182	      8.20302551	    -14.96380749	     13.10713989	      0.22876275	      7.79856858	      4.20153954	     -7.49999997	    -15.37548796	     -5.81789924	      1.21940556	      2.99467469	     -4.34983820	    -43.46640777	     34.13799541	    101.61686228	      1.08734170	     -4.88880703	    -36.85840381	     32.21552526	     87.95206771
      1.69000000	     -4.12192974	      2.83486050	     83.80756602	     -0.22648327	      0.96393267	     -1.05621755	     12.19773387	     -9.80778310	     -3.00956699	     63.10482606	      1.10138699	    -12.30242997	    -30.59129189	     -7.49999995	     -0.61607859	      7.91049180	    -14.82995853	     12.55400377	      0.21910870	      7.90946598	      5.22662573	     -7.49999995	    -15.42337420	     -5.30057430	      0.82462190	      2.84968238	     -4.31890709	    -43.99697489	     33.75727175	    102.67676648	      1.66163665	     -5.36643417	    -34.77561119	     32.67892396	     87.52344181
      1.70000000	     -3.85386412	      2.69200257	     84.05706864	     -0.22732188	      0.96464730	     -1.06738500	     13.71743675	     -9.54162408	     -3.55403233	     62.86952200	      1.09728016	     -9.69847614	    -31.35684460	     -7.49999992	     -1.65039590	      7.79593562	    -14.64155296	     11.72747872	      0.20468312	      7.86680886	      5.92959500	     -7.49999992	    -15.54576167	     -4.87579475	      0.50048540	      2.74940806	     -4.26350773	    -44.86712611	     33.39872139	    104.24996047	      2.62235726	     -5.39744049	    -34.46209830	     32.81889364	     87.97504247
      1.71000000	     -3.53933493	      2.74933806	     84.40542725	     -0.22822674	      0.96557289	     -1.07860722	     14.85004918	     -9.22272010	     -4.19677052	     62.20803263	      1.08573499	     -7.32879381	    -31.79304001	     -7.49999992	     -2.88472718	      7.63660644	    -14.28441386	     10.95796493	      0.19125257	      7.71709954	      6.43093989	     -7.49999992	    -15.90712722	     -4.40903115	      0.11284401	      2.32226740	     -4.44888636	    -44.17410966	     33.32358024	    101.93517462	      3.40008346	     -5.52600158	    -33.40202902	     33.32868493	     86.14977363
      1.72000000	     -3.33389750	      2.55050667	     84.67359042	     -0.22871947	      0.96593449	     -1.08952766	     16.31432662	     -8.96351410	     -4.75332171	     61.43947206	      1.07232108	     -5.28666045	    -31.98936849	     -7.49999990	     -3.67568612	      7.45983561	    -14.44742081	     10.44455858	      0.18229194	      7.77032131	      7.61247977	     -7.49999990	    -15.98829966	     -4.09464496	     -0.18392942	      2.21585043	     -4.32192748	    -45.10358678	     33.03389027	    104.41984918	      4.26515269	     -5.76671753	    -32.65937593	     33.66632339	     88.27951035
      1.73000000	     -3.24370165	      2.55275439	     84.97138731	     -0.22967013	      0.96641396	     -1.10063728	     17.47984104	     -8.90251517	     -5.34255697	     60.32503057	      1.05287040	     -3.58755491	    -31.91005189	     -7.49999990	     -4.76132565	      7.47180822	    -14.50609775	      9.76862627	      0.17049469	      7.34975201	      8.47036993	     -7.49999990	    -16.26442577	     -3.86785123	     -0.55142784	      1.84489985	     -4.39873151	    -44.79932316	     33.02206054	    102.65626710	      5.09644887	     -5.89350045	    -31.76332273	     34.16357008	     87.01397410
      1.74000000	     -3.12029457	      2.42918909	     85.30738271	     -0.23042843	      0.96655169	     -1.11152786	     18.68741367	     -8.76988983	     -6.01592116	     58.94670237	      1.02881404	     -2.10495649	    -31.72428162	     -7.49999990	     -5.58913389	      7.38531407	    -14.53588220	      9.33134163	      0.16286263	      7.22851748	      9.17144653	     -7.49999990	    -16.43228253	     -3.59868269	     -0.91333770	      1.52775048	     -4.47012192	    -44.51814977	     32.90838021	    101.09309599	      6.01710464	     -6.08803053	    -30.74047974	     34.48666997	     85.82518640
      1.75000000	     -3.02842214	      2.28702779	     85.71939034	     -0.23093317	      0.96643013	     -1.12249171	     19.82064084	     -8.59982202	     -6.66703625	     57.29696919	      1.00002076	     -0.94577602	    -31.34716329	     -7.49999989	     -6.36255108	      7.24615130	    -14.80121271	      9.01737306	      0.15738285	      7.07998198	     10.47343146	     -7.49999989	    -16.53188104	     -3.40528345	     -1.34044261	      1.50719566	     -4.26865725	    -45.82602140	     32.58898603	    104.52383785	      6.86379354	     -6.42863378	    -29.94101685	     34.87907003	     88.78655724
      1.76000000	     -3.08654434	      2.29954388	     86.06032156	     -0.23162545	      0.96646210	     -1.13348183	     20.69940898	     -8.66827475	     -7.37425858	     55.32648686	      0.96562936	     -0.14620890	    -30.86337117	     -7.49999989	     -7.27049582	      7.32300181	    -15.06974263	      8.65234083	      0.15101184	      6.81370706	     11.49149577	     -7.49999989	    -16.82406046	     -3.35673410	     -1.75023964	      1.20534179	     -4.25855858	    -45.59450575	     32.54383768	    102.55894852	      7.80982969	     -6.61963710	    -29.01779506	     35.24685593	     87.27793271
      1.77000000	     -3.03415761	      2.28509932	     86.45381044	     -0.23208057	      0.96614763	     -1.14465711	     21.50817132	     -8.48429741	     -8.00867292	     53.16538077	      0.92791094	      0.56319108	    -30.25234378	     -7.49999988	     -8.15467651	      7.19159534	    -15.68642741	      8.42213523	      0.14699399	      6.76881401	     13.22819429	     -7.49999988	    -17.05755158	     -3.19706558	     -2.12518642	      0.85834690	     -4.20647181	    -45.66634642	     32.57511828	    101.93122998	      8.62712027	     -6.95826030	    -27.66984706	     35.75828547	     86.59688430
      1.78000000	     -3.07109834	      2.31187685	     86.94597270	     -0.23275293	      0.96580662	     -1.15579227	     22.13236528	     -8.55445557	     -9.03129482	     50.62857818	      0.88363538	      1.02763213	    -29.51508993	     -7.49999988	     -9.02775482	      7.16919617	    -15.82908911	      8.23781428	      0.14377698	      6.61117987	     14.10056542	     -7.49999988	    -17.33174097	     -3.10275587	     -2.69808449	      0.89956438	     -4.00392898	    -46.85009177	     32.28412370	    104.56814153	      9.51596930	     -7.24907821	    -27.04583180	     36.13433872	     88.66989016
      1.79000000	     -3.11059332	      2.36888253	     87.44353464	     -0.23337945	      0.96527729	     -1.16691580	     22.62971876	     -8.53510337	     -9.90594311	     47.89513432	      0.83592779	      1.56889729	    -28.37152511	     -7.49999988	     -9.97503934	      7.15387677	    -15.95641944	      7.99893790	      0.13960780	      6.52276854	     15.04178575	     -7.49999988	    -17.70248604	     -3.00364502	     -3.18228110	      0.45827365	     -3.95747755	    -46.39634308	     32.54581200	    101.52915022	     10.43407967	     -7.51453723	    -25.79240103	     36.65858069	     86.25244263
      1.80000000	     -3.15786833	      2.32551653	     87.97402862	     -0.23385328	      0.96454148	     -1.17821830	     23.12988419	     -8.50837028	    -10.88464694	     44.95757118	      0.78465764	      2.26107280	    -27.17246984	     -7.49999988	    -10.71811469	      7.03619606	    -16.37647133	      7.98583191	      0.13937906	      6.54158679	     16.52108789	     -7.49999988	    -17.87594913	     -2.91799559	     -3.76433570	      0.42780592	     -3.81838036	    -47.35607957	     32.25249610	    104.71055155	     11.17267562	     -7.89708056	    -24.87008967	     37.18931466	     88.16191909
      1.81000000	     -3.20215359	      2.43582295	     88.50504273	     -0.23449903	      0.96380672	     -1.18952885	     23.42746239	     -8.48983792	    -11.89822504	     41.93019111	      0.73181989	      2.48545272	    -25.72267544	     -7.49999988	    -11.70810591	      6.98385330	    -16.46089606	      7.78184100	      0.13581875	      6.23769558	     17.24072154	     -7.49999988	    -18.28348213	     -2.80367829	     -4.26406453	      0.01069243	     -3.75214944	    -47.00519491	     32.52732964	    101.61157476	     12.07069913	     -8.14169169	    -23.63640666	     37.65427247	     85.83994770
      1.82000000	     -3.27368197	      2.32116686	     89.06573701	     -0.23484174	      0.96254762	     -1.20098573	     23.82357860	     -8.46119366	    -13.08354179	     38.62878762	      0.67419953	      3.16705141	    -23.96999895	     -7.49999988	    -12.38378900	      6.87202239	    -16.60537830	      7.77315910	      0.13566722	      6.25553639	     18.30560702	     -7.49999988	    -18.36928449	     -2.72180543	     -4.86147495	     -0.05189513	     -3.60403386	    -47.90754990	     32.28680975	    104.50835219	     12.72931264	     -8.54030806	    -22.70046525	     38.24937473	     87.47131149
      1.83000000	     -3.34996119	      2.31814151	     89.58047483	     -0.23507265	      0.96127162	     -1.21267273	     24.01190718	     -8.41970901	    -14.42050640	     35.21538851	      0.61462448	      4.01018968	    -21.46282934	     -7.49999988	    -13.22653402	      6.78680224	    -16.67363355	      7.66748471	      0.13382285	      6.00214763	     19.06310397	     -7.49999988	    -18.58059101	     -2.67870929	     -5.32030685	     -0.39023348	     -3.49105588	    -47.97332580	     32.33748840	    103.09962504	     13.52338958	     -8.83750593	    -21.56059118	     38.72339984	     86.54928580
      1.84000000	     -3.61527952	      2.20783223	     90.04142797	     -0.23513004	      0.95949675	     -1.22421612	     24.52277426	     -8.41388833	    -15.10767338	     32.04383844	      0.55927049	      4.22669108	    -19.03218173	     -7.49999988	    -14.02577412	      6.95613410	    -16.30653939	      7.37537403	      0.12872456	      5.87797962	     19.49140952	     -7.49999988	    -18.66925927	     -2.85322201	     -5.79769123	     -0.70807416	     -3.32483150	    -48.14182956	     32.43276395	    101.72804889	     14.24485765	     -9.18316882	    -20.49748905	     39.27277155	     85.39197621
      1.85000000	     -3.56647663	      2.14908196	     90.53372987	     -0.23525427	      0.95812390	     -1.23611810	     24.72731427	     -8.23864451	    -16.79314772	     28.81592399	      0.50293275	      5.00704732	    -14.84532270	     -7.49999987	    -14.74801608	      6.73523780	    -16.12238717	      7.38921043	      0.12896605	      5.80562511	     19.71866242	     -7.49999987	    -18.80885413	     -2.64715172	     -6.28259071	     -0.60149445	     -3.20957601	    -49.35578254	     31.99922607	    104.33093961	     14.89486558	     -9.38693116	    -19.99937943	     39.73618476	     87.56021156
      1.86000000	     -3.58899709	      2.01833614	     90.89372641	     -0.23496935	      0.95620687	     -1.24797543	     25.11003300	     -7.98998666	    -18.02097512	     25.71602022	      0.44882922	      5.59698246	    -10.46378082	     -7.49999987	    -15.35310263	      6.58548526	    -16.07805833	      7.51529773	      0.13116669	      5.81204618	     19.94775077	     -7.49999987	    -18.84660496	     -2.59759489	     -6.56579467	     -1.04608181	     -3.20090459	    -48.83534900	     32.07546515	    101.58904419	     15.58640399	     -9.62173095	    -18.91386613	     40.16250886	     85.19891332
      1.87000000	     -3.48536910	      1.83079851	     91.30985275	     -0.23417706	      0.95420971	     -1.25995991	     25.45032617	     -7.52291568	    -19.21885937	     22.68302714	      0.39589351	      5.96024439	     -5.94255182	     -7.49999987	    -15.59632255	      6.18934468	    -15.77678676	      8.30509100	      0.14495118	      6.02894441	     19.43335226	     -7.49999987	    -18.84088704	     -2.43464425	     -6.88419807	     -1.09653398	     -2.98288107	    -49.76753117	     31.88752434	    102.35568054	     16.15866459	     -9.89285535	    -18.23375697	     40.71649511	     85.97520390
      1.88000000	     -3.62739858	      1.44507856	     91.56742529	     -0.23373893	      0.95189841	     -1.27181178	     26.21026333	     -7.33644813	    -20.03611111	     20.25424727	      0.35350330	      6.23905356	     -1.70791224	     -7.49999987	    -15.97195367	      6.20170711	    -15.84757792	      8.27454007	      0.14441797	      5.59828336	     19.48776919	     -7.49999987	    -18.57552498	     -2.48797854	     -7.19705682	     -0.92282453	     -2.84424373	    -51.06833356	     31.38008713	    104.47758527	     16.75180970	    -10.02281993	    -18.06471990	     40.97666655	     88.16476695
      1.89000000	     -3.53866972	      1.10928088	     91.82795404	     -0.23277048	      0.94963227	     -1.28379060	     26.77507693	     -6.84459551	    -20.60564159	     17.93988478	      0.31311006	      6.26965341	      1.97744802	     -7.49999987	    -16.06566457	      5.83020468	    -16.01481273	      8.97468160	      0.15663774	      5.55035818	     19.57636092	     -7.49999987	    -18.44304419	     -2.37148436	     -7.30017988	     -1.00520547	     -2.77042651	    -51.64247767	     31.09623135	    103.81200613	     17.33195267	    -10.16923237	    -17.26576580	     41.36882467	     86.83020886
      1.90000000	     -3.41528492	      0.71332911	     92.00562025	     -0.23165284	      0.94708634	     -1.29594815	     27.32136160	     -6.31317659	    -21.13814272	     15.82399493	      0.27618081	      6.12178568	      5.12544278	     -7.49999987	    -16.08370530	      5.44198517	    -16.05857489	      9.72674047	      0.16976365	      5.61612297	     19.39953987	     -7.49999987	    -18.17061725	     -2.21711562	     -7.35229403	     -1.06550825	     -2.70834260	    -52.20411946	     30.80448917	    102.88894653	     17.85257925	    -10.20168462	    -16.85204762	     41.73306648	     85.40652119
      1.91000000	     -3.28906802	      0.38115065	     92.21447620	     -0.23076000	      0.94463610	     -1.30837822	     27.71116043	     -5.80139291	    -21.55952076	     13.99906154	      0.24432972	      5.83289853	      7.20808682	     -7.49999987	    -16.13516057	      5.02048412	    -16.14289680	     10.53895419	      0.18393945	      5.44471687	     19.32745246	     -7.49999987	    -17.96503655	     -2.01425677	     -7.40446267	     -1.24365717	     -2.76109544	    -52.34100026	     30.63943892	    101.27410813	     18.25101962	    -10.19541910	    -16.23505878	     42.17719181	     83.29343083
      1.92000000	     -3.27192859	     -0.03136383	     92.47622284	     -0.23017440	      0.94206096	     -1.32112837	     28.29513803	     -5.53797042	    -21.78390890	     12.96033989	      0.22620060	      5.53133768	      8.66499876	     -7.49999987	    -16.15614737	      4.73645733	    -15.99664154	     11.25326494	      0.19640652	      5.07786578	     18.95177305	     -7.49999987	    -17.59396194	     -1.85895293	     -7.54605715	     -0.91426674	     -2.72147073	    -54.53815781	     29.91777765	    105.13524477	     18.64468752	     -9.99257571	    -16.82432751	     42.33168893	     87.94855710
      1.93000000	     -2.96748375	     -0.10626117	     92.77546978	     -0.22951046	      0.93985859	     -1.33468271	     28.45620368	     -5.03761073	    -21.71560546	     12.49443670	      0.21806906	      5.24282523	      9.09970889	     -7.49999987	    -16.49488071	      4.07959868	    -15.85831591	     12.14045408	      0.21189090	      4.95901283	     18.87618396	     -7.49999987	    -17.47501212	     -1.37202581	     -7.63413257	     -1.01260548	     -2.89734529	    -55.14537843	     29.53900936	    104.77695689	     18.84463721	     -9.74141739	    -17.16671274	     42.61393553	     90.44640998
      1.94000000	     -2.73380382	     -0.10441283	     92.95236933	     -0.22908983	      0.93775842	     -1.34874312	     28.64364102	     -4.69637958	    -21.46588258	     12.84392356	      0.22416875	      4.98392766	      9.06773739	     -7.49999987	    -16.97727327	      3.56081361	    -15.69233020	     12.92706507	      0.22561985	      4.48471903	     18.59669949	     -7.49999987	    -17.41347930	     -0.91051992	     -7.55855344	     -1.29787472	     -3.20399767	    -55.36059609	     29.34774942	    104.70814356	     18.99078547	     -9.42818066	    -17.14861893	     42.87852119	     90.46264070
      1.95000000	     -2.41502067	     -0.04197710	     93.34390367	     -0.22935392	      0.93573117	     -1.36312274	     28.78179199	     -4.45511121	    -21.02594873	     13.79512767	      0.24077040	      4.57684131	      8.25591955	     -7.49999987	    -17.56047296	      2.89116871	    -15.44050865	     13.63238628	      0.23793003	      3.83970128	     18.51653813	     -7.49999987	    -17.34088003	     -0.23814126	     -7.68656758	     -1.45706836	     -3.57509867	    -55.80527897	     29.02288823	    104.54053281	     19.02538905	     -9.00185621	    -17.34284319	     43.10882612	     90.47108476
      1.96000000	     -2.15344983	      0.03062091	     93.52693427	     -0.22929611	      0.93387484	     -1.37804998	     28.70245354	     -4.05535867	    -19.85993981	     14.67068539	      0.25605176	      3.91398826	      6.19127249	     -7.49999987	    -18.22179258	      2.35281851	    -15.26916656	     14.21839195	      0.24815775	      2.88204818	     18.52651588	     -7.49999987	    -17.25905808	      0.31469623	     -7.72111901	     -1.43205495	     -3.97887544	    -56.75195466	     28.39558838	    104.13683534	     18.76001009	     -8.43437848	    -17.99662855	     43.49606137	     90.47572538
      1.97000000	     -1.71399669	      0.22824079	     93.85067247	     -0.22952086	      0.93198145	     -1.39366942	     28.47199405	     -3.70667467	    -19.53287805	     16.06307872	      0.28035361	      3.26373658	      5.35672222	     -7.49999987	    -19.01096744	      1.54555307	    -15.13417532	     14.85959752	      0.25934890	      1.73904202	     18.55219315	     -7.49999987	    -17.13943427	      1.14190251	     -7.71863555	     -1.78377440	     -4.46716540	    -57.05597903	     28.14930971	    104.04695587	     18.54347728	     -7.96701240	    -18.04835497	     43.68996329	     90.49533225
      1.98000000	     -1.31726666	      0.45663078	     93.92174640	     -0.22924600	      0.93020599	     -1.40953340	     28.00023653	     -3.03867766	    -18.06416276	     17.09473861	      0.29835947	      0.30194572	      1.18079877	     -7.49999987	    -19.84542455	      0.83314558	    -15.20506395	     15.46575441	      0.26992834	      0.01992098	     18.30948296	     -7.49999987	    -17.04854353	      1.84097726	     -7.65916755	     -1.73834582	     -4.95906757	    -58.02945127	     27.44339073	    103.56082793	     18.06335749	     -7.29194452	    -19.02791426	     44.07542644	     90.50650558
      1.99000000	     -0.99804133	      0.65821966	     93.89182900	     -0.22927079	      0.92886506	     -1.42534536	     27.78838956	     -2.57624411	    -16.67799771	     18.70275921	      0.32642473	     -1.41051776	     -1.93917468	     -7.49999987	    -20.60144736	      0.29215173	    -15.06512916	     16.02186259	      0.27963425	     -1.47264457	     18.35706241	     -7.49999987	    -16.99403113	      2.52022981	     -7.48469283	     -1.77709885	     -5.53418187	    -58.56492408	     26.98071282	    103.30849639	     17.60153820	     -6.67626768	    -19.61888698	     44.37678683	     90.51970990
      2.00000000	     -0.45714559	      0.65138046	     93.56388144	     -0.22865572	      0.92772950	     -1.44063062	     28.07071050	     -1.72570684	    -14.57037909	     20.77796183	      0.36264385	     -1.21788475	     -5.09853658	     -7.49999987	    -20.87625880	     -0.44056031	    -15.28339625	     17.00299133	      0.29675818	     -3.56240193	     17.87058050	     -7.49999987	    -16.82301637	      3.32783424	     -6.97429819	     -1.64844202	     -6.20092853	    -59.01629281	     26.32634026	    103.10160610	     17.17148421	     -5.94742614	    -20.38378315	     44.57169654	     90.55457113
      2.01000000	      0.41287799	      0.88622039	     93.51971182	     -0.22795455	      0.92757114	     -1.45618909	     27.98245032	     -0.73517053	    -13.54045605	     22.79028632	      0.39776553	     -1.29046906	     -6.04057555	     -7.49999987	    -21.24599038	     -1.67296638	    -15.27036035	     18.19046837	      0.31748357	     -6.06122950	     17.37969066	     -7.49999987	    -16.89990886	      4.53619615	     -6.60972030	     -1.60067801	     -6.74140797	    -59.17764290	     25.99934312	    103.03910159	     16.70492388	     -5.45788509	    -20.61399766	     44.61993506	     90.56388250
      2.02000000	      1.24515220	      1.06070755	     93.11179972	     -0.22638174	      0.92764241	     -1.47220252	     27.81094697	      0.69353625	    -11.18743380	     24.44137817	      0.42658252	     -2.88289488	     -9.38777668	     -7.49999987	    -21.59146349	     -2.73285772	    -15.56896806	     19.22267428	      0.33549896	     -9.09802265	     16.42109368	     -7.49999987	    -16.86686725	      5.51433970	     -6.08876785	     -1.27103529	     -7.35386667	    -59.59803563	     25.11501006	    102.86623460	     15.97328737	     -4.75032915	    -21.76135333	     44.88239392	     90.60046574
      2.03000000	      2.28199665	      1.32192653	     93.04008916	     -0.22448831	      0.92825590	     -1.48827717	     27.30174045	      2.32406265	     -9.25276346	     25.61210494	      0.44701556	     -4.13406350	    -12.34135497	     -7.49999987	    -21.67712772	     -4.27400964	    -15.82607293	     20.77121729	      0.36252613	    -12.52452759	     15.48027204	     -7.49999987	    -16.88471091	      6.67883407	     -5.72216187	     -0.93128964	     -7.72044781	    -60.58491790	     24.40568379	    103.37283883	     15.37057250	     -4.24789105	    -22.61181598	     44.92571658	     91.12314644
      2.04000000	      3.29117773	      1.36886407	     92.82013463	     -0.22263266	      0.92857024	     -1.50404525	     26.94424503	      4.01598105	     -7.37861224	     26.59027371	      0.46408783	     -4.84121247	    -14.50265700	     -7.49999987	    -21.64768877	     -5.54435348	    -15.65032583	     22.07982227	      0.38536560	    -15.94214275	     13.66688950	     -7.49999987	    -16.70669736	      7.77765450	     -5.24145851	     -0.86862115	     -8.12355418	    -60.40921824	     24.10800685	    103.38390346	     14.62100866	     -3.86505997	    -22.99560941	     45.04942115	     91.21880455
      2.05000000	      4.01496927	      1.40157130	     92.67643706	     -0.22095121	      0.92895110	     -1.51941386	     26.42224477	      5.42248245	     -5.71445039	     27.41772122	      0.47852951	     -4.01915093	    -17.16050171	     -7.49999987	    -21.35697953	     -6.46525452	    -14.71718382	     23.64007105	      0.41259708	    -19.38506821	     11.31299083	     -7.49999987	    -16.55457079	      8.55156270	     -4.87810121	     -0.89145994	     -8.47262253	    -59.52353153	     24.00417273	    102.40176836	     13.93157786	     -3.51066130	    -23.33236337	     45.07492995	     89.59973054
      2.06000000	      4.57361056	      1.30249772	     92.58520153	     -0.21977906	      0.92944870	     -1.53445968	     25.82148722	      6.34356910	     -5.12544297	     27.97552647	      0.48826505	     -2.80965741	    -18.61849514	     -7.49999987	    -20.57245298	     -7.17234303	    -13.30531973	     25.68493407	      0.44828667	    -22.16743737	      9.41937963	     -7.49999987	    -16.27143937	      9.17250144	     -4.47511202	     -0.97627213	     -8.76657412	    -58.73393174	     24.12434909	    100.87659368	     13.34519429	     -3.10457230	    -23.49073847	     44.88670765	     87.33001156
      2.07000000	      4.82487061	      0.96346770	     92.69125220	     -0.21905138	      0.92980333	     -1.54870655	     25.57670655	      6.75637823	     -4.88369794	     28.66495411	      0.50029783	     -1.55955295	    -18.63351717	     -7.49999987	    -19.17993142	     -7.38884886	    -10.73301254	     28.09841876	      0.49040992	    -24.04722617	      7.11639273	     -7.49999987	    -15.78390226	      9.50025600	     -4.33655418	     -0.46998398	     -8.94394066	    -60.00769368	     23.82908745	    103.99977838	     12.85395906	     -2.82558379	    -23.99722411	     44.65473105	     90.49487446
      2.08000000	      5.10105477	      0.71753058	     92.39320896	     -0.21825587	      0.93041472	     -1.56356278	     25.01008565	      7.19913872	     -4.89412225	     28.96867565	      0.50559877	     -0.35928560	    -18.52232627	     -7.49999987	    -18.00004070	     -7.39411257	     -8.68817449	     30.45559056	      0.53155033	    -26.14667357	      3.88458926	     -7.49999987	    -15.38179264	      9.80290204	     -3.73807456	     -0.70645542	     -9.26164250	    -58.56024568	     24.27578396	    101.71558640	     12.25388891	     -2.31877179	    -24.15713459	     44.39542247	     87.58450011
      2.09000000	      5.32115795	      0.40974341	     92.88076248	     -0.21844306	      0.93127158	     -1.57711372	     24.39794969	      7.31051941	     -5.40413321	     28.98098027	      0.50581353	      0.88020100	    -18.29376801	     -7.49999987	    -16.09398529	     -7.55984669	     -5.97407420	     33.56704874	      0.58585552	    -27.83028336	     -0.23685518	     -7.49999987	    -14.96960475	     10.16517088	     -3.75504607	     -0.33737493	     -9.39567779	    -59.30675529	     24.36551822	    104.14934336	     12.18447859	     -1.86993196	    -25.11864806	     43.56761114	     91.88111970
      2.10000000	      5.51752955	      0.35504925	     93.00072408	     -0.21837391	      0.93277870	     -1.59119121	     23.37502552	      7.52612032	     -5.75271148	     28.79426167	      0.50255467	      2.06471858	    -17.72389053	     -7.49999987	    -14.63000981	     -7.56329626	     -4.04906631	     36.38582840	      0.63505251	    -30.00506974	     -4.73577831	     -7.49999987	    -14.80483423	     10.42328643	     -3.41289410	     -0.44443649	     -9.64170666	    -57.78837583	     24.84282907	    101.37132259	     11.80596316	     -1.57090047	    -24.78787304	     42.98923634	     88.94721943
      2.11000000	      5.50171142	      0.27245284	     92.97042883	     -0.21825111	      0.93456531	     -1.60460230	     22.41355668	      7.50105341	     -6.06413093	     28.63498076	      0.49977470	      3.10909637	    -17.06545167	     -7.49999987	    -13.08545453	     -7.32076094	     -2.59409308	     39.12538495	      0.68286679	    -31.22665851	     -8.11947243	     -7.49999987	    -14.76640559	     10.40822318	     -2.87660451	     -0.25100217	     -9.80988110	    -57.52261028	     25.23951183	    103.03026036	     11.82572781	     -0.93575398	    -25.99070364	     42.11901740	     90.15461687
      2.12000000	      5.45728153	      0.58966889	     93.29203469	     -0.21851620	      0.93743354	     -1.61817279	     20.84989639	      7.31495277	     -6.89381256	     28.17238254	      0.49170083	      4.29703526	    -15.69423761	     -7.49999987	    -12.02006903	     -7.18131873	     -1.23510714	     41.38032123	      0.72222285	    -32.36138199	    -12.30084474	     -7.49999987	    -15.10132805	     10.40745184	     -2.63533167	     -0.16038913	     -9.90172971	    -56.39029741	     25.81950286	    100.69883486	     11.58943725	     -0.83050130	    -25.39370008	     41.49295825	     87.59218652
      2.13000000	      5.28450972	      0.87384597	     93.62147062	     -0.21897283	      0.94069961	     -1.63119997	     19.26749752	      6.99609316	     -7.69118858	     27.56022671	      0.48101670	      5.17014128	    -14.36401395	     -7.49999987	    -10.87383256	     -6.87087874	      0.00624321	     43.45141589	      0.75837027	    -32.29939722	    -15.89440356	     -7.49999987	    -15.46090322	     10.28111420	     -2.41620214	      0.17044948	    -10.03842416	    -55.76742066	     26.18796480	    101.22313876	     11.56908521	     -0.50488379	    -25.75833196	     40.67929245	     87.62925446
      2.14000000	      5.02759811	      1.25179210	     93.81797806	     -0.21912471	      0.94417300	     -1.64459822	     17.51290865	      6.73257919	     -8.04853665	     26.86180868	      0.46882700	      5.87114100	    -13.37401785	     -7.49999987	     -9.94128728	     -6.50508744	      0.73117879	     45.22564196	      0.78933636	    -30.20400218	    -18.75320140	     -7.49999987	    -15.90985650	     10.00648349	     -2.04100766	      0.63153809	    -10.06181568	    -56.03032780	     26.51993895	    103.32966723	     11.40177372	     -0.48619983	    -25.82991923	     39.83228919	     91.28547483
      2.15000000	      4.69947649	      1.65692761	     93.97679686	     -0.21917854	      0.94776742	     -1.65773416	     15.68272560	      6.34886072	     -8.65076677	     26.02681722	      0.45425365	      6.65675939	    -11.77592565	     -7.49999987	     -9.04489228	     -6.05823795	      1.33266911	     46.77777481	      0.81642619	    -26.70206615	    -21.20319545	     -7.49999987	    -16.37630312	      9.62896473	     -1.68320271	      0.80091753	    -10.20247299	    -54.38310254	     27.05291956	    100.42309787	     11.28132797	     -0.44415075	    -25.38420934	     39.09136462	     88.01836577
      2.16000000	      4.20759594	      1.90429409	     94.10350264	     -0.21936916	      0.95115737	     -1.67066315	     14.04460295	      5.79761573	     -9.19556357	     25.24302299	      0.44057386	      7.22777999	    -10.53864278	     -7.49999987	     -7.98589315	     -5.31826672	      1.98885724	     48.12223940	      0.83989152	    -22.34253794	    -23.58725571	     -7.49999987	    -16.72608695	      9.08473241	     -1.36806551	      1.34146701	    -10.20684010	    -54.41490867	     27.49039325	    102.42388074	     11.07557087	     -0.41362528	    -25.59172978	     38.40548376	     89.61168045
      2.17000000	      3.61991987	      2.23490652	     94.19320103	     -0.21962470	      0.95466327	     -1.68367477	     12.27666884	      5.13675137	     -9.76649304	     24.37289910	      0.42538734	      7.78892748	     -8.98583331	     -7.49999987	     -7.05975780	     -4.44066444	      2.57374590	     49.24430455	      0.85947525	    -17.24181049	    -25.31387974	     -7.49999987	    -17.14410746	      8.42515312	     -1.04961087	      1.49810732	    -10.37954433	    -52.71740201	     28.18893006	    100.57596816	     10.81385015	     -0.34288589	    -25.52323094	     37.82191385	     87.35565024
      2.18000000	      2.90206995	      2.22171385	     93.83629857	     -0.21870615	      0.95784355	     -1.69594874	     10.92403155	      4.51043569	     -9.64579118	     23.41416294	      0.40865423	      7.79370833	     -8.26701830	     -7.49999987	     -5.70264049	     -3.44663891	      2.53653670	     50.24634990	      0.87696424	    -13.10741941	    -27.11191371	     -7.49999987	    -17.38729021	      7.43998752	     -0.46039399	      2.25085423	    -10.30907186	    -52.47469268	     28.56140684	    100.60350127	     10.48041652	     -0.51238644	    -25.54800977	     37.42168805	     87.34144002
      2.19000000	      2.29764657	      2.17914588	     93.71323577	     -0.21817561	      0.96067657	     -1.70850990	      9.64406136	      3.75000097	    -10.70779100	     22.60625847	      0.39455364	      8.53894740	     -5.87576294	     -7.49999987	     -4.29021205	     -2.69729354	      2.53271339	     50.98063402	      0.88977992	     -8.18659811	    -27.24141193	     -7.49999987	    -17.43238398	      6.64362981	      0.05703407	      2.64889986	    -10.32373295	    -51.83023660	     29.20077927	    100.55208885	     10.23274064	     -0.52533893	    -25.72352824	     36.77496623	     87.23516610
      2.20000000	      1.41639434	      2.39019852	     93.48405007	     -0.21800035	      0.96380720	     -1.72119502	      8.03894840	      2.94742046	    -10.36151945	     21.68787010	      0.37852474	      8.64119421	     -5.13310207	     -7.49999987	     -3.33781040	     -1.50139221	      2.63441212	     51.15223714	      0.89277496	     -4.95736843	    -28.74206112	     -7.49999987	    -17.79194427	      5.60073558	      0.37400563	      3.42921488	    -10.34811852	    -51.44227264	     29.58599670	    101.00900660	      9.82340956	     -0.70249184	    -25.88566527	     36.24629039	     87.44921884
      2.21000000	      0.46666630	      2.80633478	     93.09675366	     -0.21762236	      0.96701026	     -1.73402883	      6.28626029	      1.87628989	    -10.90910443	     20.96422334	      0.36589472	      9.35912641	     -2.54567594	     -7.49999987	     -2.76494459	     -0.34172529	      2.30565469	     50.91974978	      0.88871729	     -0.88755876	    -28.59502584	     -7.49999987	    -18.41045126	      4.44530066	      0.87971799	      3.52431174	    -10.56534979	    -49.16286584	     30.78622856	    101.58374092	      9.44473891	     -0.71383899	    -26.51315809	     35.95239498	     87.72513934
