Coordinates
version=1
nRows=258
nColumns=36
inDegrees=yes

Units are S.I. units (second, meters, Newtons, ...)
If the header above contains a line with 'inDegrees', this indicates whether rotational values are in degrees (yes) or radians (no).

endheader
time	pelvis_tilt	pelvis_list	pelvis_rotation	pelvis_tx	pelvis_ty	pelvis_tz	hip_flexion_r	hip_adduction_r	hip_rotation_r	knee_angle_r	knee_angle_r_beta	ankle_angle_r	subtalar_angle_r	mtp_angle_r	hip_flexion_l	hip_adduction_l	hip_rotation_l	knee_angle_l	knee_angle_l_beta	ankle_angle_l	subtalar_angle_l	mtp_angle_l	lumbar_extension	lumbar_bending	lumbar_rotation	arm_flex_r	arm_add_r	arm_rot_r	elbow_flex_r	pro_sup_r	arm_flex_l	arm_add_l	arm_rot_l	elbow_flex_l	pro_sup_l
      0.00000000	     -0.73591045	      2.49416533	     92.28388885	     -0.14228094	      0.93295628	      1.09207338	     25.84590257	     -0.79916838	    -16.80541419	     15.29582451	      0.26696250	      3.33655431	      8.94429827	     -7.44079137	    -14.75618279	      4.05695366	    -11.65148368	     19.02421357	      0.33203516	     12.09705924	      9.18471248	     -7.44079137	    -14.76847447	      0.76205564	     -4.85140621	     -5.54706213	     -2.09181923	    -28.82981447	     65.50969353	     84.32269347	     11.02208166	    -13.15638790	    -14.81114404	     48.92627665	     86.57259976
      0.01000000	     -0.51082636	      2.74911363	     92.26705656	     -0.14202412	      0.93157362	      1.07605148	     25.22253958	     -0.27816604	    -16.10321515	     16.18066003	      0.28240579	      3.17097797	      8.42256423	     -7.46267652	    -15.40373589	      3.55018476	    -11.60218611	     20.26059040	      0.35361401	     10.88585217	      9.08223150	     -7.46267652	    -14.63278561	      1.09568242	     -4.69731824	     -5.94877251	     -2.23657397	    -29.19296203	     65.39360082	     87.98067235	     10.76008552	    -12.82353316	    -15.30237508	     49.07817473	     88.79291587
      0.02000000	     -0.30934438	      3.07270646	     92.26065948	     -0.14181689	      0.93037795	      1.05970796	     24.47574066	      0.19390300	    -15.36481832	     17.15812643	      0.29946580	      1.29378123	      7.68931664	     -7.46761587	    -16.07351347	      3.09186199	    -11.33035911	     21.56863916	      0.37644377	      9.25316554	      8.38502971	     -7.46761587	    -14.51137756	      1.38100634	     -4.56115499	     -6.41372371	     -2.53217435	    -28.97964391	     65.20227702	     86.19976930	     10.37306259	    -12.54961825	    -15.25990445	     49.26369346	     86.65064102
      0.03000000	     -0.05781138	      3.27737480	     92.12237971	     -0.14146567	      0.92935303	      1.04370096	     24.04261027	      0.70313739	    -14.36803188	     18.16086045	      0.31696681	     -1.59583647	      5.88116138	     -7.47242563	    -16.43260864	      2.59673646	    -11.19952765	     23.12643535	      0.40363244	      7.07900384	      7.28265366	     -7.47242563	    -14.30966623	      1.74880291	     -4.32668285	     -6.74109527	     -2.80679865	    -28.92109912	     64.95032858	     85.72297839	      9.90237895	    -12.21480866	    -15.42478934	     49.40525842	     85.70718430
      0.04000000	      0.02545720	      3.34927836	     91.90190271	     -0.14103129	      0.92854686	      1.02818848	     23.94275684	      1.03925153	    -12.84067001	     19.45495039	      0.33955294	     -2.87461311	      3.82795296	     -7.48354979	    -16.33227330	      2.35164793	    -10.76148360	     25.15318151	      0.43900583	      4.43265750	      5.64093939	     -7.48354979	    -14.03580177	      1.89969951	     -4.02036759	     -6.89317741	     -2.99813601	    -29.10637767	     64.46918316	     88.31243569	      9.55045786	    -11.73350219	    -16.33056412	     49.37741863	     89.14085372
      0.05000000	      0.26158165	      3.54947243	     91.64961987	     -0.14034032	      0.92871170	      1.01306635	     23.64891816	      1.52508675	    -11.39384414	     20.84159698	      0.36375449	     -3.40302436	      1.98881274	     -7.48695702	    -16.08215817	      1.90269537	    -10.34479412	     27.56498715	      0.48109978	      1.67362893	      4.18068089	     -7.48695702	    -14.03977641	      2.16970454	     -3.59853152	     -6.96500872	     -3.20388139	    -29.03636890	     64.01557615	     85.26365192	      9.31246001	    -11.17561628	    -16.65305433	     49.30207240	     85.48704048
      0.06000000	      0.75151887	      3.64498125	     91.34542291	     -0.13897836	      0.92939857	      0.99812778	     23.22894809	      2.37855057	     -9.97534881	     21.87027467	      0.38170830	     -4.07388738	     -1.32915763	     -7.49276841	    -15.33968679	      1.04300378	    -10.38413662	     30.46616440	      0.53173488	     -2.10351109	      2.82238778	     -7.49276841	    -13.93849456	      2.65165036	     -3.18351787	     -6.75608770	     -3.31733759	    -29.24245499	     63.08830613	     89.04822324	      8.96990882	    -10.76649631	    -17.58290847	     49.08631239	     89.19759677
      0.07000000	      1.32543628	      3.90940221	     91.25170373	     -0.13797086	      0.93058076	      0.98341049	     22.63844809	      3.26261535	     -8.87125579	     23.03618641	      0.40205730	     -3.80180059	     -3.21436554	     -7.49655951	    -14.43776257	      0.00665328	    -10.16226985	     33.71088321	      0.58836591	     -6.55040482	      1.50900242	     -7.49655951	    -14.09688719	      3.25977689	     -2.88212801	     -6.58312424	     -3.48736987	    -29.21776620	     62.37335055	     88.65913678	      8.67177614	    -10.32054794	    -18.41231277	     48.93839322	     91.48784906
      0.08000000	      1.82948527	      4.02110002	     91.26700631	     -0.13700277	      0.93137063	      0.96891814	     22.22548849	      4.14884013	     -7.49780750	     24.26830547	      0.42356183	     -3.26311646	     -4.89816736	     -7.49828084	    -13.13478040	     -0.94153895	     -9.58735601	     37.16703182	      0.64868708	    -11.50282661	      0.10902858	     -7.49828084	    -14.07312187	      3.77243477	     -2.70064630	     -6.41788798	     -3.55603350	    -29.27989133	     61.75106694	     88.84896292	      8.30730530	     -9.93517893	    -19.04695451	     48.84146887	     91.99365325
      0.09000000	      2.25620187	      4.29231349	     91.32595323	     -0.13617408	      0.93229293	      0.95453487	     21.62705256	      4.85565317	     -6.60765352	     25.60115592	      0.44682446	     -1.68565457	     -5.39477356	     -7.49838658	    -11.83691484	     -1.92670200	     -9.12861559	     40.63744080	      0.70925714	    -15.51322133	     -0.30712726	     -7.49838658	    -14.25701888	      4.19913153	     -2.44511962	     -6.40351401	     -3.70705509	    -29.18481380	     61.44835372	     87.96427178	      7.94524009	     -9.69207727	    -19.13065307	     48.85922715	     90.98077257
      0.10000000	      2.84543436	      4.58046733	     91.51554155	     -0.13657577	      0.93358355	      0.94050467	     20.66697797	      5.69602367	     -5.72843451	     26.16781432	      0.45671452	     -1.07966655	     -7.40784421	     -7.49848223	    -10.49305855	     -2.76137448	     -7.99388096	     43.88800059	      0.76599011	    -18.61964812	     -2.42054337	     -7.49848223	    -14.48270995	      4.98606840	     -2.32053991	     -6.33237425	     -4.02060377	    -29.12683129	     61.30578516	     87.65440764	      7.69043635	     -9.05469237	    -19.66975123	     48.53397625	     90.48919642
      0.11000000	      3.28922418	      4.71462806	     91.69177189	     -0.13672209	      0.93472738	      0.92678059	     19.87429979	      6.35409315	     -5.00738817	     26.73113366	      0.46654630	     -0.05451466	     -8.37827571	     -7.49856921	     -8.78575170	     -3.49863746	     -7.22495961	     47.41866034	      0.82761175	    -21.41938584	     -4.68802603	     -7.49856921	    -14.57591425	      5.52285273	     -2.08463646	     -6.33280865	     -4.26413728	    -29.10743154	     61.22545556	     87.39575959	      7.45003387	     -8.54269412	    -20.01486346	     48.36372729	     90.04959688
      0.12000000	      3.58146818	      4.79512288	     91.95679321	     -0.13718585	      0.93608182	      0.91331453	     19.00704999	      6.77414483	     -4.60688197	     27.02207136	      0.47162412	      0.94082205	     -8.99294681	     -7.49866190	     -6.92198011	     -4.08226873	     -6.52983797	     50.87674467	      0.88796671	    -23.94861849	     -7.29659318	     -7.49866190	    -14.57985357	      5.92564216	     -2.00845376	     -6.25444185	     -4.49214117	    -29.06290647	     61.06961886	     87.56818135	      7.21300113	     -7.97575179	    -20.61252608	     48.00521291	     89.96000553
      0.13000000	      3.80997184	      5.25672248	     92.08288885	     -0.13737128	      0.93848667	      0.89998498	     17.48754278	      7.12008000	     -4.48743271	     26.83342468	      0.46833161	      2.05823453	     -9.02618373	     -7.49868675	     -5.52816990	     -4.77003112	     -6.39252980	     54.00083185	      0.94249231	    -25.13455287	     -8.98785886	     -7.49868675	    -15.08976643	      6.20506722	     -1.70570090	     -6.10500605	     -4.68294448	    -29.04720440	     60.87694871	     87.52936194	      7.12389228	     -7.60875472	    -20.71074245	     47.66060281	     89.83708091
      0.14000000	      4.13358385	      5.45237836	     92.69825920	     -0.13810725	      0.94104284	      0.88685959	     16.05805331	      7.37754028	     -5.15781854	     26.17234210	      0.45679354	      2.55418717	     -8.71221847	     -7.49871838	     -3.74302374	     -5.61932553	     -5.86166397	     56.92567252	      0.99354041	    -24.93466869	    -13.02812522	     -7.49871838	    -15.22536706	      6.61799643	     -1.75622647	     -6.02288570	     -4.73055955	    -29.29481753	     60.79106815	     87.78304413	      7.02298052	     -7.13436508	    -21.06224372	     47.10158970	     89.93141372
      0.15000000	      4.19669637	      5.65619665	     93.06648041	     -0.13853242	      0.94369489	      0.87415142	     14.52737770	      7.47115406	     -5.49807028	     25.32487154	      0.44200239	      3.28623601	     -8.49807444	     -7.49873136	     -2.02216515	     -6.12702792	     -5.70566952	     59.45736596	      1.03772680	    -23.58712935	    -16.75767603	     -7.49873136	    -15.43707911	      6.69712500	     -1.70040568	     -5.75909147	     -4.80611074	    -29.39125011	     60.44667266	     88.01587437	      6.92118069	     -6.81472043	    -21.29810844	     46.57754784	     90.07067187
      0.16000000	      4.23728020	      5.14987180	     93.65025000	     -0.13929739	      0.94534193	      0.86243952	     13.94645709	      7.36653697	     -6.32040164	     24.70181245	      0.43112796	      3.80242510	     -7.78622721	     -7.49877803	      0.79832505	     -6.42755760	     -5.19604966	     62.04673401	      1.08291980	    -22.10394182	    -21.10990847	     -7.49877803	    -14.95388300	      6.74710304	     -1.83817783	     -5.53380205	     -4.80553246	    -29.53593623	     60.23651082	     88.44587120	      6.82919145	     -6.32038310	    -21.96705177	     46.13311002	     90.25428860
      0.17000000	      4.12822773	      5.29713286	     93.84348292	     -0.13939142	      0.94811750	      0.85053435	     12.38881893	      7.37353708	     -6.34249419	     23.59150008	      0.41174935	      4.21631484	     -7.44057588	     -7.49877025	      2.60334627	     -6.58963556	     -5.11845385	     63.84854395	      1.11436731	    -20.02126078	    -24.17678965	     -7.49877025	    -15.27183370	      6.52878990	     -1.54556697	     -5.23927147	     -4.86703795	    -29.55149226	     59.93174414	     88.76774314	      6.79604240	     -6.14262668	    -22.03486309	     45.73488164	     90.55826476
      0.18000000	      4.11056430	      4.48829086	     94.63089924	     -0.14053928	      0.94941529	      0.83904444	     12.07285645	      7.13348160	     -7.45625405	     22.76484646	      0.39732152	      4.84191828	     -6.19391255	     -7.49880651	      5.81229464	     -6.68583522	     -4.50598066	     65.68184933	      1.14636453	    -18.40045102	    -27.09615890	     -7.49880651	    -14.40402486	      6.54708222	     -1.95235526	     -4.99293074	     -4.79922301	    -29.76638341	     59.71791553	     89.09809294	      6.48250170	     -5.82342493	    -22.38921954	     45.34856042	     90.78235351
      0.19000000	      3.99676432	      3.99528025	     94.97214314	     -0.14094158	      0.95116661	      0.82759851	     11.41477778	      6.94177278	     -8.10131438	     21.98616502	      0.38373097	      5.16238348	     -5.23973976	     -7.49884786	      8.44524840	     -6.53014936	     -4.03929415	     66.92546506	      1.16806972	    -16.41855735	    -28.89016942	     -7.49884786	    -13.95666301	      6.33112190	     -1.93250364	     -4.68576757	     -4.83654480	    -29.75844571	     59.42494222	     89.50137272	      6.24811850	     -5.60869233	    -22.65288423	     44.97364628	     91.01595457
      0.20000000	      3.58431377	      3.92693527	     94.99041458	     -0.14106886	      0.95390168	      0.81586781	     10.22161759	      6.59583547	     -8.10949128	     21.14538520	      0.36905659	      5.31515116	     -4.99147332	     -7.49884632	     10.29455957	     -6.15580041	     -4.20387228	     67.45798485	      1.17736394	    -14.84631560	    -30.16249740	     -7.49884632	    -14.07668719	      5.76903621	     -1.59780912	     -4.44220065	     -4.86651047	    -29.71527160	     59.37494792	     89.62647009	      6.03726952	     -5.51005249	    -22.64893163	     44.74305829	     91.13178184
      0.21000000	      3.41737530	      3.29309564	     95.22993517	     -0.14168093	      0.95542640	      0.80410645	      9.84573421	      6.34769131	     -8.48022507	     20.66527521	      0.36067709	      5.73915094	     -3.97298799	     -7.49889484	     12.85305148	     -5.86464051	     -3.98190372	     67.91812351	      1.18539488	    -11.68251125	    -29.97339760	     -7.49889484	    -13.40132605	      5.49971163	     -1.52228361	     -4.24766701	     -4.92517218	    -29.73224443	     59.16576707	     89.44752601	      5.54134012	     -5.34436970	    -22.71202489	     44.42765828	     90.84677949
      0.22000000	      3.03211260	      3.12785981	     95.32003807	     -0.14210428	      0.95770440	      0.79249376	      8.89103055	      6.02815601	     -8.27822148	     20.08245940	      0.35050504	      5.91949551	     -3.75675764	     -7.49890289	     14.69088316	     -5.34703923	     -3.94985758	     67.75592857	      1.18256404	    -10.24931715	    -30.51470003	     -7.49890289	    -13.38840470	      5.00671002	     -1.31647117	     -4.04409528	     -4.96140483	    -29.67391988	     59.25073434	     89.44434275	      5.22147239	     -5.26648181	    -22.72362611	     44.26459020	     90.81372712
      0.23000000	      2.65670908	      2.80801242	     95.37221637	     -0.14259682	      0.95946631	      0.78060409	      8.15750204	      5.63075067	     -8.42283151	     19.58202919	      0.34177088	      6.47799011	     -3.10802402	     -7.49895920	     16.57424473	     -4.95816202	     -4.16125085	     67.29649056	      1.17454534	     -7.89183140	    -29.27603054	     -7.49895920	    -13.09565236	      4.50880627	     -1.19292917	     -3.80128494	     -5.00648986	    -29.56900383	     59.18600896	     89.34936045	      4.66397508	     -5.21945841	    -22.80094768	     44.12475190	     90.54237285
      0.24000000	      2.36180523	      2.48863289	     95.31133993	     -0.14284029	      0.96097042	      0.76895717	      7.48693269	      5.35965386	     -8.33654302	     19.19205023	      0.33496447	      6.77340454	     -2.92164961	     -7.49899123	     18.32138960	     -4.66292874	     -4.43555685	     66.43517363	      1.15951252	     -6.63539097	    -28.76378092	     -7.49899123	    -12.86198958	      4.08346724	     -0.88937467	     -3.66476895	     -5.06002807	    -29.44796685	     59.41897665	     88.94080903	      4.15943836	     -5.17288452	    -22.80624988	     44.11504651	     90.06395532
      0.25000000	      1.92803869	      2.58828547	     95.20624310	     -0.14279327	      0.96314178	      0.75731965	      6.17207713	      4.96698776	     -8.50776223	     18.45222503	      0.32205208	      7.07638849	     -1.58547732	     -7.49904868	     19.39105331	     -4.33252503	     -4.95227418	     65.05199086	      1.13537143	     -5.09979860	    -27.15733180	     -7.49904868	    -13.22241495	      3.50721274	     -0.62106815	     -3.35684560	     -5.16172476	    -29.18869305	     59.62831559	     88.90843801	      3.71349233	     -5.22609093	    -22.95838811	     44.21100225	     89.75849267
      0.26000000	      1.30527394	      2.76944037	     94.69607645	     -0.14271929	      0.96534332	      0.74495254	      4.83043358	      4.39359735	     -8.13269320	     17.96391617	      0.31352948	      7.39042721	     -0.98898253	     -7.49908497	     19.94824181	     -3.85338244	     -5.89522927	     63.00702472	      1.09968003	     -4.27409293	    -26.05836317	     -7.49908497	    -13.54296830	      2.71461818	     -0.01321763	     -3.21100546	     -5.19389720	    -28.99114333	     59.96865340	     89.09826307	      3.13546403	     -5.16270278	    -23.15719753	     44.21952543	     89.75478955
      0.27000000	      1.01030716	      2.74878672	     94.44451183	     -0.14248049	      0.96671267	      0.73302485	      3.74288814	      4.12210347	     -8.36034773	     17.35531738	      0.30290743	      7.61333857	     -0.07741597	     -7.49912282	     20.84100705	     -3.73542242	     -6.66610154	     60.89008773	      1.06273251	     -3.53074676	    -24.65606090	     -7.49912282	    -13.67775516	      2.26238578	      0.41325312	     -3.11405611	     -5.26488832	    -28.73006383	     60.45070361	     89.04293034	      2.55786929	     -5.20143030	    -23.29924372	     44.37983380	     89.53909470
      0.28000000	      0.77074854	      2.67598398	     94.09512088	     -0.14223020	      0.96780908	      0.72096119	      2.71975797	      3.90820034	     -8.40816725	     16.74678629	      0.29228656	      7.99594289	      0.70254837	     -7.49914251	     21.59377197	     -3.68355449	     -7.51687514	     58.36973345	      1.01874403	     -2.76891093	    -23.55455903	     -7.49914251	    -13.67918070	      1.85284130	      0.89887210	     -2.98896477	     -5.33915327	    -28.51561086	     60.88958804	     88.99572966	      1.94405202	     -5.24353224	    -23.46677812	     44.47812577	     89.41586000
      0.29000000	      0.59821487	      2.83205534	     93.63608408	     -0.14182311	      0.96885484	      0.70884514	      1.47865497	      3.74425543	     -8.64632133	     16.21045333	      0.28292578	      7.84725891	      1.54706981	     -7.49916032	     21.96428707	     -3.72760042	     -8.49054552	     55.60078659	      0.97041679	     -1.90453649	    -22.32924604	     -7.49916032	    -13.99959569	      1.53776050	      1.49823138	     -2.89828604	     -5.49195493	    -28.17808203	     61.44453181	     89.00810414	      1.36957277	     -5.25413465	    -23.71485778	     44.62380719	     89.34040130
      0.30000000	      0.43480680	      3.65486706	     93.18445616	     -0.14135797	      0.97057143	      0.69668868	     -0.50795098	      3.59372313	     -9.10043910	     15.66276354	      0.27336679	      8.29991506	      3.24732021	     -7.49919091	     21.34850025	     -3.85132660	     -9.63599312	     52.33146899	      0.91335644	     -1.01948068	    -20.82328187	     -7.49919091	    -15.12328915	      1.24853177	      2.07936906	     -2.65411570	     -5.72662382	    -27.73240216	     62.10853681	     89.29352138	      0.94532216	     -5.18510709	    -24.19355254	     44.82340014	     89.54265529
      0.31000000	      0.39272381	      3.88098669	     92.66254454	     -0.14085683	      0.97112842	      0.68461779	     -1.71147082	      3.51473361	     -9.29485662	     15.31944883	      0.26737482	      8.49973119	      4.29712534	     -7.49920944	     21.31785245	     -4.03067974	    -10.83104494	     48.87461471	      0.85302295	     -0.67144116	    -19.83090317	     -7.49920944	    -15.46567097	      1.06552792	      2.66941812	     -2.44846225	     -5.92945084	    -27.32379325	     62.60967685	     89.44122453	      0.40841897	     -5.15398546	    -24.62032495	     44.90827696	     89.74197685
      0.32000000	      0.44842203	      4.20917242	     92.11206761	     -0.14045158	      0.97137526	      0.67235415	     -3.05037751	      3.53021991	     -9.48181655	     14.94477642	      0.26083555	      8.65942511	      5.28478891	     -7.49922832	     21.09088113	     -4.25403895	    -12.04252081	     45.25365793	      0.78982533	     -0.56845086	    -19.10366268	     -7.49922832	    -15.91694346	      0.97429791	      3.34662516	     -2.35820273	     -6.20991990	    -26.91852355	     63.27107950	     89.59180149	     -0.14404255	     -5.05032256	    -25.17044403	     44.98622712	     90.03850143
      0.33000000	      0.47111283	      4.61965372	     91.28186026	     -0.13985149	      0.97158843	      0.65965483	     -4.46242058	      3.43819581	     -9.51899247	     14.67262798	      0.25608567	      8.78258325	      6.41650791	     -7.49924394	     20.53159884	     -4.47995983	    -13.61640252	     41.34300562	      0.72157157	     -0.54307936	    -18.13673180	     -7.49924394	    -16.35130997	      0.81909131	      4.19996123	     -2.21183905	     -6.51639113	    -26.42189855	     63.76897415	     89.63620743	     -0.78013756	     -4.94092606	    -25.74095444	     45.03871089	     90.30196331
      0.34000000	      0.77437165	      4.90856534	     90.74316565	     -0.13940707	      0.97105103	      0.64742080	     -5.63300614	      3.65019186	     -9.85114770	     14.56562301	      0.25421808	      8.98754270	      7.50193369	     -7.49927182	     20.24106975	     -4.91811607	    -14.95977119	     37.59476640	      0.65615246	     -0.39839798	    -16.32231995	     -7.49927182	    -16.73164837	      1.00221815	      4.85426112	     -2.10566744	     -6.86312325	    -25.96909034	     64.41878430	     89.41196698	     -1.34952688	     -4.84434341	    -26.25332249	     45.19016089	     90.44114799
      0.35000000	      0.88287616	      5.06311686	     90.14950852	     -0.13955963	      0.97012025	      0.63512885	     -6.63185829	      3.61173882	     -9.91201454	     14.56561792	      0.25421799	      9.30482994	      8.06768153	     -7.49930139	     19.98579089	     -4.95226369	    -16.14536540	     33.71274138	      0.58839834	     -0.26261812	    -14.28691400	     -7.49930139	    -16.91124688	      1.01954808	      5.43868336	     -1.93690748	     -7.24179345	    -25.44724028	     64.93292442	     89.05930054	     -1.97426289	     -4.66139454	    -26.90505112	     45.15122708	     90.48699825
      0.36000000	      1.09849088	      5.06589471	     89.51693620	     -0.13955650	      0.96878228	      0.62312549	     -7.30008511	      3.61173854	    -10.14394901	     14.87280270	      0.25957938	      9.70536022	      8.98268085	     -7.49932292	     19.91723224	     -5.15343431	    -17.60287023	     29.99031411	      0.52342972	      0.21105574	    -11.34473271	     -7.49932292	    -16.93989452	      1.14696364	      6.07106836	     -1.70124499	     -7.63480797	    -24.98314033	     65.29219925	     88.77834952	     -2.50132795	     -4.47486867	    -27.50882809	     45.10712182	     90.47894887
      0.37000000	      1.28327068	      4.99113897	     88.95201297	     -0.13974896	      0.96708695	      0.61123835	     -7.85629069	      3.60545340	    -10.27672600	     15.23620537	      0.26592195	     10.09901355	      9.17163173	     -7.49934240	     19.91760674	     -5.20841493	    -18.78443039	     26.32188394	      0.45940354	      0.71244200	     -8.03730996	     -7.49934240	    -16.94791829	      1.23632340	      6.65459934	     -1.53332415	     -8.00247279	    -24.47937836	     65.83918212	     88.52439480	     -3.00252522	     -4.27770207	    -28.16973658	     45.07367742	     90.44911714
      0.38000000	      1.40576710	      4.94057159	     88.39796458	     -0.14026018	      0.96520298	      0.59918450	     -8.46808710	      3.53237070	    -10.15114031	     15.55870315	      0.27155060	     10.53657155	      9.50074957	     -7.49936602	     19.85626177	     -5.16501463	    -20.07624534	     22.79334076	      0.39781884	      1.27732244	     -3.94530839	     -7.49936602	    -16.94757942	      1.32615015	      7.19096275	     -1.36383447	     -8.37662906	    -24.06226612	     66.36527771	     88.20226541	     -3.55180529	     -4.03314001	    -28.92899710	     45.06339923	     90.63700280
      0.39000000	      1.48930065	      4.69821485	     87.86518315	     -0.14073089	      0.96295636	      0.58766721	     -8.66098631	      3.34810588	    -10.21405937	     16.23665934	      0.28338317	     11.11366725	      9.92063539	     -7.49938794	     20.02953707	     -5.01423823	    -20.95958117	     19.42476192	      0.33902605	      1.36734427	     -0.31531250	     -7.49938794	    -16.78683737	      1.33985248	      7.63132132	     -1.03406956	     -8.71183183	    -23.59000832	     66.66740867	     87.92744383	     -3.99052841	     -3.81805938	    -29.68613604	     45.00181227	     90.78944254
      0.40000000	      1.33138920	      4.30869979	     87.53985348	     -0.14194880	      0.96045388	      0.57607943	     -8.66403586	      2.94147417	    -10.20407819	     16.96873180	      0.29616024	     11.72921005	      9.68938412	     -7.49939068	     20.31378866	     -4.42050820	    -21.22211766	     16.06933789	      0.28046285	      1.08541897	      2.65103495	     -7.49939068	    -16.44868749	      1.21608076	      7.81614629	     -0.75537287	     -8.94513366	    -23.27531069	     67.03237382	     87.98312372	     -4.45377652	     -3.68427549	    -30.22527331	     44.79461138	     91.01823140
      0.41000000	      1.21135412	      4.04859337	     87.15955251	     -0.14302558	      0.95810101	      0.56448918	     -8.78793959	      2.52513891	    -10.24015847	     17.75302699	      0.30984877	     12.33855154	      9.94284349	     -7.49940016	     20.35633912	     -3.91748169	    -21.53004487	     12.90735565	      0.22527585	      0.68186229	      5.72899233	     -7.49940016	    -16.24973190	      1.08237714	      8.05599147	     -0.36808563	     -9.18470404	    -22.94920338	     67.19067380	     87.94422555	     -4.82245763	     -3.48407886	    -31.03664283	     44.59244125	     91.13415983
      0.42000000	      1.05640674	      3.82132747	     86.75465285	     -0.14433866	      0.95567139	      0.55280083	     -8.90201943	      2.01925338	    -10.18664742	     18.64102607	      0.32534728	     12.93396711	     10.43264614	     -7.49942226	     20.27755023	     -3.38535463	    -21.73451454	     10.01195252	      0.17474154	      0.18067358	      8.36314236	     -7.49942226	    -16.07873360	      0.95180512	      8.25332563	      0.00984447	     -9.44887914	    -22.57431217	     67.37068874	     87.70565531	     -5.14949971	     -3.13735511	    -32.07417486	     44.39802615	     91.22918127
      0.43000000	      1.16408725	      3.48602387	     86.73505318	     -0.14596024	      0.95293816	      0.54092998	     -9.10129497	      1.97489269	    -10.01379205	     19.12875087	      0.33385968	     13.12418710	     10.38381017	     -7.49941929	     20.49166621	     -3.04988993	    -21.05899929	      7.81554897	      0.13640706	     -0.10931684	      9.72599808	     -7.49941929	    -15.77991472	      1.19847357	      8.15632131	      0.32258541	     -9.50802816	    -22.48991946	     67.63152474	     87.86963997	     -5.55758667	     -3.11329114	    -32.33287786	     44.11755168	     91.46148083
      0.44000000	      0.80852439	      3.18222484	     86.17709497	     -0.14707955	      0.95019379	      0.52858524	     -9.01822122	      1.20672472	     -9.65771164	     20.27044840	      0.35378607	     13.66484930	     10.26805315	     -7.49941537	     20.53416418	     -2.51513369	    -21.93563218	      6.05075651	      0.10560562	     -0.61719801	     11.84899442	     -7.49941537	    -15.36976674	      0.77275776	      8.39541041	      0.61579663	     -9.67616593	    -22.10842838	     67.59776337	     87.28779854	     -5.93909335	     -2.73464118	    -33.63959491	     43.94884645	     90.94422871
      0.45000000	      0.72173426	      2.89741912	     85.80484248	     -0.14792500	      0.94750149	      0.51652397	     -8.99797372	      0.76248389	     -9.57014279	     21.30458055	      0.37183508	     13.99979034	     10.73791810	     -7.49944026	     21.07683160	     -2.43557830	    -22.44303698	      5.86861354	      0.10242663	     -0.68592407	     12.62216859	     -7.49944026	    -15.06186177	      0.64099748	      8.49100046	      0.98282621	     -9.75737624	    -21.70315802	     67.57064546	     86.60470416	     -6.28518567	     -2.65190415	    -34.30647453	     43.67402176	     90.44238711
      0.46000000	      0.47501648	      2.90371462	     85.42633378	     -0.14917578	      0.94517048	      0.50345164	     -9.46324032	      0.22249142	     -8.80936889	     22.06543842	      0.38511455	     14.07837345	     10.40288656	     -7.49947248	     21.30028192	     -2.23329507	    -22.93577499	      6.34877501	      0.11080703	     -0.45588570	     13.18307326	     -7.49947248	    -14.91385076	      0.35947878	      8.50785128	      1.25980079	     -9.74423994	    -21.43358655	     67.51703899	     86.10396666	     -6.76026098	     -2.53469484	    -34.94835022	     43.44633285	     89.95255708
      0.47000000	      0.37636588	      2.99060330	     85.15384082	     -0.14989214	      0.94302794	      0.48997614	    -10.12399748	     -0.13610309	     -8.26729351	     22.63565607	      0.39506673	     13.99200038	     10.34955916	     -7.49950327	     21.47404335	     -2.27116544	    -23.32803440	      7.43578926	      0.12977900	      0.01670996	     13.62416766	     -7.49950327	    -14.81533390	      0.15292718	      8.47862168	      1.42970924	     -9.58990226	    -21.31667842	     67.44769593	     86.20795620	     -7.18787337	     -2.59022672	    -35.56168536	     43.20360894	     90.00507223
      0.48000000	      0.19924477	      3.19885821	     84.95172808	     -0.15055773	      0.94122925	      0.47613734	    -10.92362576	     -0.57941561	     -7.82537980	     23.19478303	      0.40482533	     13.61793661	     10.33794342	     -7.49954692	     21.33670320	     -2.18861638	    -23.44019297	      8.56028005	      0.14940507	      0.03984919	     13.82241902	     -7.49954692	    -14.78876057	     -0.13873965	      8.31244445	      1.63551442	     -9.27320184	    -21.29672186	     67.27686889	     86.81183536	     -7.60193271	     -2.66970365	    -36.25555156	     42.86445676	     90.34191202
      0.49000000	     -0.06989354	      3.46356274	     84.74998342	     -0.15139240	      0.93956495	      0.46196109	    -11.74471102	     -1.15815191	     -7.37055275	     23.85172143	      0.41629107	     13.11809812	     10.24633470	     -7.49957257	     20.96209752	     -1.95152503	    -23.29640798	      9.71258237	      0.16951654	     -0.38410415	     13.45838436	     -7.49957257	    -14.77378505	     -0.55203461	      8.15597237	      1.69472240	     -8.91457974	    -21.36691478	     67.19207856	     87.03557443	     -8.01572846	     -2.82753909	    -36.70356311	     42.45882414	     90.60392719
      0.50000000	     -0.27890639	      3.85702112	     84.74338657	     -0.15249749	      0.93821457	      0.44726679	    -12.79144611	     -1.65591167	     -7.15434013	     24.39666299	      0.42580210	     12.27889418	     10.20324516	     -7.49961511	     20.48850625	     -1.67651095	    -23.13106699	     11.11682247	      0.19402515	     -3.06730180	     10.95496845	     -7.49961511	    -14.83007185	     -0.87420762	      7.83770248	      1.64499924	     -8.54958798	    -21.49089137	     67.11310389	     87.16766706	     -8.45872266	     -3.00058451	    -37.08721452	     42.14506365	     90.37442131
      0.51000000	     -0.53293541	      4.19558066	     84.90478830	     -0.15342807	      0.93716659	      0.43265190	    -13.72613561	     -2.14330328	     -7.05964654	     25.00336645	      0.43639107	     11.07294352	     10.25528158	     -7.49964367	     20.18716115	     -1.38025614	    -22.98299237	     12.54920721	      0.21902498	     -5.45873314	      7.85916617	     -7.49964367	    -14.84228864	     -1.27469218	      7.38674009	      1.59038251	     -8.01441458	    -21.74921585	     66.93947241	     87.78482983	     -8.76150531	     -3.28931672	    -37.41623003	     41.66540630	     90.56665111
      0.52000000	     -1.02369349	      4.48393680	     85.16119568	     -0.15465365	      0.93662205	      0.41874443	    -14.33329005	     -2.87087844	     -7.02868497	     26.01043151	      0.45396767	      9.63477777	      9.96960228	     -7.49970823	     20.04310786	     -0.77762893	    -21.97460481	     14.22563142	      0.24828411	     -5.89140825	      5.51002801	     -7.49970823	    -14.89997977	     -1.92431285	      6.73729559	      1.69271295	     -7.41901464	    -21.95579214	     66.59932622	     87.15035874	     -8.93025082	     -3.60046143	    -37.58874311	     41.19499632	     89.04512438
      0.53000000	     -1.67997259	      4.65920163	     85.63899456	     -0.15632975	      0.93664897	      0.40495076	    -14.72492185	     -3.64462622	     -7.02158734	     27.15130353	      0.47387964	      7.78826175	      9.14217884	     -7.49975586	     19.99181838	      0.06701155	    -20.80160373	     15.85735931	      0.27676313	     -6.46403425	      4.36198912	     -7.49975586	    -14.87465191	     -2.67314819	      5.99459451	      1.69191645	     -6.71415637	    -22.45859813	     66.25160481	     87.52760896	     -8.78851216	     -4.02698951	    -37.61810236	     40.25578090	     88.67909141
      0.54000000	     -2.54346570	      5.08200693	     86.12553308	     -0.15813295	      0.93760831	      0.39079022	    -15.34271805	     -4.61090168	     -6.90131310	     28.26928536	      0.49339211	      5.46584956	      7.99884117	     -7.49980767	     19.51193319	      1.21894724	    -19.44789788	     17.32480918	      0.30237496	     -6.82151006	      2.55870943	     -7.49980767	    -15.08075790	     -3.66135329	      5.15592707	      1.67286790	     -5.95402042	    -22.96038592	     65.84396245	     87.41795133	     -8.66878766	     -4.40947213	    -37.73783610	     39.43879882	     87.48643262
      0.55000000	     -3.36682848	      5.50769842	     86.74632884	     -0.16045264	      0.93905650	      0.37602159	    -15.99015510	     -5.54851179	     -7.13399047	     29.39827588	      0.51309671	      2.73767128	      7.05106766	     -7.49987618	     18.95686471	      2.51992346	    -17.61357585	     18.69040020	      0.32620902	     -6.39925179	      0.70191091	     -7.49987618	    -15.22391486	     -4.50113395	      4.30558948	      1.46339788	     -5.21517514	    -23.79953153	     65.45312161	     90.32331308	     -8.44939353	     -4.75284659	    -38.17186184	     38.37675432	     90.31258971
      0.56000000	     -3.84517453	      5.97906577	     87.18054986	     -0.16247554	      0.94051656	      0.36145589	    -16.45494257	     -6.24664375	     -7.39467523	     30.80753797	      0.53769297	     -0.57094557	      6.26770953	     -7.49989328	     18.32487191	      3.42876272	    -15.81818697	     20.04593571	      0.34986758	     -5.87360547	     -2.19023634	     -7.49989328	    -15.49343725	     -4.99213055	      3.76290873	      1.06097825	     -4.75218660	    -24.26297880	     65.38193207	     89.96532173	     -8.16374712	     -4.96496205	    -38.26328907	     37.53078015	     89.74189548
      0.57000000	     -4.40687721	      6.39100638	     87.59172613	     -0.16514356	      0.94186144	      0.34669078	    -16.63840823	     -6.90417479	     -6.97342675	     32.49715847	      0.56718241	     -4.28591679	      4.53526042	     -7.49991046	     17.55184248	      4.57797199	    -13.86479652	     21.09879227	      0.36824339	     -5.24981069	     -5.51414336	     -7.49991046	    -15.63924434	     -5.47549652	      3.29629011	      0.46903354	     -4.46136081	    -24.63998223	     65.48572068	     88.78813416	     -7.97260579	     -5.12431913	    -37.85300871	     36.86999818	     88.20099183
      0.58000000	     -4.63188074	      6.59352725	     87.99061065	     -0.16746357	      0.94315880	      0.33251185	    -16.31873673	     -7.29509526	     -6.89695383	     34.43329267	      0.60097433	     -8.97639558	      2.92245599	     -7.49991805	     16.90908355	      5.31416773	    -12.22144117	     22.10507390	      0.38580632	     -3.94245253	     -6.74686952	     -7.49991805	    -15.61225342	     -5.61157797	      2.89492594	     -0.08205633	     -4.09562551	    -25.16640423	     65.56754889	     88.52865860	     -7.65842171	     -5.21680756	    -37.65708151	     36.16788860	     87.81797560
      0.59000000	     -5.03010285	      6.69329369	     88.28978217	     -0.16966870	      0.94436406	      0.31861261	    -15.60174152	     -7.86351436	     -6.53161942	     36.66974415	      0.64000777	    -13.60805527	      0.92406170	     -7.49992641	     16.13293519	      6.16820059	    -11.13086973	     22.55265556	      0.39361809	     -3.02583193	     -7.93740953	     -7.49992641	    -15.54625537	     -5.95986762	      2.57840515	     -0.67875749	     -3.90533617	    -25.39905735	     65.69995929	     88.42452046	     -7.40531353	     -5.40288515	    -37.18678123	     35.79896570	     87.69067923
      0.60000000	     -5.37922642	      6.56719774	     88.45224954	     -0.17174714	      0.94524738	      0.30520099	    -14.37080276	     -8.26514554	     -5.50067139	     39.09378494	      0.68231526	    -17.53714122	     -1.12025124	     -7.49993728	     15.43147282	      6.90655197	    -10.36678175	     22.59482307	      0.39435406	     -2.22712835	     -9.03009378	     -7.49993728	    -15.24539041	     -6.26000416	      2.31742322	     -1.20848344	     -3.71043871	    -25.61000244	     65.83431792	     88.61777995	     -7.13422305	     -5.51778856	    -36.81760467	     35.49933421	     88.34068109
      0.61000000	     -5.62495796	      6.44002824	     88.49929529	     -0.17306723	      0.94640577	      0.29231274	    -12.92378981	     -8.67796132	     -4.83291991	     41.67110424	      0.72729797	    -20.85750391	     -2.40582447	     -7.49994028	     14.62934725	      7.35995414	    -10.23595345	     22.42510787	      0.39139197	     -1.34455850	     -8.97047540	     -7.49994028	    -15.03282136	     -6.54575986	      2.19368292	     -1.66438454	     -3.46288058	    -25.80117044	     65.91298779	     88.42214290	     -6.77682125	     -5.63425735	    -36.53863303	     35.43336456	     88.31692263
      0.62000000	     -5.76953367	      6.43314970	     88.64021243	     -0.17461046	      0.94778531	      0.27985956	    -11.52799923	     -8.89646989	     -4.09278731	     44.31763358	      0.77348862	    -23.32694459	     -2.82607050	     -7.49994179	     13.62643485	      7.73659619	     -9.97028387	     22.09808797	      0.38568439	     -0.39683967	     -8.80771416	     -7.49994179	    -15.06534629	     -6.67264609	      1.74696314	     -1.83946633	     -3.29344452	    -25.73363662	     65.89270769	     88.16802627	     -6.45295076	     -5.70631908	    -36.30734875	     35.45170047	     88.12208484
      0.63000000	     -6.02827193	      6.20548637	     88.37442096	     -0.17550392	      0.94895549	      0.26746812	     -9.63626869	     -9.39043938	     -3.23587733	     47.26990023	      0.82501540	    -26.05175943	     -5.28842991	     -7.49994395	     12.78436030	      8.06162590	    -10.51180822	     21.56903079	      0.37645060	      0.21981375	     -8.31666054	     -7.49994395	    -14.73617357	     -7.01778798	      1.93364796	     -2.30116416	     -3.16419442	    -25.77746610	     66.08136098	     88.01723587	     -6.08321204	     -5.78745948	    -35.86836467	     35.64353216	     88.15640509
      0.64000000	     -6.01507135	      6.07747970	     88.13256949	     -0.17615117	      0.95050578	      0.25551314	     -7.76741632	     -9.61924956	     -2.66223664	     50.17418179	      0.87570467	    -27.33142316	     -6.73487221	     -7.49994633	     11.87199217	      8.05601558	    -11.07615357	     21.13502584	      0.36887579	      1.06500347	     -7.43065355	     -7.49994633	    -14.65020144	     -7.06157385	      1.99682429	     -2.49796630	     -3.04824018	    -25.75412632	     66.08256681	     87.81062037	     -5.66080578	     -5.89211752	    -35.33035507	     35.80224987	     88.15414391
      0.65000000	     -6.00255627	      6.03837874	     87.97097810	     -0.17701275	      0.95221394	      0.24394248	     -5.99436319	     -9.84477692	     -2.28799267	     52.89301123	      0.92315720	    -26.98453589	     -8.12829148	     -7.49994824	     10.84977540	      8.11495167	    -11.44079855	     20.65211230	      0.36044736	      1.94065490	     -6.75498964	     -7.49994824	    -14.68496318	     -7.07930876	      1.79947630	     -2.50173529	     -2.98090726	    -25.52315078	     65.96285482	     87.50751526	     -5.22031944	     -5.95246228	    -34.98156727	     35.95675193	     87.93662963
      0.66000000	     -5.99317100	      5.88195298	     87.54197072	     -0.17744770	      0.95380419	      0.23233947	     -3.98562586	    -10.09900604	     -1.86056354	     55.47252197	      0.96817815	    -25.18019877	    -10.10180142	     -7.49995053	      9.92348683	      8.08787665	    -12.25566056	     20.08564434	      0.35056063	      2.58752976	     -5.66585539	     -7.49995053	    -14.53061503	     -7.14683934	      1.86376863	     -2.57934902	     -2.94585141	    -25.27065996	     65.87226862	     87.14752433	     -4.85317648	     -5.98954725	    -34.50780263	     36.26826740	     87.71121845
      0.67000000	     -5.98502601	      5.61750304	     87.11242293	     -0.17771969	      0.95522118	      0.22115006	     -1.73135247	    -10.25348951	     -1.43943879	     57.87834993	      1.01016777	    -23.17666473	    -12.04953512	     -7.49995275	      9.12795935	      8.05275109	    -13.19761076	     19.46249567	      0.33968463	      3.17569858	     -4.31720459	     -7.49995275	    -14.36652002	     -7.19996739	      2.00829077	     -2.67307143	     -2.93165641	    -25.06071708	     65.93871079	     86.92058120	     -4.41436328	     -6.15439365	    -33.92049958	     36.65850039	     87.68142619
      0.68000000	     -5.79548685	      5.52776471	     86.88914166	     -0.17837523	      0.95693167	      0.21019834	      0.23074552	    -10.18050964	     -1.28110335	     59.79889957	      1.04368769	    -21.01859570	    -13.97530295	     -7.49995416	      8.16551424	      7.93682894	    -13.57598783	     18.88992985	      0.32969147	      3.75783988	     -3.63006859	     -7.49995416	    -14.43140890	     -6.98736708	      1.82538637	     -2.55270482	     -2.92963001	    -24.79345697	     65.87448672	     86.72050374	     -3.86426991	     -6.20515606	    -33.54060054	     36.88674249	     87.55352005
      0.69000000	     -5.81016176	      5.07150528	     86.27644053	     -0.17860916	      0.95785245	      0.19910953	      2.79377451	    -10.20610158	     -0.59284996	     61.55961850	      1.07441803	    -19.34265179	    -16.75224712	     -7.49995628	      7.60379448	      7.90348232	    -14.85419320	     18.27970668	      0.31904107	      4.30331874	     -1.94714206	     -7.49995628	    -13.97916917	     -7.06188438	      2.17379635	     -2.77426839	     -3.05680631	    -24.47810659	     65.99170655	     86.81897498	     -3.48639070	     -6.36345572	    -32.65584368	     37.33964484	     87.95654983
      0.70000000	     -5.57652409	      4.97913584	     86.35872708	     -0.17955334	      0.95939940	      0.18832602	      4.58360867	    -10.03302203	     -0.82048993	     62.67174790	      1.09382835	    -17.35279827	    -18.84478014	     -7.49995698	      6.67123484	      7.82077898	    -14.80736768	     17.72327635	      0.30932953	      4.72358247	     -1.44794113	     -7.49995698	    -14.08710830	     -6.75124792	      1.81205055	     -2.71035842	     -3.04223990	    -24.34021813	     65.97686806	     86.76235445	     -2.79834046	     -6.43140488	    -32.31734254	     37.56600716	     87.95902720
      0.71000000	     -5.42078536	      4.52039436	     86.21875377	     -0.18003269	      0.96024026	      0.17741604	      6.85921949	     -9.80652688	     -0.76246424	     63.58006385	      1.10968145	    -15.78559323	    -21.88967418	     -7.49995892	      6.19689627	      7.67110875	    -15.43572443	     17.30833080	      0.30208736	      5.29061180	     -0.10592284	     -7.49995892	    -13.69244561	     -6.57280206	      1.72191551	     -2.88520644	     -3.04253041	    -24.13509891	     66.09430046	     86.96554647	     -2.40229040	     -6.72624997	    -31.25652057	     38.14040625	     88.49251280
      0.72000000	     -5.18636509	      4.50653918	     86.30950681	     -0.18098923	      0.96186510	      0.16629494	      8.39804736	     -9.60442005	     -1.08008939	     63.95136470	      1.11616188	    -13.47949171	    -23.76407647	     -7.49995915	      5.05179622	      7.63857407	    -15.30976499	     16.51155003	      0.28818091	      5.48333224	      0.30155197	     -7.49995915	    -13.81609124	     -6.24086432	      1.44010813	     -2.94108625	     -3.06683876	    -24.09831823	     66.10569614	     87.05899053	     -1.70983926	     -6.77203632	    -30.93359047	     38.30332893	     88.64742181
      0.73000000	     -4.93445425	      4.43078066	     86.36222503	     -0.18195180	      0.96325795	      0.15541085	      9.97259187	     -9.40168065	     -1.45555419	     64.00564997	      1.11710933	    -11.07248716	    -25.52939471	     -7.49995919	      3.98040062	      7.59628242	    -15.15855440	     15.67247284	      0.27353625	      5.69050641	      0.74786471	     -7.49995919	    -13.88907393	     -5.89550400	      1.18218989	     -2.99375742	     -3.10343988	    -23.99165388	     66.19248923	     87.18581998	     -0.97309901	     -6.77968819	    -30.59724092	     38.56639472	     88.82447836
      0.74000000	     -4.66109077	      4.35015062	     86.58713568	     -0.18279131	      0.96448614	      0.14463601	     11.44791641	     -9.12755783	     -2.00386724	     63.75407538	      1.11271853	     -8.37647568	    -26.50858658	     -7.49996085	      3.01460812	      7.44108365	    -15.21157554	     15.06233170	      0.26288728	      5.98738996	      1.62947550	     -7.49996085	    -14.02577226	     -5.52990081	      0.82276909	     -3.22205276	     -3.13100921	    -23.81843334	     66.60686813	     86.83050405	     -0.38932037	     -7.09284255	    -29.45048781	     39.13626580	     88.61248314
      0.75000000	     -4.36857984	      3.94262978	     86.75500415	     -0.18368376	      0.96516934	      0.13389292	     13.25056572	     -8.80990728	     -2.46866292	     63.18779944	      1.10283515	     -6.49503087	    -27.37363787	     -7.49996201	      2.38088824	      7.30171333	    -14.88858713	     14.39023917	      0.25115705	      6.36792368	      1.87771881	     -7.49996201	    -13.71398196	     -5.13855924	      0.48792304	     -3.29684215	     -3.14413629	    -23.76157985	     66.55709104	     86.30090568	      0.22415751	     -7.12248165	    -29.08372622	     39.54624025	     88.06512059
      0.76000000	     -3.86349511	      4.45451811	     87.04887487	     -0.18468486	      0.96711189	      0.12302165	     13.73676417	     -8.36785652	     -3.23140772	     61.99717942	      1.08205491	     -4.64478793	    -27.47236111	     -7.49996331	      0.66241123	      6.95320566	    -14.72719136	     13.61460490	      0.23761968	      6.60198020	      2.79748460	     -7.49996331	    -14.54958492	     -4.50295734	      0.19726049	     -3.41996251	     -3.22409561	    -23.87317801	     66.98351084	     86.56157605	      1.02768404	     -7.35135133	    -27.95419226	     40.05786966	     88.52422698
      0.77000000	     -3.62261605	      4.24485239	     87.21368446	     -0.18553708	      0.96759948	      0.11238729	     15.10556570	     -8.09177113	     -3.73652415	     60.72607506	      1.05986995	     -3.45499639	    -27.70009457	     -7.49996410	     -0.14446820	      6.83184017	    -14.59225121	     13.00608676	      0.22699904	      6.78484839	      3.19263494	     -7.49996410	    -14.48875844	     -4.17843065	     -0.07326971	     -3.53579875	     -3.28158295	    -23.82188345	     67.09656165	     86.49808831	      1.74915176	     -7.41584598	    -27.52167495	     40.46280664	     88.54122151
      0.78000000	     -3.31676490	      4.49917536	     87.56651635	     -0.18661335	      0.96872540	      0.10160941	     15.71130806	     -7.87120648	     -4.60089075	     58.94020210	      1.02870059	     -2.45689574	    -27.31281609	     -7.49996550	     -1.42246307	      6.62156864	    -14.53485532	     12.47725452	      0.21776917	      7.15971867	      4.18648351	     -7.49996550	    -14.99074309	     -3.74312610	     -0.47522073	     -3.64039193	     -3.29947649	    -23.96109811	     67.38003549	     86.55768202	      2.55680780	     -7.65957597	    -26.58895508	     40.91668112	     88.84351167
      0.79000000	     -3.02538942	      4.45050065	     87.96031415	     -0.18748168	      0.96920140	      0.09097648	     16.57950452	     -7.56613210	     -5.39019683	     56.92510816	      0.99353056	     -1.85528445	    -26.89813034	     -7.49996670	     -2.29693507	      6.36322671	    -14.43201864	     12.08204021	      0.21087138	      7.35841971	      4.71781238	     -7.49996670	    -15.15162728	     -3.33094738	     -0.92338078	     -3.70065566	     -3.22142956	    -24.20805984	     67.46833795	     86.47520525	      3.32076631	     -7.83761399	    -25.94503575	     41.34439662	     88.91139277
      0.80000000	     -2.85095855	      4.31499783	     88.14796084	     -0.18838887	      0.96922064	      0.08012888	     17.55259397	     -7.32971446	     -5.96666374	     54.72751156	      0.95517527	     -1.41611843	    -26.55634893	     -7.49996728	     -3.16783616	      6.29860206	    -14.33573384	     11.48919621	      0.20052430	      7.67205431	      5.24525589	     -7.49996728	    -15.12110361	     -3.06930012	     -1.14219710	     -3.86035091	     -3.22375014	    -24.31593098	     67.58963354	     86.43840475	      4.07007810	     -7.88675198	    -25.47826981	     41.78988992	     88.99563609
      0.81000000	     -2.58192735	      4.69400777	     88.56264988	     -0.18916322	      0.96977185	      0.06929646	     17.68080799	     -7.09769458	     -7.01551123	     52.06918216	      0.90877867	     -0.60075839	    -25.13020317	     -7.49996861	     -4.49473622	      6.02383671	    -14.46900113	     11.17090089	      0.19496900	      8.11053664	      6.22595609	     -7.49996861	    -15.71954861	     -2.70252456	     -1.64208875	     -3.84715762	     -3.12135658	    -24.48584235	     67.75596674	     86.37091082	      4.86316190	     -8.23043076	    -24.54948313	     42.21846576	     89.14687327
      0.82000000	     -2.50838907	      4.90546477	     88.90389776	     -0.19009602	      0.96979132	      0.05824531	     17.96082069	     -7.01452633	     -7.91278797	     49.22140133	      0.85907552	      0.02848369	    -23.70349657	     -7.49997177	     -5.73103033	      5.99944217	    -14.51502475	     10.67947858	      0.18639206	      8.46132564	      7.09349473	     -7.49997177	    -16.08064302	     -2.51753967	     -1.99542315	     -4.03257066	     -3.09326703	    -24.64743678	     68.04895261	     85.58993188	      5.54036117	     -8.53679394	    -23.36773762	     42.76410876	     88.35346181
      0.83000000	     -2.43367976	      5.04706028	     89.27349095	     -0.19074688	      0.96955828	      0.04734602	     18.26127309	     -6.87287844	     -8.82797268	     46.21472955	      0.80659919	      0.80295635	    -22.23340333	     -7.49997536	     -6.73428703	      5.89400700	    -14.68408441	     10.47539084	      0.18283006	      8.70617935	      7.97744736	     -7.49997536	    -16.35878228	     -2.37826145	     -2.45391624	     -4.09276584	     -2.99489727	    -24.79492682	     68.10781783	     85.34370167	      6.21891659	     -8.89948823	    -22.41349011	     43.32138840	     87.99035524
      0.84000000	     -2.39525340	      5.09095781	     89.69453271	     -0.19133244	      0.96896085	      0.03665336	     18.60733986	     -6.67881417	     -9.61661044	     43.00668856	      0.75060832	      1.44751723	    -20.48831933	     -7.49998518	     -7.55198481	      5.81563239	    -14.58511327	     10.40358556	      0.18157682	      9.09985387	      8.42347621	     -7.49998518	    -16.54008044	     -2.27320631	     -2.92590855	     -4.08149163	     -2.74463848	    -25.25730605	     68.07686776	     87.45899854	      7.06064219	     -9.12974228	    -22.13639033	     43.66612286	     90.84414843
      0.85000000	     -2.36439773	      5.22714930	     90.03401283	     -0.19203641	      0.96837748	      0.02554936	     18.72077175	     -6.48059334	    -10.45990841	     39.59786048	      0.69111304	      2.03871377	    -18.32384487	     -7.49998618	     -8.60586967	      5.78722723	    -14.54573069	     10.11438441	      0.17652931	      9.20914772	      8.69001648	     -7.49998618	    -16.78490909	     -2.16965344	     -3.27044441	     -4.22288310	     -2.67252409	    -25.40581142	     68.18563601	     85.72978088	      7.78104781	     -9.39843858	    -21.05688968	     44.02252162	     88.86672212
      0.86000000	     -2.41077332	      5.27471075	     90.43614067	     -0.19273799	      0.96738789	      0.01478734	     18.96924335	     -6.38365015	    -11.46142331	     36.22183582	      0.63219030	      2.56369274	    -15.45075275	     -7.49998686	     -9.42024194	      5.77823821	    -14.52743716	     10.07468624	      0.17583645	      9.67204394	      9.20125398	     -7.49998686	    -16.97091288	     -2.12607084	     -3.72956364	     -4.31154908	     -2.59433907	    -25.51237163	     68.29638350	     84.70533052	      8.50046144	     -9.68532057	    -20.11852573	     44.42717855	     87.55772146
      0.87000000	     -2.48708091	      5.23298059	     90.66270341	     -0.19293176	      0.96622880	      0.00393982	     19.30840754	     -6.20950929	    -12.26965525	     32.91147229	      0.57441355	      3.11123404	    -11.75759818	     -7.49998817	    -10.05542382	      5.78350703	    -14.86769132	     10.22859500	      0.17852266	     10.06851661	      9.77520084	     -7.49998817	    -17.02410127	     -2.20624880	     -4.00990571	     -4.34693744	     -2.46090731	    -25.76671001	     68.19968437	     85.40774214	      9.20684840	    -10.03463451	    -19.20807601	     44.79381350	     87.78716372
      0.88000000	     -2.52711707	      5.21799890	     91.03603266	     -0.19330743	      0.96506658	     -0.00674210	     19.55161218	     -6.02505265	    -13.26135475	     29.64052106	      0.51732468	      3.14023258	     -8.00840214	     -7.49998978	    -10.68105873	      5.71644927	    -14.88339200	     10.42539726	      0.18195751	     10.33517787	      9.98354373	     -7.49998978	    -17.17784538	     -2.17173576	     -4.47134156	     -4.35151278	     -2.24062425	    -26.10227062	     68.28561999	     86.05747269	      9.94181483	    -10.33552509	    -18.60889370	     45.08310549	     88.43453287
      0.89000000	     -2.57980116	      5.20372211	     91.29793759	     -0.19346315	      0.96378418	     -0.01751716	     19.75211397	     -5.78088500	    -14.19190391	     26.40134431	      0.46079039	      3.21446596	     -4.25552235	     -7.49999037	    -11.29821703	      5.67740706	    -15.02712903	     10.65338829	      0.18593670	     10.67165781	     10.08177473	     -7.49999037	    -17.26825778	     -2.20157237	     -4.72144557	     -4.33674631	     -2.09682844	    -26.39240015	     68.13342346	     85.89438243	     10.76806261	    -10.46871032	    -18.04110066	     45.18698186	     88.32240003
      0.90000000	     -2.60141971	      5.12411062	     91.68105801	     -0.19367147	      0.96235515	     -0.02820715	     20.05857148	     -5.55502528	    -15.12215671	     23.61770377	      0.41220669	      3.16598472	     -0.72913640	     -7.49999070	    -11.80231362	      5.53981816	    -15.01019552	     10.97168178	      0.19149197	     11.01932970	     10.43646519	     -7.49999070	    -17.35152821	     -2.16618671	     -5.09105395	     -4.39280251	     -1.92375510	    -26.64610832	     68.16273296	     86.24348457	     11.49928866	    -10.69368221	    -17.42221191	     45.41677962	     88.75024062
      0.91000000	     -2.62525592	      5.06587360	     91.81438043	     -0.19333832	      0.96084406	     -0.03891135	     20.38230858	     -5.24300208	    -15.83409888	     21.16065143	      0.36932304	      3.18755655	      2.36304956	     -7.49999176	    -12.29607107	      5.43535290	    -15.18833388	     11.33689129	      0.19786608	     11.26365610	     10.54926167	     -7.49999176	    -17.43208180	     -2.21094560	     -5.31425553	     -4.35848754	     -1.85979132	    -26.64344714	     68.06912383	     84.85150808	     12.07882624	    -11.03296733	    -16.42931754	     45.82942992	     86.44721179
      0.92000000	     -2.55645600	      4.91008233	     92.00349194	     -0.19268363	      0.95914738	     -0.04977929	     20.66521603	     -4.77992937	    -16.39860683	     18.78581729	      0.32787436	      3.33551638	      4.46465764	     -7.49999329	    -12.62098657	      5.13939634	    -15.43295516	     11.86144445	      0.20702126	     11.64830135	     10.96553634	     -7.49999329	    -17.36644173	     -2.18208710	     -5.48228976	     -4.34108541	     -1.68191382	    -26.84886944	     67.87167535	     84.58411925	     12.69315743	    -11.35468815	    -15.55911522	     46.03269390	     85.31523734
      0.93000000	     -2.76839059	      4.68361574	     92.07612373	     -0.19195848	      0.95723785	     -0.06045695	     21.14690258	     -4.57992344	    -16.34134196	     16.98615483	      0.29646433	      3.37922118	      5.33542516	     -7.49999327	    -12.90232103	      5.21962508	    -15.42486367	     12.27694749	      0.21427316	     11.68491706	     10.95619666	     -7.49999327	    -17.30512255	     -2.50666373	     -5.50098906	     -4.44645566	     -1.56697321	    -26.94711393	     67.82228098	     84.77920289	     13.41017297	    -11.35472311	    -15.46609248	     46.29775021	     85.53451343
      0.94000000	     -2.37329908	      4.47161854	     92.29516210	     -0.19093486	      0.95540994	     -0.07150023	     21.16976556	     -3.76841182	    -17.12855764	     14.78099258	      0.25797699	      3.02113904	      6.83997257	     -7.49999363	    -12.94779611	      4.45996906	    -15.58113789	     13.25766474	      0.23138990	     12.25956146	     11.14162882	     -7.49999363	    -17.07441614	     -2.10377241	     -5.69027263	     -4.27157137	     -1.21851700	    -27.48177568	     67.42113246	     85.75814174	     13.90390901	    -11.67706776	    -14.77819876	     46.23422352	     86.47914214
      0.95000000	     -2.29540521	      4.11725553	     92.84825064	     -0.19066552	      0.95345208	     -0.08248707	     21.40512183	     -3.51113908	    -18.21129274	     13.28107214	      0.23179844	      2.66339078	      7.91974323	     -7.49999349	    -12.79438937	      4.09181245	    -14.54772893	     14.26992324	      0.24905714	     12.18733285	      9.83063032	     -7.49999349	    -16.73650729	     -1.99897085	     -6.18850963	     -4.07955348	     -0.89058242	    -27.90030644	     66.85788409	     85.23362300	     14.41292573	    -11.85009474	    -14.33545229	     46.21549346	     85.91568243
      0.96000000	     -2.26973096	      4.14731293	     92.52118192	     -0.18944280	      0.95143452	     -0.09465271	     21.50238661	     -2.98884846	    -17.49732277	     12.76476284	      0.22278714	      2.79169744	      7.04749731	     -7.49999370	    -13.38444332	      3.93100530	    -14.90024010	     14.82499223	      0.25874493	     12.40594742	     10.38881217	     -7.49999370	    -16.68528763	     -2.05052776	     -5.67860864	     -4.51566376	     -0.97898661	    -27.97612026	     67.09923990	     85.40473092	     14.78966489	    -11.77312567	    -13.98172030	     46.40084592	     85.98023887
      0.97000000	     -2.19367553	      4.07611654	     92.74742021	     -0.18929960	      0.94960441	     -0.10673137	     21.70700823	     -2.78575058	    -17.61464199	     12.93305884	      0.22572446	      2.66847151	      6.68747221	     -7.49999429	    -13.64638935	      3.60273100	    -14.53391866	     15.76420611	      0.27513730	     12.46052217	     10.24616093	     -7.49999429	    -16.48012583	     -1.89569550	     -5.82156746	     -4.59992417	     -0.97153087	    -28.21723142	     66.80514645	     85.85838373	     15.02994088	    -11.66418143	    -13.90791698	     46.52555113	     86.51332561
      0.98000000	     -2.26663507	      4.08844261	     92.85750752	     -0.18939850	      0.94777845	     -0.11946189	     21.90867907	     -2.82908090	    -17.73259421	     13.86926704	      0.24206437	      2.82674354	      6.34735729	     -7.49999463	    -14.15693596	      3.55738335	    -13.85378791	     16.43296636	      0.28680937	     12.14092702	      9.50672717	     -7.49999463	    -16.27322107	     -1.86129646	     -5.81595842	     -4.89287400	     -1.07807229	    -28.35083252	     66.72355274	     85.51223069	     15.15852929	    -11.47943619	    -13.72391657	     46.51181291	     86.07680501
      0.99000000	     -2.18849493	      4.25872452	     92.95650259	     -0.18940764	      0.94633232	     -0.13250711	     21.78744776	     -2.65375914	    -17.38962792	     14.94287925	      0.26080244	      2.65532021	      5.41827592	     -7.49999501	    -14.80289488	      3.31924269	    -13.29863461	     17.18148946	      0.29987356	     11.67822359	      8.92601825	     -7.49999501	    -16.20151752	     -1.64817708	     -5.80203905	     -5.13259361	     -1.23722522	    -28.41135975	     66.54796423	     85.25439924	     15.10127620	    -11.22896522	    -13.73798228	     46.69610822	     85.67945736
      1.00000000	     -2.02972553	      4.52298379	     93.04588104	     -0.18930907	      0.94504307	     -0.14600180	     21.32601530	     -2.30560469	    -16.50343103	     15.94510453	      0.27829457	      2.10198336	      4.40019597	     -7.49999537	    -15.55678083	      2.97158430	    -12.67078094	     17.96699982	      0.31358330	     11.06603818	      8.50668135	     -7.49999537	    -16.16442381	     -1.34402669	     -5.72996826	     -5.44716347	     -1.40048810	    -28.52791300	     66.43105879	     85.32701123	     14.95211800	    -10.97549138	    -13.74672620	     46.80392487	     85.60468272
      1.01000000	     -1.93526810	      4.73398475	     93.01955852	     -0.18927221	      0.94389724	     -0.15954622	     20.89115994	     -2.04594007	    -15.82931329	     17.00729495	      0.29683329	     -0.26801523	      3.45195519	     -7.49999560	    -16.25651442	      2.74761027	    -12.13854111	     18.70112545	      0.32639621	     10.17366862	      7.90408692	     -7.49999560	    -16.08681506	     -1.08395993	     -5.53987133	     -5.81784829	     -1.70993765	    -28.44801040	     66.38228331	     84.95716410	     14.72390338	    -10.57545168	    -13.95299435	     46.96926131	     84.99953046
      1.02000000	     -1.66264664	      4.99869431	     92.88275384	     -0.18887193	      0.94307766	     -0.17303277	     20.52254919	     -1.54722862	    -14.78155866	     18.23153590	      0.31820033	     -2.26178333	      1.81645949	     -7.49999683	    -16.89532679	      2.31655295	    -11.80199937	     19.61214834	      0.34229656	      9.15596360	      7.37271344	     -7.49999683	    -16.06042439	     -0.65919560	     -5.22445720	     -6.00727736	     -1.89864508	    -28.78580860	     66.16030486	     87.34055317	     14.50346500	    -10.13549111	    -14.55906658	     46.97428846	     87.64838939
      1.03000000	     -1.40648050	      5.16155672	     92.49144549	     -0.18794123	      0.94265062	     -0.18610032	     20.39462745	     -1.02428171	    -13.43059405	     19.54071786	      0.34104986	     -2.59104333	      0.88926076	     -7.49999704	    -17.33295366	      1.96962480	    -11.59458086	     20.60510925	      0.35962700	      7.71696450	      6.70631193	     -7.49999704	    -15.97895898	     -0.34942947	     -4.71745339	     -6.13277664	     -2.20427674	    -28.61659374	     65.76538059	     86.49292674	     14.24694573	     -9.62010993	    -15.14725601	     46.98104378	     86.99614592
      1.04000000	     -0.88638824	      5.42503662	     92.08072223	     -0.18647734	      0.94290607	     -0.19943065	     20.04241687	     -0.08728690	    -11.71323391	     20.65999187	      0.36058488	     -3.08160075	     -0.81309321	     -7.49999727	    -17.71326887	      1.26405187	    -11.64788323	     21.91975948	      0.38257197	      5.92738933	      6.03827981	     -7.49999727	    -15.99481385	      0.21134920	     -4.13812104	     -6.17489963	     -2.45021830	    -28.61813639	     65.24815690	     86.29342670	     13.85776625	     -9.20290008	    -15.64992373	     46.95123458	     86.83202883
      1.05000000	     -0.40224994	      5.86969659	     91.66967078	     -0.18483927	      0.94377515	     -0.21296041	     19.40142225	      0.77877087	    -10.27993784	     21.78947578	      0.38029809	     -3.46098681	     -3.14956546	     -7.49999742	    -18.23270565	      0.60042877	    -11.70016094	     23.25355663	      0.40585113	      3.64410641	      5.05140196	     -7.49999742	    -16.17656694	      0.69025865	     -3.66778514	     -6.17233289	     -2.69940202	    -28.38981354	     64.67245531	     86.09402415	     13.33246016	     -8.84653066	    -16.32550800	     46.96413823	     86.51250168
      1.06000000	      0.14536199	      6.37019479	     91.43134485	     -0.18310126	      0.94510568	     -0.22666020	     18.50084826	      1.76785028	     -8.79990657	     22.72510654	      0.39662793	     -3.28403681	     -5.83797811	     -7.49999763	    -18.61912390	     -0.23555826	    -11.68770077	     24.90044814	      0.43459481	      0.89561983	      3.72577747	     -7.49999763	    -16.42276488	      1.22690032	     -3.26499012	     -6.15900707	     -2.78733138	    -28.39027650	     64.03350394	     85.80981813	     12.75762548	     -8.57285002	    -16.80457827	     46.97984663	     86.04588755
      1.07000000	      0.60716860	      6.82651782	     91.20702638	     -0.18154220	      0.94684871	     -0.24006026	     17.49551570	      2.62686642	     -7.72760587	     23.36646437	      0.40782174	     -2.80444225	     -7.35879991	     -7.49999850	    -18.67097182	     -0.92873210	    -11.41860304	     26.89321969	      0.46937523	     -2.22420612	      1.96245143	     -7.49999850	    -16.65354111	      1.69718203	     -2.97054860	     -5.99896054	     -2.78466292	    -28.67332760	     63.36054750	     88.77514546	     12.18405099	     -8.26496956	    -17.98161768	     46.84151578	     90.65581283
      1.08000000	      0.90611864	      7.24998772	     90.97403688	     -0.18013779	      0.94873197	     -0.25318805	     16.45835400	      3.23084784	     -6.97116887	     23.94315044	      0.41788681	     -2.12581428	     -7.67081705	     -7.49999860	    -18.48884200	     -1.43297187	    -11.04395113	     29.06920231	      0.50735329	     -6.06931721	     -0.30728702	     -7.49999860	    -16.89470885	      1.97744607	     -2.62763187	     -5.95467623	     -2.87543989	    -28.56304006	     62.90429988	     87.68660449	     11.62306405	     -7.87202007	    -18.70948629	     46.67197666	     89.24531534
      1.09000000	      1.30990200	      7.57710674	     90.94909260	     -0.17902615	      0.95060665	     -0.26625799	     15.29376882	      3.94279066	     -6.19523828	     24.08463394	      0.42035616	     -1.31529586	     -8.36166504	     -7.49999871	    -17.84082466	     -2.15032660	    -10.51580916	     31.70327494	      0.55332653	    -10.10917641	     -2.01946953	     -7.49999871	    -17.00112943	      2.42417219	     -2.45337214	     -5.90428211	     -2.97842251	    -28.52936537	     62.45614243	     87.38441280	     11.00539320	     -7.64743417	    -19.13642962	     46.40474280	     88.55121829
      1.10000000	      1.63956608	      7.62462167	     91.05491093	     -0.17826359	      0.95210860	     -0.27888858	     14.40647478	      4.39420094	     -6.16990268	     24.14311067	      0.42137677	     -0.47744495	     -8.74161188	     -7.49999910	    -16.60457833	     -2.80048446	     -9.72586595	     34.64220680	      0.60462057	    -14.19982052	     -3.39311840	     -7.49999910	    -16.85165015	      2.83690940	     -2.34724419	     -5.84263269	     -2.94778869	    -28.87973008	     62.09189327	     90.04954479	     10.46250433	     -7.28763735	    -20.15836074	     46.05359238	     91.35379271
      1.11000000	      1.96523390	      7.65546520	     91.31602113	     -0.17784695	      0.95356536	     -0.29125837	     13.48273622	      4.77688982	     -6.37743217	     24.05704878	      0.41987471	      0.38937779	     -8.35395492	     -7.49999918	    -15.16808795	     -3.46783797	     -8.67820117	     37.71862342	      0.65831417	    -17.43073623	     -4.67678199	     -7.49999918	    -16.70773310	      3.25521912	     -2.32048328	     -5.90498874	     -3.08366636	    -28.81347756	     61.92721963	     88.98763327	      9.97409302	     -7.01209846	    -20.50090652	     45.59204116	     89.98624182
      1.12000000	      2.24663212	      7.64332310	     91.70411967	     -0.17786362	      0.95503033	     -0.30327812	     12.54877654	      5.07631516	     -6.72807078	     23.82232677	      0.41577804	      1.14336702	     -8.14974931	     -7.49999922	    -13.54135240	     -4.03815056	     -7.57876952	     40.88539049	      0.71358468	    -20.18927840	     -6.07381287	     -7.49999922	    -16.60382918	      3.68191681	     -2.30064898	     -6.02491389	     -3.17505419	    -28.93727039	     62.00831503	     88.02688210	      9.53249060	     -6.66136606	    -20.89440576	     45.20697459	     88.56505965
      1.13000000	      2.52364078	      7.48317603	     91.99225402	     -0.17796903	      0.95624180	     -0.31504276	     11.75558663	      5.34094145	     -7.17943621	     23.50652149	      0.41026620	      1.88894154	     -7.67028955	     -7.49999942	    -11.68659271	     -4.55911552	     -6.75113073	     44.07299443	      0.76921886	    -22.75229113	     -8.32812513	     -7.49999942	    -16.33130952	      4.10847972	     -2.21779758	     -6.05606150	     -3.26718480	    -29.31899413	     62.01558519	     90.95509661	      9.17412598	     -6.22390564	    -21.86763986	     44.62615652	     91.26591779
      1.14000000	      2.72562999	      7.73871650	     92.16679260	     -0.17773148	      0.95805003	     -0.32667427	     10.40658647	      5.67321872	     -7.13913840	     22.98693743	      0.40119774	      2.73145668	     -7.46132145	     -7.49999942	    -10.36861023	     -5.08627038	     -6.35790443	     46.94733565	      0.81938558	    -25.48454436	     -9.68232028	     -7.49999942	    -16.58567219	      4.36384388	     -1.92171074	     -6.09063314	     -3.43650674	    -29.35622369	     62.06212644	     90.79061885	      8.85641187	     -6.03996316	    -21.97554283	     44.09963234	     91.12625246
      1.15000000	      2.83191019	      7.34246061	     92.79467959	     -0.17859850	      0.95913876	     -0.33788278	      9.80106807	      5.62541514	     -8.21219814	     22.47958200	      0.39234272	      3.17306790	     -6.53614954	     -7.49999944	     -8.00486659	     -5.38633045	     -5.39588681	     50.07804449	      0.87402676	    -28.44775064	    -13.67975449	     -7.49999944	    -16.13148385	      4.68563162	     -2.07689854	     -6.29184549	     -3.50638471	    -29.57427004	     62.39149885	     90.47702822	      8.51684659	     -5.64178624	    -22.60759415	     43.46379777	     90.97531895
      1.16000000	      2.81641576	      7.58594535	     92.96558337	     -0.17832850	      0.96136613	     -0.34882092	      8.31932228	      5.71799215	     -8.39708408	     21.57918319	      0.37662780	      3.77426584	     -6.00972361	     -7.49999944	     -6.58387071	     -5.70098231	     -5.27865679	     52.58490218	      0.91777968	    -30.29193871	    -15.31453933	     -7.49999944	    -16.52772693	      4.66965871	     -1.75902061	     -6.15995515	     -3.64096020	    -29.65028016	     62.33824036	     90.53819711	      8.32089496	     -5.50557301	    -22.79244097	     42.90893956	     91.07417307
      1.17000000	      2.95223294	      7.25226659	     93.64225543	     -0.17900803	      0.96252243	     -0.35942611	      7.60425764	      5.75850605	     -9.53987047	     20.87159154	      0.36427799	      4.05197937	     -4.96407116	     -7.49999945	     -4.23955185	     -6.10685039	     -4.64141011	     55.28086108	      0.96483304	    -31.60017326	    -19.10316800	     -7.49999945	    -16.20952049	      4.99089740	     -1.94548304	     -6.21058238	     -3.65860706	    -29.93135068	     62.72399509	     90.42684641	      8.06108489	     -5.25480715	    -23.31826907	     42.26915070	     91.11069187
      1.18000000	      2.82290392	      6.78218960	     94.04804128	     -0.17923914	      0.96343125	     -0.36998121	      7.11559829	      5.56812993	    -10.17693487	     20.39212379	      0.35590970	      4.85724941	     -3.86205460	     -7.49999947	     -1.89088422	     -6.12426792	     -4.25929715	     57.59112771	      1.00515480	    -31.36214730	    -21.90744907	     -7.49999947	    -15.79866887	      4.88413238	     -1.90885078	     -6.14122351	     -3.71997666	    -30.07394701	     62.73163142	     89.97035529	      7.83327050	     -5.04259710	    -23.89631695	     41.53184802	     90.97576013
      1.19000000	      2.62696924	      6.81369427	     94.18417775	     -0.17883810	      0.96520124	     -0.38032920	      6.02174979	      5.48246408	    -10.20959499	     19.73214481	      0.34439090	      5.24334608	     -3.41831929	     -7.49999948	     -0.21831013	     -6.14762568	     -4.32826491	     59.50334396	      1.03852927	    -29.36347260	    -23.83308203	     -7.49999948	    -16.07477998	      4.61728906	     -1.59948091	     -5.96047652	     -3.78813088	    -30.07974940	     62.80352793	     89.85261126	      7.56499207	     -5.07221690	    -24.08301366	     41.18486557	     90.91759242
      1.20000000	      2.61321322	      6.60922630	     94.41123011	     -0.17882204	      0.96627650	     -0.39061962	      5.20235841	      5.55086156	    -10.37789195	     19.05712428	      0.33260956	      5.59897269	     -2.92358492	     -7.49999949	      1.80886206	     -6.21649674	     -4.09490696	     61.34524168	      1.07067645	    -26.59508704	    -25.90430970	     -7.49999949	    -16.02790757	      4.58468916	     -1.40193012	     -5.82268219	     -3.93204955	    -30.11116383	     62.99789054	     89.51040806	      7.20770618	     -5.04241805	    -24.20940413	     40.74840255	     90.62821202
      1.21000000	      2.60221923	      6.21555920	     94.72602740	     -0.17895707	      0.96705432	     -0.40070219	      4.69667944	      5.57815779	    -10.65123097	     18.58508711	      0.32437096	      5.93649845	     -2.51953292	     -7.49999950	      4.12051376	     -6.34532882	     -3.98569955	     63.08068582	      1.10096566	    -23.40502732	    -27.60557461	     -7.49999950	    -15.78443539	      4.59570980	     -1.29116726	     -5.71734333	     -4.05889066	    -30.22474915	     63.29393568	     89.22256868	      6.83927423	     -4.97710731	    -24.48221991	     40.25198997	     90.43314759
      1.22000000	      2.45435378	      5.91237500	     94.79697630	     -0.17838830	      0.96794775	     -0.41038935	      4.13247877	      5.50567880	    -10.66134983	     18.12766139	      0.31638738	      6.15991389	     -2.01233426	     -7.49999951	      6.27705166	     -6.29633781	     -4.04761801	     64.33698860	      1.12289228	    -20.83550828	    -28.49742333	     -7.49999951	    -15.75151057	      4.32073227	     -1.03106659	     -5.37165726	     -4.09146319	    -30.10910256	     63.45110871	     88.85696373	      6.48547889	     -5.09985787	    -24.61473188	     39.98749126	     90.08567823
      1.23000000	      2.44681022	      5.27223409	     95.03336917	     -0.17839451	      0.96805412	     -0.42027053	      3.94031673	      5.56493080	    -10.73796831	     17.63622734	      0.30781023	      6.55965162	     -1.74133930	     -7.49999953	      8.81949803	     -6.32455657	     -3.95723643	     65.37763485	      1.14105499	    -17.84619860	    -28.84932421	     -7.49999953	    -15.23982624	      4.25914014	     -0.93145866	     -5.22918693	     -4.27820051	    -29.97225816	     63.61873044	     88.36412645	      6.10621716	     -5.07609791	    -24.99027227	     39.42318493	     89.66474274
      1.24000000	      2.14161006	      5.14157565	     94.91422697	     -0.17820073	      0.96902779	     -0.43042396	      3.15319004	      5.33030679	    -10.47685993	     17.22342891	      0.30060554	      6.87921362	     -1.49976122	     -7.49999953	     10.47097882	     -6.03936112	     -4.29668572	     65.74401283	      1.14744949	    -15.67000662	    -29.53437596	     -7.49999953	    -15.34866945	      3.87937791	     -0.63116176	     -4.86837616	     -4.41581979	    -29.87192148	     63.75221145	     88.12800296	      5.60712671	     -5.17245157	    -25.15616533	     39.12677180	     89.41475633
      1.25000000	      2.04317439	      4.84464520	     94.63942568	     -0.17759144	      0.96945975	     -0.44029918	      2.54552504	      5.32241230	    -10.20509777	     16.70979717	      0.29164098	      7.05204976	     -1.13792432	     -7.49999958	     12.26488922	     -6.07902376	     -4.87061219	     65.89761794	      1.15013040	    -12.78551516	    -29.56322093	     -7.49999958	    -15.27591844	      3.64508825	     -0.04682974	     -4.69052068	     -4.74604211	    -29.44515379	     64.02073795	     85.78078677	      5.28555254	     -5.05786143	    -25.55316115	     38.66561288	     86.61738439
      1.26000000	      1.86993381	      4.49606479	     94.35642158	     -0.17685949	      0.96976601	     -0.45035353	      2.06113174	      5.21294188	     -9.95425085	     16.38004570	      0.28588573	      7.56595049	     -0.99189061	     -7.49999959	     14.01619669	     -5.99706168	     -5.42106795	     65.68983850	      1.14650397	    -11.20305327	    -29.95248933	     -7.49999959	    -15.11027205	      3.28928616	      0.39022431	     -4.35135162	     -4.84067507	    -29.29569994	     64.19694569	     85.40643371	      4.62302449	     -5.20580327	    -25.68426172	     38.57441595	     86.17433474
      1.27000000	      1.72626533	      4.52430949	     94.17832414	     -0.17660686	      0.97045289	     -0.46026133	      1.08944566	      5.07274697	    -10.25991930	     15.85494429	      0.27672098	      7.87679133	      0.45112299	     -7.49999960	     15.26892931	     -5.96090029	     -5.92040446	     65.18910347	      1.13776449	     -8.03738225	    -29.04482916	     -7.49999960	    -15.44622838	      3.09256410	      0.66592744	     -3.91029303	     -5.17585723	    -28.91501449	     64.36105332	     85.40464149	      4.14526093	     -5.24102629	    -26.25878262	     38.32007921	     85.92853759
      1.28000000	      1.61415615	      4.37499029	     94.06661232	     -0.17621507	      0.97064932	     -0.47035409	      0.35650788	      5.00353210	    -10.38298775	     15.45770069	      0.26978777	      8.21580480	      0.73660392	     -7.49999960	     16.63947382	     -5.90924679	     -6.32277725	     64.30008406	      1.12224818	     -6.97489122	    -29.12642421	     -7.49999960	    -15.48929744	      2.89326087	      0.95012871	     -3.61103697	     -5.24604430	    -28.80282342	     64.62158753	     85.38512172	      3.61744780	     -5.35676310	    -26.47918133	     38.05176109	     85.84435192
      1.29000000	      1.40608715	      4.63300415	     93.64047188	     -0.17554425	      0.97146959	     -0.48072565	     -0.91260754	      4.75253663	    -10.91301914	     14.91696915	      0.26035023	      8.70818816	      3.00475906	     -7.49999962	     17.23898118	     -5.93934496	     -7.24379575	     62.93944863	      1.09850061	     -4.79033789	    -27.58513880	     -7.49999962	    -16.02529220	      2.56139073	      1.36893678	     -3.20603717	     -5.57373749	    -28.26690399	     64.89182716	     85.90165345	      3.10176542	     -5.22742475	    -27.70124345	     37.84775717	     86.00801239
      1.30000000	      1.30703719	      4.68608585	     93.34916224	     -0.17498765	      0.97177732	     -0.49100563	     -1.87646328	      4.62738954	    -11.37717868	     14.50135554	      0.25309640	      9.00708085	      4.41736878	     -7.49999963	     18.04814855	     -5.95481330	     -7.90081029	     61.30427028	      1.06996136	     -3.61383230	    -26.96447455	     -7.49999963	    -16.30983971	      2.35833138	      1.72800158	     -2.83426277	     -5.75527656	    -28.02926544	     65.16489977	     86.39220611	      2.54408954	     -5.20140632	    -28.57489246	     37.65515892	     86.28337353
      1.31000000	      1.46701028	      4.38388689	     93.07043310	     -0.17439226	      0.97117418	     -0.50084522	     -2.29656438	      4.78963075	    -11.59632108	     14.30449027	      0.24966045	      9.24590688	      4.68390359	     -7.49999963	     19.29136119	     -6.20468004	     -8.43384365	     59.54096388	      1.03918586	     -2.98667680	    -26.84255730	     -7.49999963	    -16.17637504	      2.41055459	      2.15480689	     -2.48360362	     -5.92303572	    -27.90839313	     65.45074503	     86.31172880	      1.94522683	     -5.30084925	    -28.78760993	     37.41973540	     86.15777184
      1.32000000	      1.32658527	      4.49421858	     92.47763748	     -0.17361459	      0.97136948	     -0.51135014	     -3.31378560	      4.55259031	    -11.93367926	     13.93457269	      0.24320417	      9.34774517	      6.53151375	     -7.49999964	     19.67690152	     -6.25697280	     -9.54410296	     57.19086631	      0.99816892	     -2.04069401	    -25.79317721	     -7.49999964	    -16.45455482	      2.10225532	      2.79924586	     -2.18095426	     -6.26881030	    -27.41522376	     65.60398443	     86.53377559	      1.51574191	     -5.23625390	    -29.67546902	     36.87983452	     86.21645430
      1.33000000	      1.23513154	      4.92271005	     92.13767990	     -0.17306041	      0.97168547	     -0.52173415	     -4.71169336	      4.40100440	    -12.63370830	     13.49703067	      0.23556762	      9.89445884	      8.54055187	     -7.49999965	     19.66602211	     -6.29464484	    -10.48365929	     54.55917138	      0.95223718	     -1.21853485	    -24.73400427	     -7.49999965	    -17.16485341	      1.89138600	      3.13115824	     -1.74820899	     -6.44526260	    -27.07849291	     65.99823578	     87.05712060	      1.13147781	     -5.09712551	    -31.19238658	     36.66260699	     86.63926350
      1.34000000	      1.37549122	      4.75887470	     91.68658104	     -0.17257500	      0.97101303	     -0.53201039	     -5.29619821	      4.47538429	    -13.01224391	     13.30390200	      0.23219689	      9.95914195	      9.30330213	     -7.49999965	     20.25493978	     -6.57708396	    -11.54493045	     51.76004089	      0.90338313	     -0.81776482	    -23.86848680	     -7.49999965	    -17.14210498	      1.91731885	      3.65108499	     -1.40558788	     -6.71926081	    -26.78947952	     66.16887205	     87.11842852	      0.54037700	     -5.05104722	    -31.80522429	     36.31637193	     86.71892158
      1.35000000	      1.72008205	      4.58769880	     91.38790106	     -0.17244741	      0.96984587	     -0.54254632	     -5.96284376	      4.81253013	    -13.19774255	     12.99506184	      0.22680662	     10.16613016	      9.70638274	     -7.49999965	     20.97721771	     -6.71468318	    -11.71860615	     49.04485578	      0.85599421	     -0.55462552	    -23.63722983	     -7.49999965	    -17.02745198	      2.25508332	      4.07494672	     -1.14923356	     -6.95853414	    -26.66863707	     66.52420546	     87.20466816	     -0.12769239	     -5.03662901	    -32.13326452	     35.96197413	     86.78978463
      1.36000000	      1.56423533	      5.08153867	     90.71173473	     -0.17189173	      0.96984191	     -0.55319702	     -7.29183971	      4.48040092	    -13.57981252	     12.86273066	      0.22449700	     10.52946822	     11.34324656	     -7.49999966	     20.40657118	     -6.62491485	    -13.05308475	     45.54815116	      0.79496521	      0.07931687	    -21.90909585	     -7.49999966	    -17.72362927	      1.91541987	      4.65863119	     -0.73323926	     -7.32258686	    -26.06404359	     66.71466095	     87.36980043	     -0.49211316	     -4.90074689	    -33.38781220	     35.53808348	     86.95560735
      1.37000000	      1.59613369	      5.28714369	     90.31505851	     -0.17185808	      0.96917772	     -0.56375366	     -8.26999368	      4.38457673	    -13.92142436	     12.78470125	      0.22313513	     10.87087331	     12.44431333	     -7.49999967	     20.23498803	     -6.64517596	    -14.28491778	     42.03540654	      0.73365625	      0.34734967	    -20.15985855	     -7.49999967	    -18.09276601	      1.85921035	      5.11718588	     -0.48702564	     -7.57438878	    -25.81981019	     67.11952551	     87.40120601	     -0.85982376	     -4.57874155	    -34.94737820	     35.21974719	     87.31025541
      1.38000000	      1.86357603	      5.17165588	     89.70503934	     -0.17123163	      0.96775314	     -0.57432820	     -8.82371578	      4.50831659	    -13.92260623	     12.89301764	      0.22502561	     11.23775827	     13.20152580	     -7.49999968	     20.48330460	     -6.79184919	    -15.02021532	     38.67439916	      0.67499560	      0.49961812	    -18.65709565	     -7.49999968	    -18.05376048	      2.00793513	      5.72754099	     -0.15315091	     -7.86815157	    -25.46206861	     67.28459791	     87.38378983	     -1.30208952	     -4.46781705	    -35.79040900	     34.64743223	     87.43803821
      1.39000000	      1.84728585	      5.19399620	     89.24752205	     -0.17135650	      0.96661673	     -0.58478994	     -9.50172418	      4.33013226	    -13.87834439	     13.03143086	      0.22744137	     11.64340392	     13.59161124	     -7.49999969	     20.38432829	     -6.67924910	    -16.42586588	     34.91579850	      0.60939564	      0.55593110	    -15.99029358	     -7.49999969	    -18.19060974	      1.90524670	      6.15362374	      0.18201339	     -8.12438262	    -25.18187872	     67.47497081	     87.30373074	     -1.79764132	     -4.35238637	    -36.52638952	     34.31515350	     87.50326244
      1.40000000	      1.86535817	      5.08402710	     88.77939952	     -0.17163544	      0.96515213	     -0.59530880	    -10.02045971	      4.18125322	    -13.76434513	     13.18332212	      0.23009238	     12.10107526	     13.85113956	     -7.49999969	     20.36536092	     -6.46632803	    -17.62328216	     31.10675874	      0.54291536	      0.85377197	    -12.99728946	     -7.49999969	    -18.17346198	      1.86636308	      6.55613405	      0.52677988	     -8.39822138	    -24.88593459	     67.62540400	     87.38194402	     -2.29176366	     -4.21134443	    -37.25819241	     33.90791297	     87.71156499
      1.41000000	      1.86816246	      5.07267239	     88.36174918	     -0.17218313	      0.96377321	     -0.60609110	    -10.63888456	      4.01364543	    -13.53432430	     13.38702532	      0.23364767	     12.38403724	     13.84147901	     -7.49999970	     20.26809050	     -6.17822206	    -18.76296302	     27.44752002	      0.47904960	      1.35857232	     -9.38028881	     -7.49999970	    -18.25088572	      1.83235581	      6.98076709	      0.70953704	     -8.66732347	    -24.69336758	     67.93721480	     87.38000964	     -2.62945970	     -3.94550984	    -38.36545690	     33.52806332	     87.90328386
      1.42000000	      1.85754116	      4.71175487	     88.07827327	     -0.17311123	      0.96185019	     -0.61669390	    -10.78485125	      3.82651156	    -13.41891202	     13.78937055	      0.24066992	     12.77704987	     13.49829649	     -7.49999970	     20.60575012	     -5.68262764	    -19.28485643	     23.83453989	      0.41599120	      1.55285592	     -6.19946618	     -7.49999970	    -17.91365159	      1.86287813	      7.11458553	      1.00489350	     -8.87993689	    -24.30605276	     67.97172606	     87.46440187	     -3.19199655	     -3.80721180	    -38.89825535	     33.16299563	     88.05588338
      1.43000000	      1.76102471	      4.53226434	     87.53980007	     -0.17385635	      0.96017526	     -0.62712296	    -11.03357909	      3.46808233	    -13.08308941	     14.35823695	      0.25059851	     13.27083292	     13.45468056	     -7.49999970	     20.65357566	     -5.25323011	    -20.60312143	     20.31163370	      0.35450488	      1.80627193	     -1.53722977	     -7.49999970	    -17.86335299	      1.73756688	      7.53320276	      1.39877315	     -9.21516083	    -24.09057459	     68.00754753	     87.53005535	     -3.45076315	     -3.53430200	    -40.03413321	     32.61134621	     88.26737216
      1.44000000	      1.50730958	      4.32730853	     87.24634056	     -0.17544375	      0.95849773	     -0.63773039	    -11.25079831	      2.97413015	    -12.71905703	     14.90763460	      0.26018731	     13.63787888	     13.01863285	     -7.49999971	     20.67911812	     -4.43100586	    -21.29879550	     16.75958814	      0.29250999	      1.79810846	      2.76290568	     -7.49999971	    -17.76489268	      1.54143755	      7.68679442	      1.70063657	     -9.47818243	    -23.91892799	     68.11793356	     87.41793337	     -3.73638700	     -3.13752106	    -41.24608431	     32.24940418	     88.41229204
      1.45000000	      1.49929755	      3.88054698	     86.87713328	     -0.17606781	      0.95643247	     -0.64834400	    -11.18342705	      2.73029025	    -12.71785284	     15.52734469	      0.27100329	     13.90492206	     13.08975023	     -7.49999972	     21.13664224	     -4.01968005	    -21.67144944	     13.89449596	      0.24250470	      1.64263695	      6.14416286	     -7.49999972	    -17.34698323	      1.50338042	      7.89246676	      2.05536124	     -9.56995572	    -23.71921136	     67.96752534	     87.38474559	     -4.02428340	     -2.95153371	    -42.33268521	     31.73932761	     88.58508146
      1.46000000	      1.30396793	      3.35923773	     86.57097785	     -0.17744042	      0.95429021	     -0.65863828	    -10.86364229	      2.22512022	    -12.64154576	     16.43688406	      0.28687775	     14.24400020	     12.98246374	     -7.49999974	     21.50798565	     -3.32783671	    -22.17455204	     10.92960369	      0.19075757	      1.18013750	      9.10195163	     -7.49999974	    -16.90766446	      1.35329823	      7.95482075	      2.42347384	     -9.78936809	    -23.37079333	     67.88563395	     86.45542671	     -4.40953519	     -2.68916240	    -42.99731474	     31.44075585	     87.36285818
      1.47000000	      1.08338582	      2.75930553	     86.25947641	     -0.17889980	      0.95190999	     -0.66926371	    -10.46083688	      1.65442788	    -12.61290779	     17.38625075	      0.30344732	     14.60558907	     13.21016936	     -7.49999975	     21.89704488	     -2.62824577	    -22.56089006	      8.23809944	      0.14378196	      0.46352058	     11.29229311	     -7.49999975	    -16.31522370	      1.18052008	      8.02232386	      2.74268013	     -9.94678803	    -23.13362261	     67.67747563	     86.51741695	     -4.68370125	     -2.48601864	    -43.86930706	     30.98199774	     87.04422629
      1.48000000	      0.77322712	      2.30097856	     86.00676982	     -0.18062584	      0.94982542	     -0.67997294	    -10.16221259	      0.94525163	    -12.66235981	     18.41410035	      0.32138668	     14.82640778	     13.42602917	     -7.49999976	     22.12003426	     -1.83312663	    -22.91520380	      6.00465866	      0.10480106	     -0.38082965	     12.68292872	     -7.49999976	    -15.88086428	      0.92201525	      8.00991149	      3.05339650	    -10.04925300	    -23.00296207	     67.52356421	     86.50157191	     -5.06152968	     -2.30903805	    -44.21102365	     30.62899141	     86.06449791
      1.49000000	      0.61145684	      1.81683905	     85.81266898	     -0.18194514	      0.94756197	     -0.69121286	     -9.94737066	      0.44659301	    -12.70704059	     19.27447888	      0.33640312	     14.84917450	     13.78190809	     -7.49999978	     22.64049883	     -1.37758502	    -23.06048464	      4.92830340	      0.08601512	     -1.04559977	     12.77704092	     -7.49999978	    -15.34012244	      0.79818656	      7.97760864	      3.26928648	     -9.97208203	    -23.06716079	     67.37370120	     86.54640213	     -5.24751835	     -2.12211019	    -45.27284646	     30.10705689	     85.90883158
      1.50000000	      0.56681597	      1.72868630	     85.50422792	     -0.18254786	      0.94576922	     -0.70314392	    -10.30530277	      0.10817453	    -12.38998377	     19.87094444	      0.34681341	     14.65639385	     14.02581197	     -7.49999980	     23.05266635	     -1.36067979	    -23.50269587	      5.31405294	      0.09274772	     -0.63536700	     13.09512203	     -7.49999980	    -15.16069444	      0.65018901	      8.07080811	      3.36124573	     -9.89020586	    -22.99559917	     67.27949639	     86.41897421	     -5.75012693	     -2.18079484	    -45.20704484	     29.89386256	     84.86553183
      1.51000000	      0.35350422	      1.76297602	     85.31747814	     -0.18362604	      0.94432327	     -0.71536250	    -10.82337504	     -0.42810275	    -12.12605313	     20.41483648	      0.35630611	     14.18132213	     14.17677572	     -7.49999980	     23.14246162	     -1.11906644	    -23.65041010	      5.80573940	      0.10132927	     -0.51951378	     12.98472627	     -7.49999980	    -15.12219971	      0.37351556	      7.93982952	      3.48412062	     -9.71719553	    -22.96584500	     67.19387186	     86.44543632	     -6.19833204	     -2.23433805	    -45.33536207	     29.64287425	     84.90250451
      1.52000000	      0.06230578	      1.97680699	     85.02654289	     -0.18438742	      0.94314503	     -0.72849959	    -11.60515356	     -1.04660008	    -11.61947432	     20.87720477	      0.36437596	     13.69616537	     14.31720455	     -7.49999980	     22.99716727	     -0.90456813	    -23.72329806	      6.77441485	      0.11823584	     -0.31261445	     12.57799881	     -7.49999980	    -15.12313125	     -0.06401073	      7.91157346	      3.44078013	     -9.51104766	    -22.97493085	     67.03488352	     86.47530140	     -6.58980643	     -2.35125089	    -45.60814108	     29.26948451	     84.90696458
      1.53000000	     -0.01812219	      2.42443681	     84.71323609	     -0.18445967	      0.94216713	     -0.74206738	    -12.71973886	     -1.40915915	    -10.99193398	     21.21406488	      0.37025528	     12.99876359	     14.43497200	     -7.49999980	     22.65718000	     -1.04653873	    -23.66537003	      8.48217412	      0.14804187	      0.39770107	     11.85116485	     -7.49999980	    -15.31687995	     -0.38392399	      7.96646000	      3.35207611	     -9.19761975	    -23.06931080	     66.86352619	     86.51866180	     -7.04597919	     -2.48496020	    -45.91060639	     29.03060892	     84.91984447
      1.54000000	     -0.07110596	      2.75580030	     84.45193821	     -0.18492070	      0.94114611	     -0.75562048	    -13.68267494	     -1.77416223	    -10.47981167	     21.56013565	      0.37629535	     12.02431744	     14.56102463	     -7.49999980	     22.21044568	     -1.12013073	    -23.30974958	      9.96367741	      0.17389898	      0.76003329	     11.03522265	     -7.49999980	    -15.40465850	     -0.61274482	      7.96343503	      3.21407409	     -8.91918510	    -23.17063567	     66.74194198	     86.59298876	     -7.42139065	     -2.57527057	    -46.21662607	     28.76842847	     84.93061662
      1.55000000	     -0.30194276	      3.02269504	     84.29037900	     -0.18577224	      0.94011191	     -0.76972472	    -14.56340187	     -2.31143498	     -9.95876345	     21.98676918	      0.38374151	     10.98837866	     14.58267033	     -7.49999980	     21.64252930	     -0.93372645	    -23.03489587	     11.30585914	      0.19732447	      0.45844728	     10.28465042	     -7.49999980	    -15.33527293	     -1.01604596	      7.86616579	      2.86431179	     -8.66827178	    -23.26420593	     66.64012722	     86.64170908	     -7.83962936	     -2.70465609	    -46.44532048	     28.51653399	     84.92599949
      1.56000000	     -0.29408271	      3.57224771	     84.07039060	     -0.18588231	      0.93948073	     -0.78430999	    -15.85553433	     -2.56665355	     -9.37304402	     22.17862713	      0.38709007	      9.56672724	     14.43806849	     -7.49999980	     21.08696344	     -1.11741245	    -23.45341798	     13.26010083	      0.23143242	     -0.63881662	      8.01471023	     -7.49999980	    -15.51823189	     -1.27453642	      7.83145235	      2.54466710	     -8.25849234	    -23.47516769	     66.50423163	     86.71840382	     -8.29725161	     -2.86348735	    -46.69922382	     28.28676462	     84.93454923
      1.57000000	     -0.53938398	      3.89891135	     84.13127360	     -0.18692285	      0.93919336	     -0.79813801	    -16.75581275	     -2.96696854	     -8.56837720	     22.54491680	      0.39348303	      7.84858339	     13.38254310	     -7.49999983	     20.65595166	     -0.60106766	    -22.47057070	     13.89784647	      0.24256318	     -2.52793855	      3.44743900	     -7.49999983	    -15.62490769	     -1.65336075	      7.45283622	      2.37139912	     -7.74651347	    -23.95637901	     66.24377862	     87.76484585	     -8.39052135	     -2.99477445	    -47.23984506	     27.92373991	     84.34857083
      1.58000000	     -1.04202388	      4.06267333	     84.21822350	     -0.18799502	      0.93894438	     -0.81167413	    -17.14278868	     -3.70268328	     -8.14652015	     23.47745144	      0.40975883	      6.08226062	     12.90159055	     -7.49999984	     20.55889515	      0.06423383	    -21.41777258	     14.94787883	      0.26088970	     -3.28796657	      1.37427145	     -7.49999984	    -15.48828388	     -2.35232921	      7.04927200	      2.20004994	     -7.24662104	    -24.22330246	     65.75847481	     87.39063299	     -8.43986926	     -3.17935338	    -47.63369632	     27.50331693	     83.31532484
      1.59000000	     -1.66254593	      4.14266825	     84.39967738	     -0.18969682	      0.93896814	     -0.82521840	    -17.29265826	     -4.58181699	     -7.95210888	     24.64000650	      0.43004924	      4.09088824	     12.33475470	     -7.49999984	     20.27411965	      0.88583582	    -20.87783420	     15.76177656	      0.27509490	     -4.56429225	      1.58826429	     -7.49999984	    -15.32027490	     -3.08212695	      6.53660291	      1.94268479	     -6.85409451	    -24.44683212	     65.36286550	     87.45103792	     -8.49728553	     -3.40527641	    -47.65228004	     27.10319432	     83.39048728
      1.60000000	     -2.48000664	      4.22825322	     84.56183892	     -0.19101566	      0.93948953	     -0.83922546	    -17.41757560	     -5.57996738	     -7.57244409	     25.76931408	      0.44975938	      1.70887450	     11.04784847	     -7.49999984	     19.85760409	      1.86754090	    -20.43935355	     16.67894905	      0.29110258	     -5.73273094	      2.05638831	     -7.49999984	    -15.00962687	     -4.07876292	      6.01660642	      1.75637222	     -6.12331822	    -25.10533427	     64.56352613	     87.59303101	     -8.50843841	     -3.78435597	    -47.70497335	     26.44204901	     83.54398291
      1.61000000	     -3.16813296	      4.56942924	     84.59768125	     -0.19232667	      0.94046231	     -0.85333238	    -17.68816699	     -6.55069833	     -7.20061389	     27.07748978	      0.47259135	     -0.92863553	     10.35076158	     -7.49999984	     19.34633999	      2.73537369	    -19.72025427	     18.01139798	      0.31435820	     -5.57634045	      1.52138024	     -7.49999984	    -15.05707141	     -4.94820906	      5.64410923	      1.39678710	     -5.67598631	    -25.39055413	     64.13762618	     87.65072036	     -8.45882206	     -4.02970081	    -47.76537174	     26.03164098	     83.58213810
      1.62000000	     -3.98353555	      4.73089920	     85.00696668	     -0.19473851	      0.94155028	     -0.86785144	    -17.78174807	     -7.51799906	     -7.07346709	     28.32989399	      0.49444993	     -4.23036962	      8.75299814	     -7.49999984	     18.69472854	      4.09675403	    -18.34864727	     18.35625797	      0.32037714	     -5.91222838	     -0.72560115	     -7.49999984	    -14.82268922	     -5.79057409	      5.07438423	      0.96337965	     -5.03676668	    -26.39199907	     63.50497069	     88.94379018	     -8.34731063	     -4.26888393	    -47.68685334	     25.47846576	     83.81340645
      1.63000000	     -4.38393048	      4.86316821	     85.09574437	     -0.19664304	      0.94228811	     -0.88185840	    -17.52923808	     -8.18238672	     -6.73271126	     29.92400411	      0.52227240	     -8.04654887	      7.30908472	     -7.49999985	     18.22715741	      4.86772499	    -17.08068277	     19.20353483	      0.33516491	     -5.43422499	     -4.15163772	     -7.49999985	    -14.67656316	     -6.24273238	      4.90271190	      0.38819192	     -4.65530261	    -27.05468201	     63.26736663	     87.98200359	     -8.22803821	     -4.39537385	    -47.13802805	     25.26076713	     82.17923327
      1.64000000	     -4.81396252	      4.93297193	     85.26844900	     -0.19863764	      0.94304254	     -0.89591790	    -17.06045573	     -8.83039014	     -6.37235080	     31.65695621	      0.55251812	    -12.27809381	      5.58705090	     -7.49999985	     17.69019022	      5.76935113	    -15.59833454	     19.98842948	      0.34886391	     -4.53457574	     -6.04048573	     -7.49999985	    -14.43451376	     -6.68284207	      4.43264627	     -0.09906035	     -4.50854721	    -27.08237386	     62.81406622	     88.77624127	     -8.15472771	     -4.50225258	    -47.08113783	     24.95081923	     82.17809501
      1.65000000	     -5.00811923	      4.80074082	     85.35328518	     -0.20061490	      0.94354219	     -0.90906057	    -16.06245816	     -9.19221460	     -5.53975111	     33.69810730	      0.58814292	    -16.60892511	      3.42158634	     -7.49999985	     17.40437608	      6.38651924	    -14.39230837	     20.78908166	      0.36283792	     -3.46909342	     -6.99137696	     -7.49999985	    -14.13146757	     -6.86537952	      4.23408472	     -0.56389782	     -4.33673513	    -27.46303752	     62.47863255	     88.05832252	     -7.88245222	     -4.49860428	    -46.81240538	     24.86443818	     81.38162243
      1.66000000	     -5.26533691	      4.74615123	     85.31896809	     -0.20219812	      0.94428645	     -0.92213366	    -14.93976748	     -9.65686354	     -4.65480667	     35.94584891	      0.62737342	    -20.03383512	      1.85607506	     -7.49999986	     16.84367021	      7.00406480	    -13.40606832	     21.20289602	      0.37006035	     -2.44514762	     -8.28281409	     -7.49999986	    -13.88639419	     -7.15766649	      4.12040581	     -1.05447489	     -4.21212212	    -27.73407941	     62.13728140	     88.64703031	     -7.59013298	     -4.54339510	    -46.58516378	     24.75794746	     81.59442065
      1.67000000	     -5.43162815	      4.74760243	     85.10205012	     -0.20333725	      0.94526557	     -0.93478451	    -13.66785226	    -10.02323910	     -3.50529149	     38.41490759	      0.67046662	    -22.93924675	      0.78816063	     -7.49999986	     16.14885984	      7.42101511	    -12.85864659	     21.44773648	      0.37433362	     -1.51871586	     -9.00133970	     -7.49999986	    -13.77547276	     -7.40504895	      4.07727610	     -1.29974631	     -3.96031227	    -28.12902640	     61.69666301	     88.33750471	     -7.28497801	     -4.58826579	    -46.20413183	     24.87730958	     81.27340962
      1.68000000	     -5.57138566	      4.65739188	     85.07784355	     -0.20448858	      0.94643913	     -0.94709435	    -12.22677166	    -10.29459780	     -2.70467500	     40.99960709	      0.71557814	    -26.19521328	     -0.99019468	     -7.49999986	     15.45979886	      7.83255072	    -12.24874602	     21.54050021	      0.37595265	     -0.62985751	     -9.32951933	     -7.49999986	    -13.63536921	     -7.60310909	      3.87981889	     -1.56712923	     -3.76436830	    -28.41968550	     61.22341776	     89.09713376	     -6.77612201	     -4.67139635	    -46.14965386	     24.84754133	     82.06711010
      1.69000000	     -5.79304329	      4.66742248	     84.77512238	     -0.20529935	      0.94798576	     -0.95886687	    -10.60037077	    -10.79928435	     -1.93103241	     43.81956857	      0.76479575	    -29.26203473	     -3.12459516	     -7.49999986	     14.51460556	      8.23131959	    -12.34835439	     21.20180948	      0.37004138	     -0.01511374	     -9.32674792	     -7.49999986	    -13.64773385	     -7.93100184	      3.86458159	     -1.65995895	     -3.62201802	    -28.57974625	     60.65511168	     88.05351250	     -6.26988984	     -4.70753636	    -45.63483326	     25.07214609	     80.99423937
      1.70000000	     -5.91502988	      4.64087357	     84.58658799	     -0.20621143	      0.94963266	     -0.97038642	     -8.90235911	    -11.17418590	     -1.44880661	     46.52361685	      0.81199029	    -31.89907160	     -5.46249284	     -7.49999986	     13.50023087	      8.51006984	    -12.57875294	     20.67661809	      0.36087506	      0.70626521	     -8.58092899	     -7.49999986	    -13.69452812	     -8.11887722	      3.68419741	     -1.61731685	     -3.42735746	    -28.93537681	     59.97306115	     90.75388637	     -5.47399516	     -4.68097799	    -46.37178518	     25.00090311	     83.55379782
      1.71000000	     -6.12848421	      4.69245362	     84.23643769	     -0.20698871	      0.95138155	     -0.98180919	     -7.16751203	    -11.74512006	     -1.00056835	     49.14594238	      0.85775851	    -33.40876262	     -8.04529968	     -7.49999986	     12.36656739	      8.88090828	    -13.06207609	     20.00393647	      0.34913455	      1.29192140	     -7.93488986	     -7.49999986	    -13.80078605	     -8.42871395	      3.63181052	     -1.60662045	     -3.36743081	    -28.97090135	     59.34959612	     90.68413472	     -4.88570608	     -4.69317923	    -46.04005040	     25.28664589	     83.74900401
      1.72000000	     -6.17257694	      4.56697219	     83.95075585	     -0.20780662	      0.95296867	     -0.99283641	     -5.22365643	    -11.99594027	     -0.51672024	     51.61974206	      0.90093446	    -33.84471955	    -10.73703054	     -7.49999986	     11.34841236	      9.04106008	    -13.67488465	     19.19469272	      0.33501059	      1.84109656	     -6.89952021	     -7.49999986	    -13.77202780	     -8.52942357	      3.54891392	     -1.54471674	     -3.33299223	    -29.01840489	     58.63599056	     90.58629856	     -4.22097494	     -4.72861118	    -45.64573975	     25.56703076	     83.92168139
      1.73000000	     -6.04126498	      4.30547579	     83.63244645	     -0.20827604	      0.95450149	     -1.00353528	     -3.05674845	    -11.96246377	     -0.03104247	     54.00398512	      0.94254735	    -32.94442004	    -13.50550700	     -7.49999986	     10.51233748	      8.91846099	    -14.59706739	     18.47981454	      0.32253361	      2.45863174	     -5.36595558	     -7.49999986	    -13.64031444	     -8.45781501	      3.52477700	     -1.42164443	     -3.28083882	    -29.03179937	     57.81468175	     90.36654429	     -3.46658428	     -4.79072932	    -45.14757001	     25.87690512	     84.06014830
      1.74000000	     -5.98262422	      4.15059070	     83.40606868	     -0.20943293	      0.95588655	     -1.01439178	     -0.99356473	    -12.06731307	      0.18120646	     56.24868712	      0.98172479	    -30.74100151	    -15.55978657	     -7.49999986	      9.57627983	      8.96970068	    -15.32511706	     17.80783456	      0.31080535	      2.91308983	     -4.22780787	     -7.49999986	    -13.57016916	     -8.33646897	      3.41759206	     -1.34676010	     -3.42719780	    -28.97626419	     57.10197678	     90.11320908	     -2.78815878	     -4.73185956	    -44.46165226	     26.16845462	     84.08247340
      1.75000000	     -5.78598726	      4.09184598	     83.27265086	     -0.21035284	      0.95766410	     -1.02530207	      0.84133513	    -11.87403404	      0.41779787	     58.10826610	      1.01418057	    -27.68441462	    -17.57958919	     -7.49999986	      8.42280129	      8.97875118	    -15.45566802	     16.88586890	      0.29471401	      3.53966414	     -3.44983541	     -7.49999986	    -13.66564651	     -8.11412138	      3.16823823	     -1.25626068	     -3.48218281	    -28.91554906	     56.45579798	     89.88535084	     -2.02049879	     -4.75492642	    -43.97550472	     26.52895947	     84.00796482
      1.76000000	     -5.76670334	      3.62021339	     82.86996521	     -0.21102946	      0.95852711	     -1.03576121	      3.43548774	    -11.85609860	      0.80400747	     60.10167990	      1.04897220	    -24.35771191	    -19.55761892	     -7.49999987	      7.83839024	      8.96129172	    -16.72293439	     16.11006113	      0.28117361	      3.95541623	     -1.44271604	     -7.49999987	    -13.25212506	     -8.07975054	      3.25026081	     -1.17960536	     -3.55630014	    -28.94163837	     55.67535327	     89.75757817	     -1.45868249	     -4.85584096	    -42.70105035	     27.15526721	     84.17790363
      1.77000000	     -5.58465888	      3.41163773	     82.73749567	     -0.21198489	      0.95981417	     -1.04669757	      5.49576345	    -11.59858857	      0.97625760	     61.56600617	      1.07452951	    -21.48269917	    -21.38101502	     -7.49999987	      6.86391702	      8.93061265	    -17.32247293	     15.26165541	      0.26636614	      4.47075422	      0.04601780	     -7.49999987	    -13.10150513	     -7.82732980	      3.14635723	     -1.19522175	     -3.65657943	    -29.04455035	     55.02485948	     90.03547360	     -0.81122502	     -5.00004485	    -41.41838370	     27.58171833	     84.59236445
      1.78000000	     -5.22380481	      3.33685022	     82.93874565	     -0.21358932	      0.96128617	     -1.05682891	      7.31292610	    -11.20554595	      0.73920386	     62.64719622	      1.09339984	    -19.31011356	    -22.98170734	     -7.49999987	      5.82449350	      8.83884940	    -16.98510039	     14.46241287	      0.25241672	      4.66477641	      0.49841168	     -7.49999987	    -13.39465222	     -7.27560998	      2.71277160	     -1.09464130	     -3.84307510	    -29.04278441	     54.67334619	     90.08256101	      0.27503716	     -4.89172642	    -41.05678830	     27.90578445	     84.67185487
      1.79000000	     -5.17019583	      2.81727864	     83.02410733	     -0.21442220	      0.96174930	     -1.06762176	      9.64177325	    -11.00807339	      0.63730598	     63.58436524	      1.10975653	    -16.79330499	    -25.24047551	     -7.49999987	      5.29453183	      8.89116382	    -17.37964118	     13.77314122	      0.24038666	      5.17020251	      1.89364242	     -7.49999987	    -12.81624925	     -7.19399508	      2.39573706	     -1.14214322	     -3.81962736	    -29.11778614	     53.81615837	     90.36658540	      0.83246109	     -5.29526930	    -39.52870254	     28.35503695	     85.12170369
      1.80000000	     -4.89303031	      2.74541423	     83.22522044	     -0.21604707	      0.96288352	     -1.07818468	     11.31492520	    -10.74322114	      0.23862834	     64.04808477	      1.11784996	    -14.89477534	    -26.80323591	     -7.49999987	      4.13654108	      8.90411154	    -17.08872126	     12.81820098	      0.22371981	      5.28814099	      2.42543419	     -7.49999987	    -12.95671860	     -6.74862624	      2.10049056	     -1.22207376	     -4.05484973	    -29.18065009	     53.44800503	     90.50187591	      1.90616245	     -5.20751280	    -39.15274561	     28.69311279	     85.27758310
      1.81000000	     -4.78936081	      2.59510835	     83.66072463	     -0.21776790	      0.96360905	     -1.08910761	     12.94666295	    -10.71804501	     -0.45607790	     64.29689683	      1.12219255	    -12.31606155	    -27.83927068	     -7.49999987	      3.12966295	      9.03994234	    -17.02021394	     11.98313710	      0.20914520	      5.77297415	      3.93314351	     -7.49999987	    -12.96474434	     -6.47226130	      1.41256222	     -1.26211156	     -4.04213781	    -29.42184830	     53.05009361	     90.76639024	      2.45936014	     -5.44329467	    -37.56014105	     29.52349475	     85.72031577
      1.82000000	     -4.49523044	      2.54391602	     83.92669459	     -0.21908545	      0.96449631	     -1.10003393	     14.36949852	    -10.30878138	     -0.85238036	     64.06744129	      1.11818779	    -10.45384845	    -29.31014216	     -7.49999987	      1.95055606	      8.98078337	    -16.85417865	     11.04905257	      0.19284235	      5.72653929	      4.46875293	     -7.49999987	    -12.96547022	     -6.09582216	      1.22075159	     -1.56854230	     -4.25329571	    -29.46546295	     52.61832356	     91.05607485	      3.59052708	     -5.49316850	    -37.13972840	     29.82066259	     86.00946155
      1.83000000	     -4.31997075	      2.41895491	     84.37778139	     -0.22073642	      0.96495642	     -1.11069947	     15.83688772	    -10.19939037	     -1.61816789	     63.68860799	      1.11157591	     -7.93575879	    -29.34839546	     -7.49999987	      0.98481539	      8.97072868	    -16.92637823	     10.34542948	      0.18056181	      6.08015336	      5.98682608	     -7.49999987	    -13.03705305	     -5.77898525	      0.72135080	     -1.71289357	     -4.25047781	    -29.89223073	     52.37722616	     91.33275865	      4.20227028	     -5.98914469	    -34.63302715	     30.58801122	     86.66825363
      1.84000000	     -4.08482617	      2.13856026	     84.95748931	     -0.22242148	      0.96505662	     -1.12101998	     17.35716877	    -10.00171887	     -2.51702679	     62.99929669	      1.09954515	     -5.88776901	    -29.53193687	     -7.49999987	      0.29822784	      8.84800393	    -16.66515583	      9.85225793	      0.17195434	      6.36077820	      6.81621836	     -7.49999987	    -12.95083034	     -5.37142098	      0.11559087	     -1.88479593	     -4.32656029	    -30.03580167	     52.09734062	     91.38571494	      5.28598222	     -6.07753796	    -34.05490387	     30.98065234	     86.78814678
      1.85000000	     -3.99357876	      2.09163785	     85.45006999	     -0.22434349	      0.96512302	     -1.13160324	     18.59192219	     -9.97827442	     -3.25774415	     62.03197652	      1.08266223	     -4.29824023	    -29.29847798	     -7.49999987	     -0.78068775	      8.92358563	    -16.75406299	      9.07215376	      0.15833895	      6.53432534	      8.32185854	     -7.49999987	    -13.08199587	     -5.13870843	     -0.37558131	     -2.03466028	     -4.43098452	    -30.37297163	     51.79861547	     91.64449377	      6.16414150	     -6.31077128	    -32.59382966	     31.69216173	     87.20248889
      1.86000000	     -3.85890173	      1.95277694	     86.06931415	     -0.22619679	      0.96497650	     -1.14233408	     19.74943989	     -9.86296970	     -4.07390083	     60.69957048	      1.05940736	     -3.12440531	    -29.22218822	     -7.49999987	     -1.70627551	      8.91078768	    -16.57737387	      8.48214283	      0.14804132	      6.83871606	      9.34063747	     -7.49999987	    -13.12362312	     -4.84967429	     -1.00926653	     -2.29713978	     -4.44615785	    -30.65678555	     51.66212493	     91.74767250	      7.00441000	     -6.44055412	    -31.83166069	     32.37364813	     87.40993196
      1.87000000	     -3.82152130	      2.01851021	     86.69362463	     -0.22812537	      0.96479800	     -1.15298455	     20.63700014	     -9.88684590	     -4.88497417	     59.17778121	      1.03284713	     -2.25533704	    -28.88280426	     -7.49999987	     -2.82870212	      8.98955179	    -16.57354913	      7.89730317	      0.13783394	      7.14700018	     10.85840691	     -7.49999987	    -13.35499324	     -4.66655960	     -1.54646338	     -2.50132585	     -4.48873690	    -31.09731188	     51.45881345	     91.95036552	      8.13590153	     -6.62177260	    -30.69148114	     32.88076846	     87.77797571
      1.88000000	     -3.82751476	      1.86991526	     87.27376287	     -0.22995768	      0.96411007	     -1.16359781	     21.69579428	     -9.89342302	     -5.64034532	     57.36731482	      1.00124853	     -1.68172806	    -28.58795842	     -7.49999987	     -3.67069784	      9.09799417	    -16.42432480	      7.39613264	      0.12908687	      7.31590331	     11.74686929	     -7.49999987	    -13.31830348	     -4.54414331	     -2.09562765	     -2.74780889	     -4.53969262	    -31.37723797	     51.25086793	     92.04406619	      9.12363431	     -6.71494594	    -30.00374092	     33.47725702	     87.97102679
      1.89000000	     -4.09469121	      1.74214647	     87.58854349	     -0.23130292	      0.96295138	     -1.17376357	     22.88294228	     -9.97986832	     -5.90141979	     55.49499866	      0.96857045	     -1.49751933	    -28.67357225	     -7.49999987	     -4.45884331	      9.48373028	    -16.59241740	      6.90511839	      0.12051705	      7.52864006	     12.14836612	     -7.49999987	    -13.34485442	     -4.78180952	     -2.53042863	     -2.90259529	     -4.56258524	    -31.44119522	     51.12243768	     92.18700679	     10.28643597	     -6.79593999	    -29.74287817	     33.94093521	     88.12820548
      1.90000000	     -3.83815256	      2.20964923	     88.66892483	     -0.23339056	      0.96288743	     -1.18484424	     22.69985789	     -9.91987667	     -7.49731064	     52.83668536	      0.92217413	     -0.18640772	    -27.04004284	     -7.49999987	     -5.97663895	      9.15647887	    -16.53694211	      6.58890747	      0.11499813	      8.22213817	     14.95563747	     -7.49999987	    -14.07457941	     -4.32842010	     -3.40482257	     -3.02816507	     -4.37209160	    -32.36538407	     50.92314997	     92.30579099	     11.15549329	     -7.31767789	    -27.50965107	     34.75033153	     88.64224042
      1.91000000	     -3.86481252	      2.22303599	     89.32369604	     -0.23499621	      0.96184349	     -1.19558819	     23.30350539	     -9.91101395	     -8.39623212	     50.35130594	      0.87879607	      0.41387123	    -26.05856638	     -7.49999987	     -6.98465371	      9.19405226	    -16.38768407	      6.17184823	      0.10771907	      8.62354680	     15.91753134	     -7.49999987	    -14.23757506	     -4.23682864	     -4.04217490	     -3.24711082	     -4.29584350	    -32.76160287	     50.83460761	     92.43419006	     11.98785115	     -7.61701499	    -26.36931027	     35.46853535	     88.92144310
      1.92000000	     -3.97899242	      2.26538835	     90.02170204	     -0.23663878	      0.96071665	     -1.20632805	     23.75114180	     -9.98704363	     -9.38696717	     47.57186807	      0.83028573	      0.93776881	    -25.18289823	     -7.49999987	     -7.91975212	      9.28857424	    -16.22404154	      5.91940234	      0.10331306	      8.96656754	     16.90179605	     -7.49999987	    -14.46818360	     -4.23294992	     -4.68065397	     -3.49850565	     -4.21430363	    -33.17296694	     50.77150110	     92.54397447	     12.95914671	     -7.86200828	    -25.36277889	     36.12525289	     89.17438915
      1.93000000	     -4.45085892	      2.11778154	     90.29971972	     -0.23753062	      0.95864088	     -1.21684631	     24.69967153	    -10.12728938	     -9.45947453	     45.04055923	      0.78610606	      1.11573494	    -24.78164154	     -7.49999987	     -8.42746589	      9.76829340	    -16.15076065	      6.11805047	      0.10678012	      9.28702704	     16.97454023	     -7.49999987	    -14.47185600	     -4.77724721	     -5.02187183	     -3.79384602	     -4.15829189	    -33.22555775	     50.73475365	     92.51741996	     14.03103720	     -7.94106181	    -25.11740229	     36.72113339	     89.17824675
      1.94000000	     -4.26934170	      2.79755496	     91.44444665	     -0.23981729	      0.95837507	     -1.22801052	     23.95951142	    -10.19304857	    -11.54056309	     41.67965855	      0.72744727	      2.02599740	    -22.40145454	     -7.49999987	    -10.37524538	      9.46819928	    -15.61602962	      5.41049339	      0.09443092	      9.79547739	     18.57794581	     -7.49999987	    -15.45500478	     -4.29469379	     -5.94144393	     -3.95559127	     -3.99039230	    -33.93946655	     50.76073193	     90.87012976	     14.70876994	     -8.72063871	    -21.95701886	     37.65827117	     87.53565091
      1.95000000	     -4.35574641	      2.94761794	     92.03841232	     -0.24082367	      0.95699726	     -1.23889730	     24.00736146	    -10.00541830	    -12.44096618	     38.27606585	      0.66804337	      2.55795376	    -21.17149574	     -7.49999987	    -11.34582381	      9.41753056	    -15.58204988	      5.42741359	      0.09472624	     10.30003456	     19.29044753	     -7.49999987	    -15.82284221	     -4.31122501	     -6.55494559	     -3.95315772	     -3.76122004	    -34.58036340	     50.39299819	     92.46879546	     15.49541078	     -9.29321413	    -20.38993178	     38.38649814	     87.27828232
      1.96000000	     -4.46904489	      3.16067951	     92.74788969	     -0.24228580	      0.95553040	     -1.24992777	     24.01245831	    -10.00171580	    -13.71709227	     35.10961390	      0.61277836	      2.88526147	    -19.20232527	     -7.49999987	    -12.46763325	      9.42989603	    -14.85422194	      5.25929437	      0.09179200	     10.48817534	     19.04216332	     -7.49999987	    -16.20994547	     -4.28209157	     -7.09756796	     -4.31558968	     -3.69778323	    -34.83137860	     50.49166006	     90.32046818	     16.41577524	     -9.37710705	    -19.44699441	     39.00645553	     85.36094106
      1.97000000	     -4.57782772	      3.32369576	     93.37457494	     -0.24304937	      0.95388680	     -1.26113522	     23.99127484	     -9.87901694	    -15.04553509	     31.78330151	      0.55472326	      3.56972220	    -16.58038332	     -7.49999987	    -13.45367996	      9.34607244	    -14.55361904	      5.32609882	      0.09295796	     10.97041664	     19.65811354	     -7.49999987	    -16.55035791	     -4.35749862	     -7.62421782	     -4.58026886	     -3.48549637	    -35.06953089	     50.38250855	     89.28121710	     17.27960700	     -9.73617611	    -18.27629497	     39.64123470	     84.30195124
      1.98000000	     -4.90756439	      2.79994996	     93.76279159	     -0.24332180	      0.95104836	     -1.27179287	     24.93448603	     -9.69461407	    -15.31551676	     28.66763931	      0.50034469	      3.83331888	    -15.09108703	     -7.49999987	    -13.54647002	      9.56191133	    -14.20911901	      5.61989614	      0.09808569	     11.39137796	     19.69319197	     -7.49999987	    -16.10812653	     -4.76938018	     -8.05968433	     -4.84686092	     -3.27722883	    -35.15384015	     50.17895071	     89.25349156	     18.04293131	     -9.93588458	    -18.00189477	     40.09705121	     84.31646185
      1.99000000	     -4.71047602	      3.28202318	     94.41730441	     -0.24400581	      0.94997992	     -1.28334701	     24.39772755	     -9.22691480	    -17.07194596	     25.42913965	      0.44382221	      5.00661882	     -9.86525719	     -7.49999987	    -14.71798358	      9.08325864	    -14.08113789	      5.97370972	      0.10426090	     11.92473888	     19.78003811	     -7.49999987	    -16.76543732	     -4.42537676	     -8.49345217	     -4.86497829	     -2.99119563	    -36.08968230	     49.88676130	     90.16965254	     18.80838424	    -10.27611654	    -16.79089590	     40.63483818	     85.20398201
      2.00000000	     -4.81942039	      3.11467238	     94.75561592	     -0.24415274	      0.94772137	     -1.29439064	     24.84243067	     -8.84941758	    -17.70548330	     22.67824160	      0.39580998	      5.49638943	     -5.89948704	     -7.49999987	    -15.17238748	      9.05638089	    -13.86366171	      6.31318944	      0.11018594	     12.20782469	     19.31608077	     -7.49999987	    -16.74848382	     -4.57059630	     -8.68456607	     -5.00251172	     -2.75846402	    -36.66763820	     49.61582108	     91.21759776	     19.55216717	    -10.55724219	    -15.83786190	     41.09804445	     85.57323299
      2.01000000	     -4.80487893	      2.90803240	     95.14370915	     -0.24412747	      0.94554920	     -1.30544004	     25.24922848	     -8.35055769	    -18.33907933	     20.11817229	      0.35112835	      5.86511192	     -1.97609358	     -7.49999987	    -15.36136991	      8.82228819	    -13.67737157	      7.07299647	      0.12344708	     12.76654904	     18.89132461	     -7.49999987	    -16.67173477	     -4.59526350	     -8.92405218	     -5.08770438	     -2.49450516	    -37.16722171	     49.31448378	     91.43456918	     20.24123374	    -10.77320202	    -15.09681328	     41.46954345	     85.23889036
      2.02000000	     -4.80943245	      2.65666088	     95.54179081	     -0.24406616	      0.94342169	     -1.31649429	     25.71013426	     -7.95592905	    -19.10042805	     17.96054362	      0.31347062	      6.24686405	      1.84048049	     -7.49999987	    -15.45775872	      8.57803266	    -13.59693901	      7.91119578	      0.13807641	     13.21169243	     18.49417569	     -7.49999987	    -16.55102173	     -4.62436093	     -9.11262170	     -5.17459050	     -2.22205546	    -37.72628133	     48.97200619	     90.88512316	     21.01046342	    -11.00831491	    -14.18045401	     41.76073035	     84.32451877
      2.03000000	     -4.57693016	      2.32627646	     95.71732079	     -0.24339554	      0.94112624	     -1.32784118	     26.14618767	     -7.15302828	    -19.42872570	     15.79742729	      0.27571712	      6.17041247	      4.68385698	     -7.49999987	    -15.30035424	      8.06112357	    -13.79919748	      9.04754809	      0.15790950	     13.78665621	     18.29480794	     -7.49999987	    -16.25076528	     -4.46122912	     -9.14475169	     -5.18952787	     -1.98157429	    -38.26574183	     48.58245222	     91.60069268	     21.49487543	    -11.12451249	    -13.80354859	     42.13613709	     84.32661158
      2.04000000	     -4.38651753	      1.87627315	     95.95366728	     -0.24293925	      0.93885952	     -1.33918909	     26.71550150	     -6.53534579	    -19.92790958	     14.07594236	      0.24567154	      5.76551098	      7.15368196	     -7.49999987	    -15.01758846	      7.59198249	    -13.66707083	     10.19951765	      0.17801517	     14.12741181	     17.80749252	     -7.49999987	    -15.83995174	     -4.33369244	     -9.15650769	     -5.06986031	     -1.64123207	    -39.44655150	     47.98023210	     94.48846245	     21.99793675	    -11.12333450	    -13.77079918	     42.41880608	     86.68661153
      2.05000000	     -4.14785100	      1.62952983	     96.10642157	     -0.24277547	      0.93688144	     -1.35101895	     27.01132532	     -5.85886267	    -20.21001063	     12.70524423	      0.22174834	      5.17590793	      8.87786637	     -7.49999987	    -15.00147635	      7.06974829	    -13.77952674	     11.29717046	      0.19717282	     14.30962044	     17.77314945	     -7.49999987	    -15.57703283	     -4.06693192	     -9.05031576	     -5.25864315	     -1.63719598	    -39.53619016	     47.70612834	     92.97838474	     22.33197973	    -11.09853760	    -13.19033902	     42.72704982	     85.13184328
      2.06000000	     -3.86252244	      1.44929016	     96.28675546	     -0.24261591	      0.93502490	     -1.36330309	     27.34661041	     -5.25397466	    -20.26017975	     12.12914812	      0.21169357	      4.72495404	      9.68179551	     -7.49999987	    -15.09937340	      6.47109163	    -13.68476605	     12.31444427	      0.21492760	     14.32025061	     17.57343263	     -7.49999987	    -15.33814176	     -3.73267696	     -8.88483600	     -5.46764338	     -1.61093035	    -39.89518092	     47.46735969	     93.02991582	     22.66722271	    -10.89554809	    -13.05097377	     42.94044639	     85.29172375
      2.07000000	     -3.65267394	      1.45271427	     96.45339166	     -0.24299346	      0.93356310	     -1.37605050	     27.60036745	     -4.85751064	    -20.20436071	     12.37695858	      0.21601868	      4.42610928	      9.76873207	     -7.49999987	    -15.53835533	      6.00351438	    -13.44133131	     13.07462084	      0.22819518	     13.88100796	     17.47134988	     -7.49999987	    -15.22221789	     -3.37795700	     -8.76423462	     -5.67315333	     -1.72022959	    -40.11421836	     47.14432053	     93.05473295	     22.82331652	    -10.64898407	    -12.95228419	     43.14468645	     85.36525806
      2.08000000	     -3.34024756	      1.55760042	     96.73910332	     -0.24357080	      0.93236845	     -1.38948650	     27.61954282	     -4.42441604	    -20.08147651	     12.92616463	      0.22560413	      3.94434898	      9.39873122	     -7.49999987	    -16.05529232	      5.33762812	    -13.14046949	     13.93418174	      0.24319735	     13.41827728	     17.50079069	     -7.49999987	    -15.11438688	     -2.86072677	     -8.72117784	     -5.88678448	     -1.82216158	    -40.53780570	     46.81413687	     93.09013616	     22.82699258	    -10.37006362	    -12.97196734	     43.34250128	     85.47087100
      2.09000000	     -2.98837085	      1.74187777	     97.01245687	     -0.24418555	      0.93143911	     -1.40341337	     27.36817000	     -3.90926484	    -19.65908317	     13.52333593	      0.23602674	      3.23580481	      8.18971735	     -7.49999987	    -16.73089815	      4.62169860	    -12.88343099	     14.65749214	      0.25582150	     12.57783031	     17.57584532	     -7.49999987	    -15.01869696	     -2.28630869	     -8.68219588	     -6.01549568	     -1.87396462	    -41.17283638	     46.39384639	     93.20302455	     22.64761341	    -10.06754532	    -13.14338645	     43.53807173	     85.67279949
      2.10000000	     -2.67829014	      2.03088330	     97.17229230	     -0.24487539	      0.93071818	     -1.41784754	     26.89857346	     -3.41598143	    -19.24754119	     14.30607162	      0.24968805	      2.54793479	      7.23481022	     -7.49999987	    -17.56705422	      3.97553175	    -12.70574810	     15.29353250	      0.26692250	     11.49529929	     17.68669239	     -7.49999987	    -14.98412859	     -1.71412079	     -8.55115292	     -6.27775580	     -2.08052156	    -41.49656442	     46.11646469	     93.31970630	     22.33889412	     -9.74524078	    -13.28405951	     43.72841822	     85.81193848
      2.11000000	     -2.26275403	      2.34538097	     97.30710238	     -0.24540862	      0.92996112	     -1.43267492	     26.33718375	     -2.76498661	    -18.48925986	     15.24875062	      0.26614091	      1.34239616	      5.35582496	     -7.49999987	    -18.30964088	      3.19858238	    -12.43075535	     16.18227941	      0.28243406	     10.37573136	     17.48883910	     -7.49999987	    -14.89991703	     -1.03607080	     -8.38202347	     -6.57525579	     -2.26777975	    -41.80003529	     45.82880135	     93.54947153	     21.83520594	     -9.33351070	    -13.69398091	     44.01175145	     86.03764476
      2.12000000	     -2.03466648	      2.59697647	     97.44522903	     -0.24645064	      0.92931247	     -1.44762910	     25.96013420	     -2.52024513	    -18.35477679	     16.53604101	      0.28860836	     -0.73584632	      4.70002926	     -7.49999987	    -19.09251050	      2.65614788	    -12.27209084	     16.81840350	      0.29353652	      8.80472083	     17.56377277	     -7.49999987	    -14.74584070	     -0.51105978	     -8.22847712	     -6.90454449	     -2.58641304	    -41.98543698	     45.61325634	     93.58230754	     21.32946089	     -9.01485611	    -13.72958487	     44.12534282	     86.08707294
      2.13000000	     -1.67430668	      2.91090355	     97.42399908	     -0.24694154	      0.92928913	     -1.46244428	     25.57058582	     -1.97909666	    -17.55321379	     17.62146821	      0.30755264	     -2.49333942	      2.81599816	     -7.49999987	    -19.73518133	      1.97541570	    -12.17426286	     17.73341421	      0.30950647	      6.59801294	     17.24284120	     -7.49999987	    -14.72688081	      0.10379305	     -7.92286540	     -7.16052563	     -2.82706323	    -42.12421900	     45.32557386	     93.63735563	     20.72478956	     -8.62070223	    -14.05789245	     44.37065065	     86.13932257
      2.14000000	     -1.15934175	      3.08959591	     96.95478117	     -0.24669672	      0.92947480	     -1.47715594	     25.36080673	     -0.91392929	    -15.20246769	     18.73516695	      0.32699035	     -2.97751216	     -0.48805402	     -7.49999987	    -20.19592183	      1.34352355	    -12.12532990	     18.62579295	      0.32508141	      4.72607789	     16.51054757	     -7.49999987	    -14.52879555	      0.82082676	     -7.36962688	     -7.10870386	     -3.20905668	    -42.20998142	     44.79941867	     93.78702072	     19.99672830	     -8.15161557	    -14.95519192	     44.38416059	     86.21858431
      2.15000000	     -0.45532205	      3.27158707	     96.83537204	     -0.24641551	      0.93014086	     -1.49195506	     25.16709930	      0.06506820	    -14.05036478	     20.11608139	      0.35109185	     -4.17566872	     -2.42994380	     -7.49999987	    -20.29107984	      0.30294794	    -11.88378627	     20.13642453	      0.35144691	      2.25840598	     15.63628676	     -7.49999987	    -14.32634994	      1.69660181	     -7.06942553	     -7.00557225	     -3.46445027	    -42.37868513	     44.11689172	     94.07363839	     19.24876700	     -7.76131616	    -15.77406656	     44.48229061	     86.48487925
      2.16000000	      0.23000928	      3.68883152	     96.74307860	     -0.24636350	      0.93137060	     -1.50703373	     24.68177051	      0.87078968	    -13.68211908	     21.64016552	      0.37769214	     -4.81790214	     -3.17672838	     -7.49999987	    -20.60341263	     -0.76592717	    -11.81978441	     21.63215020	      0.37755225	     -0.40159909	     15.06910528	     -7.49999987	    -14.37495545	      2.61963926	     -6.71348871	     -7.01339539	     -3.75115940	    -42.47549324	     43.66129333	     94.13479491	     18.44039072	     -7.51116916	    -16.04700345	     44.40273430	     86.52119648
      2.17000000	      0.90704557	      4.13767285	     96.58558385	     -0.24582962	      0.93329952	     -1.52224970	     23.85452358	      2.07633928	    -12.05360849	     22.39826673	      0.39092350	     -5.65226030	     -6.61522952	     -7.49999987	    -20.87628555	     -1.66431601	    -11.26395357	     23.05058551	      0.40230861	     -3.95187451	     12.79530339	     -7.49999987	    -14.43885813	      3.46367607	     -6.58271256	     -6.64152772	     -3.98314878	    -42.57934208	     42.74098482	     94.42688930	     17.29985324	     -7.17257655	    -17.25328855	     44.65864306	     86.68497071
      2.18000000	      1.53539924	      4.51054570	     96.29860787	     -0.24505371	      0.93499742	     -1.53765590	     23.08337228	      3.29517395	    -10.42312778	     23.17564067	      0.40449124	     -5.88472424	     -9.22733707	     -7.49999987	    -20.75768137	     -2.63778216	    -11.27740723	     25.06068048	      0.43739139	     -7.73946682	     11.50926374	     -7.49999987	    -14.36803128	      4.18807717	     -6.22471554	     -6.29212446	     -4.08212277	    -43.34762330	     41.93913849	     97.67980414	     16.35275311	     -6.75449712	    -18.64141973	     44.50349030	     88.81297873
      2.19000000	      1.92938132	      5.02635621	     95.82080558	     -0.24407666	      0.93722498	     -1.55296803	     22.03259732	      4.42234159	     -8.27518466	     23.99763160	      0.41883768	     -5.45600006	    -11.64784855	     -7.49999987	    -20.82765623	     -3.22241481	    -10.99278107	     26.86870692	      0.46894740	    -11.95052765	     10.12691250	     -7.49999987	    -14.52976593	      4.63650710	     -5.70128227	     -6.19968384	     -4.29041112	    -43.07134781	     41.49738212	     96.00633679	     15.48760094	     -6.52441804	    -19.23970878	     44.13372384	     86.53945188
      2.20000000	      2.28816454	      5.23911525	     95.97997277	     -0.24398089	      0.93889310	     -1.56686803	     21.23574826	      5.15605123	     -7.17683974	     24.65882684	      0.43037772	     -4.45179055	    -12.98899737	     -7.49999987	    -19.92666827	     -3.85384100	     -9.55188108	     29.40927537	      0.51328869	    -16.44664468	      7.92361104	     -7.49999987	    -14.53545254	      5.14457406	     -5.73646184	     -6.00363184	     -4.37999056	    -42.94047128	     41.26943940	     94.73374048	     14.51841188	     -6.48504112	    -19.42902558	     44.16929425	     84.44513132
      2.21000000	      2.57520481	      5.05651088	     96.17031048	     -0.24388337	      0.93985119	     -1.58049981	     20.84644702	      5.75003572	     -6.22709023	     25.24681552	      0.44064006	     -3.46978903	    -14.26044343	     -7.49999987	    -18.26076092	     -4.35149431	     -7.82805662	     32.37676586	      0.56508117	    -19.62901699	      6.85745916	     -7.49999987	    -14.05100580	      5.48654420	     -5.76163723	     -5.56361814	     -4.31042442	    -43.96297318	     40.73261151	    100.06123414	     13.98202958	     -6.25668551	    -20.76706554	     43.34151285	     88.93975478
      2.22000000	      2.88701019	      4.99550378	     96.38183874	     -0.24415611	      0.94100040	     -1.59402149	     20.24459959	      6.22258446	     -5.90049936	     25.66347294	      0.44791210	     -2.46035641	    -15.00273244	     -7.49999987	    -16.61739326	     -4.81121546	     -6.18249540	     35.49607408	      0.61952336	    -22.16712154	      5.54072222	     -7.49999987	    -13.74262647	      5.92142157	     -5.69614218	     -5.55851048	     -4.42804852	    -43.71191318	     40.78990657	     98.44358201	     13.25518704	     -6.03307677	    -21.15196241	     42.76501960	     86.84918707
      2.23000000	      3.35918070	      4.89690112	     96.72145500	     -0.24446450	      0.94205956	     -1.60689062	     19.53864553	      6.83217912	     -5.77185099	     25.65264567	      0.44772313	     -1.61920947	    -15.42176232	     -7.49999987	    -14.67381496	     -5.51136048	     -4.83999795	     38.88315390	      0.67863906	    -24.94410798	      3.66611096	     -7.49999987	    -13.45000610	      6.54607379	     -5.67154773	     -5.51180892	     -4.51236125	    -43.51456972	     41.04174562	     97.26670878	     12.70083570	     -5.80446130	    -21.57496421	     42.12891299	     85.02740779
      2.24000000	      3.72479976	      4.95698031	     97.16208325	     -0.24500616	      0.94358632	     -1.61951601	     18.59104554	      7.24965843	     -6.06121853	     25.51900040	      0.44539058	     -0.77750188	    -15.52156071	     -7.49999987	    -12.83289916	     -6.08766630	     -3.51186041	     42.21457253	      0.73678328	    -28.11329807	      0.47477052	     -7.49999987	    -13.38602516	      7.05960406	     -5.69562955	     -5.44431270	     -4.58344596	    -43.17992639	     41.33442815	     95.65607776	     12.16541181	     -5.66103034	    -21.80754004	     41.53642755	     82.86962880
      2.25000000	      3.92712358	      5.06081639	     97.49316443	     -0.24571316	      0.94542665	     -1.63204609	     17.49689841	      7.47358067	     -6.43207113	     25.28088311	      0.44123465	      0.21122600	    -14.91850200	     -7.49999987	    -11.01678192	     -6.49253345	     -2.58817054	     45.38394712	      0.79209930	    -30.86117040	     -1.99705843	     -7.49999987	    -13.41491573	      7.40611244	     -5.50440999	     -5.41177311	     -4.65478982	    -43.08997701	     41.72469646	     94.44649494	     11.94291824	     -5.27228826	    -22.55441505	     40.51444422	     81.26343930
      2.26000000	      3.87402400	      4.99622354	     97.86896455	     -0.24640255	      0.94733762	     -1.64420454	     16.58886863	      7.35641083	     -7.03476214	     25.10338052	      0.43813664	      1.37077165	    -13.98856749	     -7.49999987	     -8.96548924	     -6.59664760	     -1.75573878	     48.38592549	      0.84449371	    -32.98610826	     -4.70118791	     -7.49999987	    -13.28491538	      7.42618060	     -5.43939208	     -4.82526959	     -4.50406987	    -44.25424051	     41.47044317	    100.94715254	     11.78176651	     -5.00435706	    -24.44855459	     39.13499367	     89.89288955
      2.27000000	      3.87539514	      5.09169283	     98.22714386	     -0.24712112	      0.94964373	     -1.65602053	     15.41972635	      7.27943602	     -7.97139728	     24.66708783	      0.43052190	      2.12709181	    -12.83116255	     -7.49999987	     -7.11032230	     -6.81863073	     -1.25436186	     51.07808020	      0.89148068	    -34.11255656	     -7.79435831	     -7.49999987	    -13.42689586	      7.51830085	     -5.25593104	     -4.62880953	     -4.57963129	    -43.92422056	     41.73316039	     99.37494997	     11.66324630	     -4.70566711	    -25.32005679	     38.00882571	     88.62617827
      2.28000000	      3.88953455	      5.05034173	     98.58667935	     -0.24768506	      0.95169945	     -1.66757839	     14.33623934	      7.24085840	     -8.79208251	     24.09599352	      0.42055442	      2.98954819	    -11.58530224	     -7.49999987	     -5.03069378	     -7.03563480	     -0.84943875	     53.70925584	      0.93740335	    -33.39027330	    -10.61454277	     -7.49999987	    -13.41498049	      7.59632252	     -5.08843709	     -4.29070650	     -4.58059557	    -44.06306158	     41.90842691	    100.16572836	     11.47869363	     -4.58550731	    -26.14590465	     36.78646920	     90.63476102
      2.29000000	      3.93559724	      5.09285832	     98.84436678	     -0.24789037	      0.95388398	     -1.67909363	     13.09273972	      7.35688589	     -9.36461490	     23.32190943	      0.40704411	      3.59671626	    -10.68313326	     -7.49999987	     -3.08496753	     -7.30761498	     -0.69493699	     56.04926980	      0.97824430	    -31.47381880	    -13.40356595	     -7.49999987	    -13.57356329	      7.65045364	     -4.66699257	     -4.18931398	     -4.64017639	    -43.59025245	     42.38843621	     97.82714551	     11.28898916	     -4.59914301	    -25.99829621	     35.72074390	     87.73975382
      2.30000000	      3.88825505	      5.01930304	     99.16083535	     -0.24825177	      0.95580478	     -1.69037625	     12.02711096	      7.31958735	    -10.02337499	     22.64277034	      0.39519089	      4.29543251	     -9.62609346	     -7.49999987	     -0.94747242	     -7.38395623	     -0.41846902	     58.23574079	      1.01640542	    -28.36341919	    -15.74142404	     -7.49999987	    -13.58325738	      7.58173286	     -4.43197226	     -3.96248911	     -4.73867029	    -43.01110533	     42.69336707	     95.71938296	     11.09364877	     -4.61470149	    -26.16399390	     34.65248818	     85.10221029
      2.31000000	      3.78067279	      4.67495888	     99.42924123	     -0.24850461	      0.95736630	     -1.70148821	     11.29893916	      7.18888257	    -10.58631569	     22.05496064	      0.38493168	      4.92851787	     -8.46302324	     -7.49999987	      1.49880001	     -7.26686642	     -0.16824469	     60.27596226	      1.05201400	    -24.22539112	    -17.86906799	     -7.49999987	    -13.30087409	      7.39026391	     -4.28261195	     -3.34885691	     -4.67419668	    -43.49357071	     42.64806381	     99.84673606	     10.81062652	     -4.46234458	    -27.94944593	     33.70664270	     89.37212673
      2.32000000	      3.61333430	      4.45618266	     99.60126011	     -0.24875457	      0.95910614	     -1.71254485	     10.43134196	      7.08131593	    -10.81181016	     21.47060083	      0.37473268	      5.28320248	     -7.79256467	     -7.49999987	      3.75944753	     -7.09749400	     -0.09961730	     61.96994407	      1.08157956	    -20.73984287	    -19.64060802	     -7.49999987	    -13.19962583	      7.13448305	     -4.01841499	     -3.06033224	     -4.83579162	    -42.72961357	     42.94955981	     98.48646816	     10.47427613	     -4.50378191	    -28.42855782	     32.85045103	     88.00509734
      2.33000000	      3.41596916	      4.31530031	     99.68842110	     -0.24871547	      0.96087588	     -1.72373486	      9.44237821	      6.99673056	    -10.92377547	     20.82035829	      0.36338380	      5.84176629	     -7.10105540	     -7.49999987	      5.89366240	     -6.93255555	     -0.15652389	     63.26784234	      1.10423216	    -17.60271210	    -21.17739571	     -7.49999987	    -13.19519622	      6.82509597	     -3.74849036	     -2.66710271	     -4.93086724	    -42.08918526	     43.25526851	     97.38994061	      9.98837232	     -4.57795460	    -29.03507853	     32.16079309	     86.31763176
      2.34000000	      3.21561152	      3.98389241	     99.63752765	     -0.24880652	      0.96221357	     -1.73475300	      8.65660799	      6.83949351	    -11.17791253	     20.10610983	      0.35091782	      6.28151860	     -6.14663909	     -7.49999987	      8.15812267	     -6.66459987	     -0.32913492	     64.19178174	      1.12035794	    -15.04542782	    -22.75911133	     -7.49999987	    -13.00850531	      6.50304501	     -3.39021440	     -2.23768615	     -5.09659741	    -41.52025256	     43.57188446	     97.34704255	      9.48006953	     -4.65969608	    -29.60316301	     31.41157497	     85.63059094
      2.35000000	      3.01102758	      3.86257340	     99.44705479	     -0.24835101	      0.96369292	     -1.74593920	      7.62440212	      6.81075272	    -11.01855736	     19.36514243	      0.33798550	      6.62678388	     -5.48900824	     -7.49999987	     10.02673451	     -6.56499005	     -0.80870397	     64.69728259	      1.12918060	    -13.14691561	    -23.80278375	     -7.49999987	    -13.08029905	      6.12420016	     -2.88924782	     -1.88775526	     -5.25610298	    -40.67802351	     44.06195139	     96.60140889	      8.84531508	     -4.80274309	    -30.06607868	     31.06759437	     84.35526499
      2.36000000	      2.77329356	      3.62745980	     99.16363831	     -0.24783655	      0.96488481	     -1.75735506	      6.74551926	      6.77262275	    -10.47293467	     18.72027261	      0.32673039	      6.89238173	     -5.48692251	     -7.49999987	     11.93262782	     -6.38639201	     -1.36267493	     64.95060031	      1.13360183	    -10.43408617	    -24.30955894	     -7.49999987	    -12.97118180	      5.68239801	     -2.33768868	     -1.55935026	     -5.47123295	    -39.70676736	     44.44171618	     94.44997989	      8.22633628	     -5.04262601	    -30.11377313	     30.43920064	     81.95035511
      2.37000000	      2.38173023	      3.40837970	     98.76554575	     -0.24728170	      0.96599893	     -1.76844012	      5.89936461	      6.42285312	    -10.69446149	     18.20089952	      0.31766562	      7.68592453	     -3.84232423	     -7.49999987	     13.66478076	     -6.08323527	     -2.15453208	     64.79326976	      1.13085589	     -8.52812023	    -24.88493752	     -7.49999987	    -13.01266353	      5.09749983	     -1.82885566	     -0.89694642	     -5.49661112	    -39.67110103	     44.84150725	     99.66600336	      7.62409596	     -5.02535660	    -32.29519099	     29.96753694	     88.27260664
      2.38000000	      2.10270138	      3.23573588	     98.42791273	     -0.24674871	      0.96692479	     -1.77962788	      5.02087070	      6.24171723	    -10.57885843	     17.72148548	      0.30929827	      7.98067431	     -2.97225540	     -7.49999987	     15.33366560	     -5.87883898	     -2.79979095	     64.38493230	      1.12372906	     -6.66455896	    -24.92764453	     -7.49999987	    -13.01581900	      4.62186994	     -1.33506461	     -0.46615581	     -5.70491164	    -38.73774668	     45.35244426	     99.02056196	      6.91270902	     -5.16114669	    -33.22833517	     29.73575718	     88.85848196
      2.39000000	      1.80802547	      3.19315730	     97.94579159	     -0.24602616	      0.96765420	     -1.79112501	      3.86080186	      6.09189225	    -10.51941475	     16.91738279	      0.29526403	      8.59962450	     -1.94829455	     -7.49999987	     16.66808986	     -5.69553431	     -3.54727323	     63.62947544	      1.11054385	     -5.03309741	    -24.76349979	     -7.49999987	    -13.20442146	      4.12173066	     -0.71010037	     -0.19588592	     -5.97256334	    -37.43610713	     46.19119023	     96.70017821	      6.01012477	     -5.35297629	    -33.40395030	     29.74160493	     86.11646219
      2.40000000	      1.56830969	      3.02752769	     97.46066176	     -0.24515927	      0.96815482	     -1.80238700	      3.06016904	      5.91563355	    -10.47904788	     16.56000852	      0.28902667	      8.83650296	     -1.07851147	     -7.49999987	     18.07755523	     -5.65971781	     -4.50655867	     62.48438969	      1.09055833	     -3.71280490	    -24.45407691	     -7.49999987	    -13.22686534	      3.64293598	     -0.10395595	      0.22929008	     -6.22383972	    -36.33624008	     46.73993386	     94.59085957	      5.20438554	     -5.58101779	    -33.60021640	     29.51006860	     83.60619326
      2.41000000	      1.33848123	      2.98936247	     97.09518886	     -0.24455392	      0.96860906	     -1.81388886	      2.07284860	      5.68690356	    -10.99491590	     16.12219439	      0.28138537	      9.47430038	      0.81387478	     -7.49999987	     19.21532212	     -5.58451363	     -5.30000518	     61.00834177	      1.06479644	     -2.58791502	    -24.00063118	     -7.49999987	    -13.35513657	      3.22337680	      0.30669597	      0.87792842	     -6.31165004	    -36.07563515	     47.15134500	     99.14125625	      4.45769723	     -5.54601555	    -35.71795029	     29.37836864	     86.95477743
      2.42000000	      1.08974200	      2.94785842	     96.31607053	     -0.24334422	      0.96864284	     -1.82534149	      1.03979223	      5.58649438	    -10.27320227	     15.53928415	      0.27121167	      9.95344118	      0.92983816	     -7.49999987	     20.17246275	     -5.66784737	     -6.60494936	     59.23390786	      1.03382672	     -1.55997922	    -22.94001877	     -7.49999987	    -13.53868684	      2.73790154	      1.17095078	      1.20669203	     -6.64123390	    -34.80170292	     48.01935989	     96.35097162	      3.54350925	     -5.76683306	    -35.71780648	     29.27843003	     84.01224496
      2.43000000	      0.98273581	      3.11810676	     95.91799579	     -0.24274511	      0.96878055	     -1.83670248	     -0.15464278	      5.46070522	    -11.03243052	     15.08026080	      0.26320020	     10.45098642	      3.02448314	     -7.49999987	     20.89819425	     -5.79908251	     -7.60129015	     57.17264277	      0.99785086	     -0.89919471	    -22.20857537	     -7.49999987	    -13.92868279	      2.47738196	      1.63315567	      1.68701037	     -6.95163908	    -33.67509819	     48.73371686	     94.64944850	      2.66680670	     -5.89323454	    -36.20743079	     29.41199397	     82.02872620
      2.44000000	      0.89375906	      3.22311616	     95.31525681	     -0.24188183	      0.96852428	     -1.84818059	     -1.29307749	      5.39389029	    -11.14859856	     14.59434435	      0.25471936	     10.88558494	      4.38711899	     -7.49999987	     21.54973478	     -5.94067148	     -8.73830732	     54.83460434	      0.95704439	     -0.26865022	    -21.48330295	     -7.49999987	    -14.26436751	      2.18173801	      2.31368930	      2.07607318	     -7.30467816	    -32.56182563	     49.61305814	     93.51388996	      1.77521928	     -5.95201358	    -36.89236555	     29.55083306	     80.50021905
      2.45000000	      0.77225449	      3.34719950	     94.65028080	     -0.24110902	      0.96827308	     -1.85991315	     -2.40453367	      5.21925998	    -11.38006075	     14.27782361	      0.24919503	     11.41545925	      6.14319273	     -7.49999987	     21.99751798	     -6.02188106	    -10.01175190	     52.08741998	      0.90909698	     -0.00099626	    -21.06352845	     -7.49999987	    -14.50000021	      1.91099332	      2.89520089	      2.85128107	     -7.45222087	    -32.34554257	     49.93987617	     98.42851945	      1.05944595	     -5.92084322	    -39.01181179	     29.14939203	     85.97916264
      2.46000000	      0.96954599	      3.47465967	     93.92244608	     -0.24036008	      0.96758052	     -1.87151293	     -3.59249742	      5.43241228	    -11.21276751	     13.70862111	      0.23926057	     11.60364049	      6.94126897	     -7.49999987	     22.45319661	     -6.45087662	    -11.22202632	     49.31910249	      0.86078072	      0.55473869	    -20.16383891	     -7.49999987	    -14.84842527	      2.00258553	      3.63323100	      3.27954132	     -7.95995388	    -31.08748566	     50.75978207	     96.10546967	      0.15490536	     -5.90869910	    -39.32625610	     29.10530004	     83.51615285
      2.47000000	      0.91081819	      3.93528631	     93.39658913	     -0.23996130	      0.96714760	     -1.88348543	     -5.11082401	      5.30537917	    -11.54026757	     13.36047006	      0.23318419	     12.22976527	      8.90216860	     -7.49999987	     22.33714771	     -6.49798585	    -12.42408218	     46.17919444	      0.80597899	      0.62217613	    -19.13657616	     -7.49999987	    -15.46940399	      1.80127737	      4.12378679	      3.80276551	     -8.33884097	    -30.02090579	     51.43033493	     95.07949842	     -0.72632107	     -5.85868005	    -40.24971463	     29.17304926	     82.28150901
      2.48000000	      1.14979181	      4.06445427	     92.58355391	     -0.23894727	      0.96609156	     -1.89515916	     -6.27691950	      5.55937915	    -10.84462326	     12.87299623	      0.22467617	     12.24906056	      9.03779959	     -7.49999987	     22.56597301	     -6.97389463	    -13.94758354	     43.01261640	      0.75071178	      0.60102765	    -17.83826226	     -7.49999987	    -15.77620963	      1.85726346	      5.07880747	      4.16224622	     -8.75174158	    -29.19693206	     52.30788890	     93.77054311	     -1.42117294	     -5.82026982	    -40.76785365	     28.91927666	     80.66933335
      2.49000000	      1.10107821	      4.44461303	     91.98703717	     -0.23875793	      0.96509912	     -1.90706286	     -7.60613650	      5.34022973	    -11.31929945	     12.71017177	      0.22183435	     13.16529805	     11.00643065	     -7.49999987	     22.37109261	     -6.90621526	    -15.29154928	     39.53837083	      0.69007475	      0.25281497	    -16.62567679	     -7.49999987	    -16.32466907	      1.67112024	      5.57215337	      4.81633227	     -9.11046107	    -28.45490260	     52.85545665	     95.74244678	     -2.24428369	     -5.68703138	    -42.22171940	     28.89847795	     83.43369761
      2.50000000	      1.26568551	      4.65062763	     91.38322429	     -0.23840783	      0.96372743	     -1.91887683	     -8.73989964	      5.39661228	    -11.35822081	     12.46526480	      0.21755991	     13.56848990	     11.98307435	     -7.49999987	     22.38454032	     -7.06569764	    -16.66902598	     36.11549159	      0.63033424	     -0.06453930	    -14.70955759	     -7.49999987	    -16.69310435	      1.73872387	      6.12535302	      5.34309831	     -9.49486813	    -27.56826715	     53.58602733	     94.67245064	     -3.00342121	     -5.58309566	    -43.02568416	     28.68891603	     82.16297306
      2.51000000	      1.47842438	      4.79160612	     90.72360412	     -0.23817439	      0.96204311	     -1.93063460	     -9.75339345	      5.47514786	    -11.04854540	     12.35405661	      0.21561896	     14.04294299	     12.71992715	     -7.49999987	     22.42596278	     -7.20691370	    -18.07035052	     32.65601912	      0.56995505	      0.22287490	    -11.96105089	     -7.49999987	    -16.96160791	      1.84050205	      6.82143736	      5.79899768	     -9.99390908	    -26.63784100	     54.24828637	     93.85390747	     -3.69790991	     -5.41386032	    -43.71536213	     28.45873927	     80.82073142
      2.52000000	      1.54107738	      4.88947224	     90.01587475	     -0.23854265	      0.96020435	     -1.94234744	    -10.60618750	      5.27649231	    -10.92514680	     12.51338090	      0.21839970	     14.55458128	     13.50094688	     -7.49999987	     22.52187757	     -7.09206972	    -19.44220970	     29.32488074	      0.51181572	      0.25853735	     -8.97418920	     -7.49999987	    -17.22627580	      1.86492213	      7.49065234	      6.26213425	    -10.51825538	    -25.82662763	     55.01088729	     93.32290285	     -4.19909989	     -5.03082740	    -45.12985049	     28.03923181	     79.69722558
      2.53000000	      1.76546110	      4.98356366	     89.38362443	     -0.23863812	      0.95807981	     -1.95436405	    -11.51597604	      5.32089715	    -10.55813402	     12.53819390	      0.21883277	     15.04711288	     13.96142290	     -7.49999987	     22.69442413	     -7.02327602	    -20.28549933	     26.20480121	      0.45736006	      0.72387119	     -5.72971987	     -7.49999987	    -17.41666099	      2.00766259	      8.11921684	      6.70310893	    -10.98327867	    -25.02025116	     55.67601589	     92.80620549	     -4.92761673	     -4.92438384	    -45.51297292	     27.71613654	     78.77166603
      2.54000000	      1.65739545	      4.88119930	     88.95304664	     -0.23968699	      0.95610135	     -1.96585210	    -11.95240977	      4.93143642	    -10.61324187	     13.01581027	      0.22716874	     15.65827423	     14.07371582	     -7.49999987	     22.80994313	     -6.51817893	    -21.71457088	     22.55841978	      0.39371870	      0.64366611	     -1.25745108	     -7.49999987	    -17.52545900	      1.92304815	      8.40294770	      7.32231964	    -11.39717806	    -24.28727384	     56.17842742	     92.51707555	     -5.54547267	     -4.56648261	    -46.44272301	     27.48068251	     77.88334360
      2.55000000	      1.91630870	      4.57461855	     88.37374383	     -0.24036298	      0.95319346	     -1.97770000	    -12.19745053	      4.96100870	    -10.15913008	     13.57337300	      0.23690005	     16.14902848	     13.81861196	     -7.49999987	     23.37230949	     -6.45939110	    -22.65055678	     19.57911326	      0.34171999	      0.95421163	      2.91364830	     -7.49999987	    -17.25902867	      2.18730178	      8.99583130	      7.77361208	    -11.82903239	    -23.79564080	     56.61548366	     93.48428973	     -6.13877579	     -4.22018647	    -47.79844311	     27.10491046	     79.97068505
      2.56000000	      1.89808454	      4.16835483	     87.99002932	     -0.24139332	      0.95052191	     -1.98893991	    -12.16331272	      4.67253733	     -9.93595605	     14.37059305	      0.25081416	     16.74490634	     13.82658371	     -7.49999987	     23.97168606	     -5.95468506	    -23.13870303	     16.61738695	      0.29002812	      0.91375421	      6.66857909	     -7.49999987	    -16.98411834	      2.19427884	      9.26014206	      8.37864287	    -12.19508650	    -23.07479286	     56.92921763	     92.46575226	     -6.52222533	     -3.94529819	    -48.77210689	     26.54806713	     78.48597650
      2.57000000	      1.71959491	      3.82830325	     87.50127298	     -0.24264482	      0.94808581	     -2.00024367	    -12.03449015	      4.11802945	     -9.71914477	     15.48583056	      0.27027873	     17.39864931	     13.95675206	     -7.49999987	     24.21791429	     -5.26845548	    -23.63246009	     13.46010503	      0.23492315	      0.63152521	     10.22231972	     -7.49999987	    -16.79407238	      2.05217194	      9.51452895	      9.06141548	    -12.54442126	    -22.36136955	     57.12301573	     91.94919007	     -6.99596147	     -3.59899082	    -49.64635532	     26.14584840	     77.44193348
