Coordinates
version=1
nRows=242
nColumns=36
inDegrees=yes

Units are S.I. units (second, meters, Newtons, ...)
If the header above contains a line with 'inDegrees', this indicates whether rotational values are in degrees (yes) or radians (no).

endheader
time	pelvis_tilt	pelvis_list	pelvis_rotation	pelvis_tx	pelvis_ty	pelvis_tz	hip_flexion_r	hip_adduction_r	hip_rotation_r	knee_angle_r	knee_angle_r_beta	ankle_angle_r	subtalar_angle_r	mtp_angle_r	hip_flexion_l	hip_adduction_l	hip_rotation_l	knee_angle_l	knee_angle_l_beta	ankle_angle_l	subtalar_angle_l	mtp_angle_l	lumbar_extension	lumbar_bending	lumbar_rotation	arm_flex_r	arm_add_r	arm_rot_r	elbow_flex_r	pro_sup_r	arm_flex_l	arm_add_l	arm_rot_l	elbow_flex_l	pro_sup_l
      0.00000000	     -1.94017295	      3.41111465	     80.78798539	     -0.29158216	      0.92441595	      1.64888824	    -20.50163564	     -3.96603300	     -7.67346363	     23.13972107	      0.40386432	      3.29978695	      7.84031140	     -7.46018267	     24.82170407	      0.86449032	    -21.89487057	     13.21402131	      0.23062818	      2.75689824	      8.21628669	     -7.46018267	    -16.59506376	     -2.85814887	      8.38073842	      1.47871894	     -7.60912794	    -16.67998026	     53.71659945	     90.83928379	     -8.88789817	     -1.50032536	    -36.09656543	     42.44630550	     86.70226696
      0.01000000	     -2.16125490	      3.46621443	     80.36017993	     -0.29157790	      0.92254676	      1.63075698	    -20.98926759	     -5.04193627	     -9.02702418	     23.88237814	      0.41682613	      0.67351775	      9.69563649	     -7.46861327	     24.76234072	      1.10422759	    -21.70134030	     14.80474783	      0.25839159	     -0.42962267	      5.27725164	     -7.46861327	    -16.07599630	     -3.18381058	      8.72447673	      1.07403748	     -7.49584864	    -16.91567673	     53.33740167	     91.53245586	     -9.42429770	     -1.52451837	    -36.01047719	     42.08998313	     86.18028670
      0.02000000	     -2.17576134	      3.22621127	     80.02301365	     -0.29137278	      0.92103000	      1.61370057	    -20.96657503	     -5.69097145	     -9.57465914	     24.80499222	      0.43292879	     -2.65122589	     10.34733685	     -7.48189578	     25.30125454	      1.01902501	    -21.14451226	     16.52847396	      0.28847629	     -3.06857740	      2.56969134	     -7.48189578	    -15.49976322	     -3.30132722	      9.00108612	      0.90906908	     -6.91265756	    -18.06578954	     52.85550934	     95.37826971	     -9.48717429	     -1.38404014	    -37.04478968	     41.50417376	     89.64467663
      0.03000000	     -2.72979924	      3.10621718	     80.26064853	     -0.29202139	      0.91986160	      1.59647267	    -20.50727522	     -6.53739393	     -9.30843886	     26.69542214	      0.46592301	     -6.34542687	      9.25914280	     -7.48721809	     25.66164098	      1.84241855	    -19.42019229	     18.48109242	      0.32255591	     -3.95324122	      1.18894972	     -7.48721809	    -15.00249957	     -3.90521631	      8.43204876	      0.81355945	     -6.40515014	    -18.49022310	     52.31130986	     94.66311053	     -9.62208666	     -1.37331780	    -37.68297513	     41.04309818	     88.26813501
      0.04000000	     -3.57258247	      3.06862119	     80.43264476	     -0.29263763	      0.91949963	      1.57949286	    -19.81600990	     -7.69661847	     -8.91763469	     28.81544854	      0.50292445	    -10.78804996	      7.61883748	     -7.49079193	     25.79941730	      2.79662683	    -18.94149763	     20.25608709	      0.35353541	     -5.59003639	      0.56693011	     -7.49079193	    -14.59260209	     -4.88384641	      7.94739489	      0.81993091	     -5.77081201	    -19.22802666	     51.47113202	     95.11092928	     -9.72908733	     -1.71214013	    -37.57091139	     40.52023938	     88.85815874
      0.05000000	     -4.56597559	      3.07683914	     80.64806210	     -0.29325789	      0.91980843	      1.56248909	    -19.03499159	     -8.95373746	     -8.49440043	     30.90216497	      0.53934452	    -15.71895977	      5.38539356	     -7.49224475	     25.74249956	      4.01614052	    -18.14308652	     21.66995631	      0.37821209	     -6.66135134	     -1.80957510	     -7.49224475	    -14.19487526	     -5.99513003	      7.31445388	      0.87265014	     -5.02257271	    -20.11931420	     50.53975938	     94.50879627	     -9.65008652	     -1.88994185	    -38.03519364	     39.82791000	     87.95941333
      0.06000000	     -5.33893344	      3.23509798	     80.68500747	     -0.29407063	      0.92035128	      1.54535704	    -18.23254815	    -10.06977015	     -7.75064043	     33.05360084	      0.57689416	    -20.58770815	      3.85047528	     -7.49376071	     25.56570707	      5.17543116	    -16.98146988	     23.15365771	      0.40410756	     -6.61504040	     -4.39736667	     -7.49376071	    -13.96787137	     -6.85880164	      6.97975571	      0.64872789	     -4.63556727	    -20.70202221	     50.02218335	     95.74479367	     -9.59770417	     -2.11157511	    -37.96900234	     39.20057063	     89.26383703
      0.07000000	     -5.69172611	      3.47429195	     80.69192396	     -0.29456132	      0.92102243	      1.52860804	    -17.40092573	    -10.61362466	     -6.51755378	     35.29687677	      0.61604672	    -24.55083845	      2.64643393	     -7.49416510	     25.15784780	      5.94238672	    -15.81422509	     24.71553099	      0.43136739	     -5.30384179	     -6.58872900	     -7.49416510	    -14.01797258	     -7.24868599	      6.59468452	      0.52339854	     -4.37735795	    -21.03358407	     49.64621416	     95.10231421	     -9.53498539	     -2.22525081	    -37.86118296	     38.75885414	     88.89539616
      0.08000000	     -5.88124408	      3.66866837	     80.68436520	     -0.29496195	      0.92182961	      1.51246276	    -16.24480633	    -10.95457297	     -5.19963308	     37.93868229	      0.66215492	    -28.01823301	      0.47701761	     -7.49458828	     24.67578936	      6.54102569	    -14.72827020	     26.21252336	      0.45749484	     -3.59605981	     -7.96641384	     -7.49458828	    -14.05332941	     -7.49605106	      6.42964368	      0.29623113	     -4.19214407	    -21.43751344	     49.38644279	     94.70836198	     -9.23367965	     -2.29864782	    -37.74784949	     38.28894573	     88.61491347
      0.09000000	     -6.03370031	      3.93760699	     80.67333064	     -0.29518260	      0.92303063	      1.49658858	    -14.98796807	    -11.27582490	     -4.07523407	     41.01833383	      0.71590498	    -30.81748265	     -2.07097968	     -7.49492635	     23.92020466	      7.08449595	    -13.87858714	     27.31547615	      0.47674500	     -1.96630674	     -9.07959630	     -7.49492635	    -14.22722024	     -7.69980267	      6.12127021	      0.17442791	     -4.02597484	    -21.69265027	     49.05016850	     94.42446473	     -8.93675684	     -2.41571768	    -37.53493179	     37.96256283	     88.41296654
      0.10000000	     -6.16567266	      4.13589737	     80.67000844	     -0.29550576	      0.92480221	      1.48107654	    -13.46712021	    -11.56747537	     -3.27242655	     44.24087679	      0.77214896	    -32.40152983	     -4.73573953	     -7.49524874	     22.99401340	      7.62608778	    -13.17122556	     27.89439909	      0.48684911	     -0.73089669	     -9.84211634	     -7.49524874	    -14.34328100	     -7.80450237	      5.79181407	      0.11939133	     -3.86802234	    -22.09691798	     48.64398482	     94.52120634	     -8.50453376	     -2.50603160	    -37.39263591	     37.39966956	     88.52182773
      0.11000000	     -6.64199783	      4.44084179	     80.77396659	     -0.29604620	      0.92727469	      1.46614030	    -11.91628534	    -12.34062698	     -2.95189791	     47.44893165	      0.82814008	    -31.88200379	     -7.70667973	     -7.49541662	     21.55259047	      8.61284343	    -12.66837682	     27.44156873	      0.47894573	      0.19894136	     -9.99964632	     -7.49541662	    -14.65632138	     -8.27298229	      5.14835976	      0.24110633	     -3.71317847	    -22.22528781	     48.12835400	     94.39763858	     -7.96237311	     -2.68374324	    -37.19977948	     36.86358319	     88.46354530
      0.12000000	     -6.96574971	      4.64071821	     80.74318294	     -0.29616584	      0.93020636	      1.45182088	    -10.15070938	    -12.73987494	     -2.24769563	     50.46642226	      0.88080523	    -31.24829838	    -11.98684386	     -7.49554298	     20.04309419	      9.31259151	    -12.54089000	     26.65160453	      0.46515825	      0.84604447	     -9.89530165	     -7.49554298	    -14.86758778	     -8.62577537	      4.70642298	      0.41181127	     -3.52854384	    -22.49039903	     47.52028227	     94.46989103	     -7.29428588	     -2.84214959	    -37.01914946	     36.30143558	     88.56338680
      0.13000000	     -7.23058083	      4.58404988	     80.69272728	     -0.29626265	      0.93303890	      1.43803982	     -7.86140235	    -13.03690717	     -1.76015894	     53.48363268	      0.93346549	    -29.01979089	    -15.63809429	     -7.49572540	     18.75633958	      9.82482493	    -12.73170916	     25.73404392	      0.44914380	      1.37051467	     -9.30587534	     -7.49572540	    -14.85410615	     -8.85586333	      4.39525651	      0.52085167	     -3.40330822	    -22.93710179	     46.99544172	     94.48941674	     -6.49490501	     -3.04999572	    -36.77833386	     35.73868286	     88.61219005
      0.14000000	     -7.23041359	      4.69311680	     80.76933417	     -0.29673994	      0.93637532	      1.42440940	     -5.78753368	    -13.08998766	     -1.62802866	     56.12656818	      0.97959341	    -25.64736491	    -18.56480219	     -7.49584619	     17.19855776	     10.17311675	    -12.60736334	     24.77403331	      0.43238845	      2.09006248	     -8.74457727	     -7.49584619	    -15.07183216	     -8.74881706	      3.88568019	      0.67088514	     -3.44249872	    -23.05915482	     46.53224720	     94.32640842	     -5.72996383	     -3.13909808	    -36.52048345	     35.28939330	     88.48792792
      0.15000000	     -7.37887998	      4.41741574	     80.57350162	     -0.29673706	      0.93940428	      1.41106707	     -3.00906826	    -13.20650200	     -1.12581909	     58.66621308	      1.02391858	    -23.15242772	    -22.12092063	     -7.49599679	     15.96414910	     10.42761443	    -13.27454380	     23.50900726	      0.41030958	      2.44837417	     -7.21823941	     -7.49599679	    -14.77677724	     -8.81365271	      3.73112702	      0.76434674	     -3.38553033	    -23.51899377	     45.96937757	     94.68090241	     -4.93106776	     -3.23535153	    -36.23582770	     34.84790181	     88.72558736
      0.16000000	     -7.42405880	      4.44489701	     80.43478310	     -0.29697903	      0.94284290	      1.39738847	     -0.70301619	    -13.25137024	     -0.68628967	     60.64371092	      1.05843243	    -20.62232520	    -24.96383168	     -7.49605789	     14.29239223	     10.73875099	    -13.53584602	     22.10522514	      0.38580896	      2.83874707	     -6.12676533	     -7.49605789	    -14.78679653	     -8.76570603	      3.54175219	      0.76091576	     -3.50650770	    -23.73667186	     45.55880251	     94.99402301	     -4.13936185	     -3.26690543	    -36.00483082	     34.52721985	     88.95350372
      0.17000000	     -7.30282415	      4.26244019	     80.17429539	     -0.29663206	      0.94603785	      1.38415405	      1.86628979	    -12.94285311	     -0.08112941	     62.31270228	      1.08756182	    -18.42368666	    -27.38151153	     -7.49614290	     12.87362516	     10.76233981	    -14.01159561	     20.74362798	      0.36204461	      3.20547774	     -4.77936701	     -7.49614290	    -14.60366682	     -8.57149883	      3.54028486	      0.73052291	     -3.57062441	    -24.04784637	     45.18036816	     95.26948929	     -3.44371118	     -3.31080749	    -35.63772871	     34.48315597	     89.18954968
      0.18000000	     -6.89457473	      4.09991275	     80.22232088	     -0.29693494	      0.94934180	      1.37084128	      4.15368609	    -12.38409349	     -0.01061674	     63.43140211	      1.10708682	    -16.10629055	    -29.01663225	     -7.49619456	     11.37445040	     10.62871919	    -13.77986284	     19.41692955	      0.33888935	      3.55499422	     -4.05025359	     -7.49619456	    -14.54843273	     -7.96736123	      3.27905776	      0.62725299	     -3.81944814	    -24.09495460	     44.90836097	     95.15679180	     -2.76310805	     -3.26893812	    -35.36374768	     34.51368525	     89.10577067
      0.19000000	     -6.66737640	      3.65307401	     79.84660684	     -0.29628988	      0.95192807	      1.35762748	      6.95527207	    -11.79723922	      0.60256078	     64.44836937	      1.12483624	    -12.60459651	    -29.18667911	     -7.49638213	     10.35814552	     10.38614427	    -14.67762702	     18.35714917	      0.32039269	      4.04849035	     -2.08557205	     -7.49638213	    -13.95836999	     -7.63545471	      3.57331310	      0.37365411	     -3.96844096	    -24.39241801	     44.61793001	     94.86707438	     -2.11386037	     -3.35051353	    -34.66905080	     34.63701901	     88.94558305
      0.20000000	     -6.24352386	      3.28124453	     79.78668230	     -0.29598155	      0.95473792	      1.34468785	      9.40270957	    -10.98522996	      0.85064330	     64.91972048	      1.13306287	     -9.83769857	    -29.49989319	     -7.49653868	      9.19876387	     10.06855015	    -14.85297982	     17.22528324	      0.30063791	      4.31746606	     -0.71197184	     -7.49653868	    -13.63752717	     -7.06473107	      3.57285258	      0.10832981	     -4.16697035	    -24.59303559	     44.48685887	     94.68972525	     -1.49090461	     -3.46011295	    -33.97701489	     34.94088999	     88.88070404
      0.21000000	     -5.69006101	      3.00064897	     79.88679024	     -0.29598327	      0.95759578	      1.33184344	     11.53735056	     -9.99840839	      0.95932243	     64.90467998	      1.13280037	     -7.91655429	    -30.19703509	     -7.49656308	      7.95546901	      9.69718056	    -14.53261485	     16.13926754	      0.28168336	      4.38029078	     -0.08427212	     -7.49656308	    -13.49161486	     -6.33399163	      3.42173079	     -0.09665809	     -4.42273092	    -24.71385996	     44.37945781	     94.67549588	     -0.81009330	     -3.40534874	    -33.67111292	     35.37283912	     88.90498512
      0.22000000	     -5.29815317	      2.72274058	     79.74156014	     -0.29543001	      0.96004573	      1.31865149	     13.67437940	     -9.24556496	      1.12225777	     64.60337675	      1.12754163	     -5.18574283	    -29.28013793	     -7.49672920	      6.65222557	      9.39456221	    -15.16971850	     14.87637948	      0.25964180	      4.65772153	      1.92515314	     -7.49672920	    -13.20727076	     -5.83920529	      3.65162101	     -0.58782061	     -4.59965370	    -25.05136797	     44.45542697	     94.46051747	     -0.29452704	     -3.58602459	    -32.53857468	     35.99093116	     88.89281211
      0.23000000	     -4.87823139	      2.49502812	     79.94817947	     -0.29530729	      0.96245531	      1.30563871	     15.52690807	     -8.48635819	      0.97575834	     63.84965148	      1.11438664	     -3.55958587	    -29.10262667	     -7.49687757	      5.43275152	      9.09026180	    -15.36562220	     13.83836429	      0.24152502	      4.74737878	      3.41979330	     -7.49687757	    -13.08647571	     -5.24982102	      3.50582514	     -1.00123866	     -4.73382517	    -25.45304719	     44.63530262	     94.28762621	      0.25188036	     -3.78931928	    -31.45473038	     36.73539997	     88.99608254
      0.24000000	     -4.54468033	      2.21277020	     80.05544405	     -0.29554996	      0.96421075	      1.29224551	     17.35167026	     -7.90433330	      0.79562098	     62.72764992	      1.09480402	     -2.74069775	    -29.46648447	     -7.49689310	      4.18155435	      8.99155041	    -15.17181417	     12.63877296	      0.22058820	      4.76784734	      3.98592997	     -7.49689310	    -12.72747122	     -4.76289682	      3.40056593	     -1.43907664	     -5.02268580	    -25.56437860	     44.51320814	     94.28652695	      0.79595533	     -3.75879972	    -31.19549242	     37.24083837	     89.04026956
      0.25000000	     -4.04477054	      2.22380900	     80.64030583	     -0.29609952	      0.96599264	      1.27943263	     18.58803673	     -7.29446683	      0.09162933	     61.18399770	      1.06786221	     -1.74059526	    -28.86594732	     -7.49703324	      2.59173061	      8.69989635	    -15.10014289	     11.47363236	      0.20025266	      4.92253972	      5.98564895	     -7.49703324	    -13.01251828	     -4.09123271	      2.95881693	     -1.95938346	     -5.18018079	    -25.82502284	     45.13123670	     94.02860303	      1.20733729	     -4.02050048	    -29.76644692	     38.64719266	     89.22377301
      0.26000000	     -3.67532689	      1.88482444	     81.01605781	     -0.29658463	      0.96706487	      1.26638666	     20.19655766	     -6.77423620	     -0.48232787	     59.41668029	      1.03701670	     -1.38653829	    -28.80738703	     -7.49707930	      1.51807352	      8.48274016	    -14.94706424	     10.48620058	      0.18301873	      4.88405859	      6.76878392	     -7.49707930	    -12.71549524	     -3.51623609	      2.68410617	     -2.41819132	     -5.43510446	    -25.97354553	     45.19777347	     93.87401022	      1.77737593	     -4.03391520	    -29.29388567	     39.43369247	     89.21661194
      0.27000000	     -3.63310312	      1.66219671	     81.38499184	     -0.29690885	      0.96739337	      1.25347212	     21.74036840	     -6.60760880	     -0.94969487	     57.56855940	      1.00476091	     -0.93022115	    -29.02635259	     -7.49708530	      0.38465807	      8.63630181	    -14.91344243	      9.51209884	      0.16601744	      5.08067599	      7.21513011	     -7.49708530	    -12.47144644	     -3.40656191	      2.33019768	     -2.81119003	     -5.55939758	    -26.08701941	     45.20026752	     93.86866336	      2.44733715	     -4.18771508	    -29.01146335	     40.07702528	     89.28057522
      0.28000000	     -3.11499357	      2.25563552	     82.30700811	     -0.29811438	      0.96895686	      1.23973388	     21.79575152	     -6.41271922	     -2.36256397	     54.99082631	      0.95977098	      0.00638986	    -28.16191052	     -7.49717744	     -1.96474539	      8.40308897	    -14.60696233	      8.10765744	      0.14150532	      5.09497627	      9.63443278	     -7.49717744	    -13.37767571	     -2.72118657	      1.50328585	     -3.34641933	     -5.64395791	    -26.54763808	     45.95309077	     93.65053560	      2.48413386	     -4.58015663	    -27.17902243	     42.12942547	     89.65394693
      0.29000000	     -3.17496589	      1.94760767	     82.73631656	     -0.29861792	      0.96849970	      1.22693299	     23.25838902	     -6.43583138	     -3.04982868	     52.63079907	      0.91858073	      0.34383902	    -27.95738848	     -7.49720314	     -2.78058939	      8.54981966	    -14.86338386	      7.46967103	      0.13037035	      5.21016935	     10.23494535	     -7.49720314	    -13.07012709	     -2.69570017	      1.17946985	     -3.80348698	     -5.77952209	    -26.64779473	     45.97251800	     93.51907883	      3.14045392	     -4.73690143	    -26.78753903	     42.90527948	     89.64672244
      0.30000000	     -2.84000368	      2.38103994	     83.57221299	     -0.29966709	      0.96872562	      1.21372061	     23.47648335	     -6.38220284	     -4.47367688	     49.78418028	      0.86889786	      1.08235613	    -26.86011214	     -7.49730712	     -4.62165684	      8.36114379	    -14.87825754	      6.70442768	      0.11701434	      5.75874634	     12.34186252	     -7.49730712	    -13.76345385	     -2.23263708	      0.37759015	     -4.15145278	     -5.84979232	    -26.96156184	     46.45392807	     93.15205953	      3.31083440	     -5.34162188	    -24.93619828	     44.69541771	     89.85328902
      0.31000000	     -2.74165367	      2.40559148	     84.21725980	     -0.30023493	      0.96801248	      1.20083169	     24.27311276	     -6.34294828	     -5.46506357	     46.99582909	      0.82023195	      1.42966224	    -25.69406157	     -7.49752366	     -5.77359534	      8.33043582	    -14.84271685	      6.22822483	      0.10870303	      6.03346169	     13.14751311	     -7.49752366	    -13.89345344	     -2.06554169	     -0.23417295	     -4.50810579	     -5.96862494	    -26.75821516	     46.53802836	     89.85580954	      3.66604669	     -5.87203304	    -23.37208134	     45.97969621	     86.86434281
      0.32000000	     -2.80401105	      2.52865584	     84.91757319	     -0.30111682	      0.96704829	      1.18797400	     24.83802606	     -6.60566466	     -6.85258929	     43.93979236	      0.76689405	      2.33490379	    -23.43480368	     -7.49774424	     -7.08766872	      8.51617167	    -14.43021018	      5.62189273	      0.09812054	      6.23115327	     13.85787798	     -7.49774424	    -14.22140878	     -2.00902310	     -0.86822538	     -4.97771838	     -5.99026727	    -26.84946116	     47.07500967	     87.88658217	      4.13640849	     -6.26682997	    -22.19718659	     47.29736897	     84.87673572
      0.33000000	     -2.94158877	      2.60669976	     85.63752404	     -0.30176506	      0.96549708	      1.17487883	     25.44040606	     -6.85760916	     -7.98906513	     41.00499433	      0.71567216	      3.02790018	    -20.67531284	     -7.49842774	     -8.20923618	      8.66800864	    -14.29411916	      5.38218397	      0.09393683	      6.80627163	     14.66377946	     -7.49842774	    -14.39697116	     -2.08073469	     -1.56429374	     -5.23416328	     -5.79603174	    -27.59557511	     47.13823127	     90.70752806	      4.64208660	     -6.68495695	    -21.63569079	     48.45241196	     87.44249760
      0.34000000	     -3.00074253	      2.72738781	     86.65037740	     -0.30250652	      0.96389193	      1.16232301	     25.82156343	     -7.12737687	     -9.61317182	     37.85841277	      0.66075395	      3.39914403	    -17.75977266	     -7.49849111	     -9.23952341	      8.60571949	    -13.90338851	      5.44813276	      0.09508785	      7.52050901	     15.49828159	     -7.49849111	    -14.72862487	     -2.06348188	     -2.54179011	     -5.34538031	     -5.57877244	    -27.99907187	     47.08764888	     90.48443896	      5.22530023	     -7.15433004	    -20.92700177	     49.61306792	     87.51789456
      0.35000000	     -3.05676939	      3.03038050	     87.48788701	     -0.30308621	      0.96203827	      1.14877876	     26.00065630	     -7.15999281	    -10.54082874	     34.80380599	      0.60744101	      3.36338905	    -15.27050192	     -7.49853287	    -10.59835015	      8.60583840	    -13.53243441	      5.34214089	      0.09323795	      8.14812003	     15.88396723	     -7.49853287	    -15.11971767	     -2.07489775	     -3.31990516	     -5.71508145	     -5.42854999	    -28.32559088	     47.23651489	     90.41688332	      5.62517426	     -7.56877972	    -20.22678458	     50.84672145	     87.65307557
      0.36000000	     -3.29465741	      3.07043438	     88.32974814	     -0.30359337	      0.95971949	      1.13628538	     26.38222036	     -7.66812665	    -12.67456930	     31.60265027	      0.55157030	      3.28109101	    -11.52213000	     -7.49857298	    -11.47962575	      8.67976250	    -13.21630115	      5.53010547	      0.09651855	      8.85496223	     16.50478525	     -7.49857298	    -15.37871446	     -2.25545585	     -4.10960402	     -5.92498356	     -5.17882263	    -28.72691102	     47.34351265	     90.26465762	      6.22118839	     -8.10629120	    -19.36737665	     51.95594565	     87.71923839
      0.37000000	     -3.54710169	      3.47562336	     89.17914530	     -0.30370779	      0.95757989	      1.12304410	     26.35796489	     -8.03414900	    -14.28590863	     28.64513756	      0.49995197	      3.38878207	     -8.04007734	     -7.49861974	    -12.87748562	      8.69978771	    -13.04249217	      5.57822159	      0.09735833	      9.44896869	     17.69088844	     -7.49861974	    -15.97933546	     -2.46067594	     -4.88792926	     -6.11576431	     -4.79273042	    -29.30763411	     47.40340306	     90.26788680	      6.80118043	     -8.74775881	    -18.38510879	     52.94598725	     87.90370284
      0.38000000	     -3.73774875	      3.78495223	     89.97624710	     -0.30399143	      0.95514744	      1.10968391	     26.40815617	     -8.32129135	    -15.88083491	     25.77922191	      0.44993230	      3.54575082	     -4.73844012	     -7.49866293	    -14.14945162	      8.67080513	    -12.88533501	      5.65227403	      0.09865079	     10.04404989	     18.42272391	     -7.49866293	    -16.42455287	     -2.59918270	     -5.64373408	     -6.36627605	     -4.52198228	    -29.68820534	     47.44847891	     90.29265327	      7.32068518	     -9.27420654	    -17.63306051	     53.96305406	     88.10300230
      0.39000000	     -3.97833816	      3.93088295	     90.78209124	     -0.30387800	      0.95247216	      1.09638861	     26.63017145	     -8.62346880	    -17.36515584	     23.04566355	      0.40222271	      3.65901948	     -1.96860465	     -7.49868785	    -15.23025741	      8.60742814	    -12.67860443	      5.79401865	      0.10112470	     10.64073845	     19.24780916	     -7.49868785	    -16.68330872	     -2.81621330	     -6.33190157	     -6.62632133	     -4.14072991	    -30.15245320	     47.37143990	     90.38557659	      7.86826801	     -9.76040675	    -16.92157461	     54.78123764	     88.34327412
      0.40000000	     -4.26440924	      4.17907717	     91.43607641	     -0.30357568	      0.94977941	      1.08302319	     26.74490996	     -8.93877891	    -18.77928087	     20.43232191	      0.35661129	      3.90129869	      0.83753087	     -7.49873504	    -16.39360057	      8.58298727	    -12.73191699	      5.99740673	      0.10467449	     11.10521114	     20.25898328	     -7.49873504	    -17.06592029	     -3.12632648	     -6.88921520	     -6.78071464	     -3.70737954	    -30.73903203	     47.21592762	     90.50081574	      8.55181266	    -10.23070169	    -16.18274995	     55.42571705	     88.55259002
      0.41000000	     -4.45896813	      4.27247253	     92.10827458	     -0.30303131	      0.94694977	      1.06974846	     26.97747016	     -9.12878760	    -20.02138518	     17.90579441	      0.31251507	      3.87214931	      3.20637843	     -7.49886607	    -17.28764918	      8.39467041	    -12.95339092	      6.36363165	      0.11106632	     11.63583440	     21.34467202	     -7.49886607	    -17.26979405	     -3.32535185	     -7.43446717	     -7.01044896	     -3.28602431	    -31.12261755	     47.13061693	     88.66630079	      9.10291994	    -10.78124281	    -15.15684601	     56.09415142	     86.52170321
      0.42000000	     -4.61524005	      4.31650749	     92.71195159	     -0.30238360	      0.94412016	      1.05653492	     27.16843813	     -9.21778968	    -21.17619519	     15.42041166	      0.26913696	      3.56763947	      5.13823613	     -7.49900417	    -18.07314538	      8.15570484	    -13.04307452	      6.81933788	      0.11901990	     12.06936840	     21.98996028	     -7.49900417	    -17.47390398	     -3.47760187	     -7.85638825	     -7.12093779	     -2.88603987	    -31.53364711	     46.86992057	     86.90434832	      9.74780857	    -11.16489467	    -14.23090868	     56.60905548	     84.36089279
      0.43000000	     -4.65598590	      4.12113232	     93.27251600	     -0.30158248	      0.94094948	      1.04343610	     27.58666714	     -9.17202798	    -22.33947124	     13.14696935	      0.22945790	      3.50041626	      7.27382955	     -7.49918055	    -18.37233903	      7.72440493	    -13.50508566	      7.71920939	      0.13472562	     12.70230903	     23.25125930	     -7.49918055	    -17.37081312	     -3.55163653	     -8.23616233	     -7.11722251	     -2.46453486	    -32.15853493	     46.35244599	     87.52744718	     10.42745097	    -11.57286137	    -13.32746864	     56.78309326	     83.60352891
      0.44000000	     -4.70059696	      4.10314551	     93.79418370	     -0.30076474	      0.93811904	      1.02998740	     27.70599239	     -9.06842411	    -23.65503419	     11.10579453	      0.19383268	      3.38032725	      9.28276638	     -7.49922266	    -18.96374198	      7.30828599	    -13.62252198	      8.42721685	      0.14708268	     12.96461839	     23.67048656	     -7.49922266	    -17.47280922	     -3.60195642	     -8.49892571	     -7.16808645	     -1.98204159	    -33.06935109	     46.02369563	     87.81409211	     11.09313747	    -11.75622475	    -12.77726760	     57.01449245	     83.58117998
      0.45000000	     -4.73374325	      4.05284269	     94.25901599	     -0.29993916	      0.93521111	      1.01590567	     27.95513543	     -9.01390496	    -24.76925696	      9.80890925	      0.17119776	      3.32548121	     10.76916648	     -7.49932910	    -19.44790583	      6.81570919	    -14.19733832	      9.34712134	      0.16313804	     13.20102705	     24.95944560	     -7.49932910	    -17.39225858	     -3.63397393	     -8.75847800	     -7.22081083	     -1.61921487	    -33.77727406	     45.46389761	     89.10344654	     11.67191753	    -11.95546220	    -12.17979234	     56.98655246	     84.01483872
      0.46000000	     -4.76874126	      4.19723682	     94.80902421	     -0.29951677	      0.93257770	      1.00134116	     28.16992062	     -9.22682129	    -26.13327316	      9.57956442	      0.16719494	      3.34725146	     12.41506686	     -7.49944575	    -20.16212762	      6.32544716	    -14.34158291	     10.27565769	      0.17934406	     13.27810710	     25.62614181	     -7.49944575	    -17.49931248	     -3.58395276	     -9.02646821	     -7.37909093	     -1.30539091	    -34.47572704	     45.07961127	     89.49122801	     12.12854611	    -12.03020724	    -11.62016009	     57.04035617	     83.85736129
      0.47000000	     -4.76694169	      4.41764754	     95.48790856	     -0.29962229	      0.93025016	      0.98638612	     28.26627462	     -9.56519017	    -27.22782620	      9.93900883	      0.17346843	      3.54692676	     13.70996895	     -7.49952037	    -21.03630428	      5.79935662	    -13.89261984	     11.00502929	      0.19207400	     12.87320357	     25.65156353	     -7.49952037	    -17.63761448	     -3.38871769	     -9.36673683	     -7.66969784	     -1.08407094	    -35.00245462	     44.85869417	     88.84235144	     12.69482896	    -11.85241052	    -11.18183365	     56.67447114	     82.91310897
      0.48000000	     -4.58570366	      4.68852668	     95.96376301	     -0.29935744	      0.92803616	      0.97084480	     28.08910634	     -9.53105650	    -27.62017830	     10.23541191	      0.17864164	      3.73889315	     14.14352025	     -7.49960232	    -21.97820847	      5.12392886	    -13.68169885	     11.70808631	      0.20434466	     12.52098215	     25.78734082	     -7.49960232	    -17.72006083	     -3.03530030	     -9.51173409	     -7.87873528	     -0.93430477	    -35.57490389	     44.42525511	     88.85279237	     13.00405143	    -11.67192259	    -10.80015631	     56.43855961	     82.52993760
      0.49000000	     -4.41937616	      4.96691677	     96.52218952	     -0.29915207	      0.92604969	      0.95503432	     27.76923777	     -9.61213402	    -28.17312403	     10.78587583	      0.18824905	      3.89726933	     14.61968158	     -7.49966065	    -22.88568817	      4.44830417	    -13.09061545	     12.45572912	      0.21739348	     11.73024412	     25.36109724	     -7.49966065	    -17.78730467	     -2.67891474	     -9.71138663	     -8.18116203	     -0.82745989	    -35.92747269	     44.07638656	     88.59074041	     13.30853484	    -11.39800358	    -10.53866926	     56.04771830	     81.84022528
      0.50000000	     -4.06932156	      5.33846351	     96.94240537	     -0.29850960	      0.92433947	      0.93841386	     27.33433060	     -9.33754905	    -27.44830262	     11.65514752	      0.20342070	      4.17775011	     12.96624839	     -7.49977541	    -23.93841837	      3.58719381	    -12.71477807	     13.11145835	      0.22883812	     10.73023299	     24.86460530	     -7.49977541	    -17.81639783	     -2.16307567	     -9.78187476	     -8.29423130	     -0.59382529	    -37.06747571	     43.43641943	     92.14079571	     13.38548969	    -11.06735977	    -10.72423309	     55.61485737	     84.47239403
      0.51000000	     -4.01970956	      5.36262831	     97.45450760	     -0.29799547	      0.92235406	      0.92162907	     27.32546975	     -9.54991088	    -27.07081484	     13.07399233	      0.22818421	      4.40663408	     11.37702796	     -7.49979442	    -24.56121242	      3.07937696	    -11.69009568	     13.86623999	      0.24201154	      9.13612310	     23.49285070	     -7.49979442	    -17.42123405	     -2.05734798	    -10.13936296	     -8.35776879	     -0.67297595	    -36.89925796	     42.12649047	     90.29443053	     13.26778883	    -10.92606203	    -10.45746437	     55.15060598	     83.07784560
      0.52000000	     -3.16159781	      6.17167651	     97.83137417	     -0.29700601	      0.92160616	      0.90396015	     26.00800783	     -8.53198303	    -26.83338109	     13.65822895	      0.23838107	      4.54539480	      9.65609091	     -7.49981483	    -25.93181614	      1.56893089	    -11.73439346	     14.70043212	      0.25657094	      7.85609686	     23.07441635	     -7.49981483	    -17.87723753	     -0.86069202	     -9.99511175	     -8.98516007	     -0.46874191	    -37.50394022	     42.69558161	     89.77267892	     13.05429953	    -10.39173334	    -10.60910611	     54.99968280	     82.43942490
      0.53000000	     -2.74111354	      6.49506725	     97.92544091	     -0.29586782	      0.92031591	      0.88599025	     25.43990685	     -7.90894834	    -25.74378974	     14.78409009	      0.25803105	      4.93173922	      7.56235943	     -7.49983754	    -26.85879127	      0.74910271	    -11.67278545	     15.44482473	      0.26956304	      5.81195541	     22.26793221	     -7.49983754	    -17.70023763	     -0.33381807	     -9.83394327	     -9.37754401	     -0.57125228	    -37.44977397	     42.22495886	     89.21212094	     12.70767736	     -9.98620896	    -10.79689809	     54.55957552	     81.56688255
      0.54000000	     -2.45672401	      6.61465193	     98.19228165	     -0.29512024	      0.91903787	      0.86768789	     25.06170314	     -7.52624458	    -24.75028371	     16.14088690	      0.28171162	      5.17738880	      5.31247279	     -7.49990636	    -27.48592079	      0.03294534	    -11.34108609	     16.30981253	      0.28465993	      3.49946246	     21.06522214	     -7.49990636	    -17.26552827	      0.11371030	     -9.96640321	     -9.51856692	     -0.53074293	    -38.28260671	     41.43565079	     93.14798555	     12.08675542	     -9.57668178	    -11.36267481	     54.12353974	     83.94901178
      0.55000000	     -1.92024909	      6.81928291	     98.40648679	     -0.29418482	      0.91798232	      0.84899555	     24.51631860	     -6.79245706	    -24.05761538	     17.24687487	      0.30101475	      3.84038431	      3.14551275	     -7.49992251	    -28.01683187	     -0.91890792	    -10.89705162	     17.42518182	      0.30412680	      0.96787710	     19.38550759	     -7.49992251	    -16.87754122	      0.82089673	     -9.99103338	     -9.92347427	     -0.68954441	    -38.06248674	     40.97668834	     91.17122775	     11.37574808	     -9.16657887	    -11.53036570	     53.77413999	     82.13111426
      0.56000000	     -1.25640198	      6.95766970	     98.43773889	     -0.29305623	      0.91708545	      0.83033644	     24.17808972	     -5.84653918	    -23.45648577	     17.85192435	      0.31157486	     -0.89538158	      0.40002551	     -7.49993604	    -28.26484590	     -1.91423070	    -10.48378248	     18.86576778	      0.32926976	     -1.71003584	     17.39958198	     -7.49993604	    -16.43619497	      1.65175464	     -9.84441581	    -10.26642732	     -0.93032489	    -37.86356875	     40.52692547	     90.02371105	     10.67719256	     -8.60507539	    -11.99271680	     53.27388964	     80.69368527
      0.57000000	     -0.71264772	      6.95808214	     98.10988424	     -0.29179467	      0.91640403	      0.81219613	     24.19640350	     -4.84610554	    -20.78248356	     19.18550432	      0.33485022	     -2.64791076	     -2.37139955	     -7.49994630	    -28.29210514	     -2.58316940	    -10.14934904	     20.32201924	      0.35468615	     -4.88938419	     15.44642225	     -7.49994630	    -15.99024895	      2.29439397	     -9.32236379	    -10.46785242	     -1.16690832	    -37.98742054	     40.08939605	     89.54527161	     10.00951684	     -7.91630659	    -12.53773649	     52.86885714	     79.63878523
      0.58000000	      0.24633319	      7.04027672	     97.78789222	     -0.28997335	      0.91661382	      0.79449150	     23.90033825	     -3.50375612	    -19.50492054	     20.49008883	      0.35761951	     -3.41076198	     -3.30359737	     -7.49996415	    -28.04857311	     -3.79293378	    -10.06880335	     22.12172364	      0.38609691	     -8.52662097	     13.89106421	     -7.49996415	    -15.70563437	      3.37328353	     -8.83583392	    -10.14076545	     -1.35575723	    -38.80832913	     39.10298245	     94.44242088	      9.47969888	     -7.18382441	    -13.74850604	     52.08086528	     83.38906275
      0.59000000	      1.40535593	      7.12839274	     97.27746612	     -0.28834922	      0.91759403	      0.77704592	     23.65662576	     -2.07681446	    -18.92736671	     21.92113491	      0.38259598	     -4.38403510	     -3.64841400	     -7.49997983	    -27.76778030	     -5.12120183	    -10.33864232	     23.72469620	      0.41407406	    -13.07968874	     12.92318216	     -7.49997983	    -15.52569250	      4.68597737	     -8.16943657	     -9.80491557	     -1.78499226	    -38.90031356	     38.17659443	     94.84446995	      8.96624551	     -6.28207528	    -14.98236554	     51.25098414	     85.25016797
      0.60000000	      2.94729786	      7.27818346	     96.93250922	     -0.28572892	      0.91860457	      0.75977541	     23.42363177	     -0.01716616	    -17.48458822	     23.25314808	      0.40584400	     -5.34365912	     -5.72792510	     -7.49998353	    -27.16324907	     -7.07822428	    -10.38356891	     25.75570042	      0.44952177	    -17.85860647	     11.69737002	     -7.49998353	    -15.42214382	      6.32857013	     -7.58129972	     -9.64688990	     -2.15041649	    -38.27976776	     37.53803176	     92.19965899	      8.40840821	     -5.68150731	    -15.57780985	     50.59731296	     82.54108128
      0.61000000	      3.97949136	      7.37919021	     96.74241588	     -0.28337076	      0.91976625	      0.74258356	     23.26367656	      1.55285264	    -15.61655468	     24.75613704	      0.43207610	     -5.51069052	     -8.15489085	     -7.49998427	    -26.48085785	     -8.61767187	    -10.39588759	     27.59393817	      0.48160507	    -23.10785604	     11.11220625	     -7.49998427	    -15.29830198	      7.35809291	     -7.27693950	     -9.24186075	     -2.40015257	    -37.95253764	     36.51481446	     92.09974219	      7.75910234	     -5.38430478	    -16.06477261	     49.93924949	     82.34749980
      0.62000000	      4.72134489	      7.45185578	     96.62007130	     -0.28168269	      0.92105554	      0.72557757	     22.99313364	      2.84358311	    -13.89179740	     26.18440300	      0.45700404	     -4.75998468	    -10.57403812	     -7.49998488	    -25.57805994	     -9.60397937	     -9.34822425	     29.64255227	      0.51736014	    -26.86776950	     10.36894405	     -7.49998488	    -15.19815868	      8.18841853	     -6.99982228	     -8.94916434	     -2.62662379	    -37.66195412	     35.97487309	     91.77561145	      7.16621456	     -5.05049962	    -16.40819530	     49.24108261	     82.02132969
      0.63000000	      5.45534812	      7.23996255	     95.98725805	     -0.27945396	      0.92208405	      0.70950814	     22.82062012	      4.62030101	    -10.88224227	     26.98803449	      0.47103006	     -5.36825271	    -15.17808259	     -7.49998923	    -24.14766733	    -10.33870839	     -8.78918445	     32.26651360	      0.56315690	    -30.31453671	      8.27671355	     -7.49998923	    -15.02466654	      8.86683393	     -6.24095632	     -8.36276502	     -2.82864267	    -38.20873653	     35.24692633	     97.30300366	      6.75603656	     -4.14418754	    -18.52284049	     48.36621161	     85.56653359
      0.64000000	      5.89385015	      7.45312461	     95.80622018	     -0.27806561	      0.92395951	      0.69356861	     21.95712385	      5.72063497	     -9.31783038	     27.69987247	      0.48345398	     -4.13194177	    -16.41501459	     -7.49998958	    -22.94951698	    -10.96347124	     -7.97563946	     35.07303779	      0.61213999	    -33.80297310	      5.74843086	     -7.49998958	    -15.29284905	      9.32897094	     -5.86157492	     -7.94896284	     -3.00859136	    -37.91697646	     34.92657456	     96.97214259	      6.35226741	     -3.92849398	    -18.75142945	     47.51189522	     85.37433389
      0.65000000	      6.40269285	      7.36615435	     95.69064389	     -0.27693984	      0.92584122	      0.67822113	     21.15149586	      6.75949639	     -8.21804301	     27.82341239	      0.48561016	     -3.31286574	    -17.77989673	     -7.49998998	    -21.12428397	    -11.70382979	     -7.22235958	     38.31076159	      0.66864893	    -36.30602987	      2.63920241	     -7.49998998	    -15.25070633	      9.86682973	     -5.36992622	     -7.59282213	     -3.27318047	    -37.56859775	     34.56240709	     96.73137761	      6.12635119	     -3.46643516	    -19.31134528	     46.41110813	     85.19273685
      0.66000000	      6.80742476	      7.38908178	     95.66841160	     -0.27583460	      0.92849726	      0.66348075	     19.98986530	      7.50990690	     -7.94324944	     27.45625907	      0.47920212	     -2.44722612	    -18.11863501	     -7.49999031	    -19.17197197	    -12.23191482	     -6.21169914	     41.67877483	      0.72743185	    -37.83736693	     -0.32062555	     -7.49999031	    -15.42921575	     10.28126968	     -4.97331962	     -7.07434754	     -3.45065575	    -37.30299097	     34.23504562	     96.53226901	      5.99335913	     -3.19202929	    -19.72130218	     45.18735530	     85.04377078
      0.67000000	      7.10710529	      7.48144619	     95.66232798	     -0.27492280	      0.93160163	      0.64925563	     18.59905157	      8.08270619	     -7.98934217	     26.75443761	      0.46695303	     -1.62823899	    -17.91781030	     -7.49999060	    -17.20455423	    -12.59484799	     -5.21469325	     44.97470497	      0.78495668	    -38.34875001	     -2.95253489	     -7.49999060	    -15.73694882	     10.56038354	     -4.47936894	     -6.46279497	     -3.63581916	    -37.05578429	     33.80433416	     96.35673845	      6.02567554	     -2.91030447	    -20.13049142	     43.89753750	     84.91739017
      0.68000000	      7.06768720	      7.26682772	     95.83672852	     -0.27457595	      0.93452532	      0.63561879	     17.59416577	      8.06650316	     -8.52769005	     26.24606729	      0.45808029	     -0.90339429	    -16.98923381	     -7.49999114	    -14.68094216	    -12.41795194	     -3.93221802	     48.31060571	      0.84317913	    -37.40297806	     -5.25710773	     -7.49999114	    -15.71023623	     10.47823646	     -4.12295910	     -5.94986644	     -3.75458264	    -36.85224462	     33.52202543	     95.99022868	      6.17424748	     -2.48751952	    -20.77895866	     42.50949739	     84.70723361
      0.69000000	      6.95854645	      7.32525670	     95.61761648	     -0.27386624	      0.93813984	      0.62165068	     16.14548552	      8.10226546	     -8.78282277	     25.54667727	      0.44587363	      0.21218817	    -15.95962735	     -7.49999153	    -12.66924843	    -12.02928055	     -3.26006395	     51.26322128	      0.89471200	    -35.24260249	     -7.11835247	     -7.49999153	    -15.95492940	     10.26343344	     -3.49245609	     -5.34315715	     -3.93475285	    -36.53153283	     33.17745051	     95.60962891	      6.11115272	     -2.27870613	    -21.04105791	     41.26116925	     84.46057192
      0.70000000	      6.64774134	      7.02806890	     95.72703432	     -0.27371317	      0.94152760	      0.60844589	     15.16162408	      7.70911074	     -9.57972520	     25.02295625	      0.43673298	      0.99899686	    -14.16321893	     -7.49999226	    -10.02808512	    -11.40717900	     -2.34505004	     54.19357574	      0.94585633	    -32.29503186	     -8.83207905	     -7.49999226	    -15.88049327	      9.85139369	     -3.15104163	     -4.77815776	     -4.05256810	    -36.35240001	     32.94665455	     95.61473777	      6.18635618	     -1.92927120	    -21.94623692	     39.83940146	     84.54031391
      0.71000000	      6.43244640	      7.05433137	     95.83789927	     -0.27330009	      0.94543443	      0.59507888	     13.65738507	      7.51651840	    -10.34852149	     24.07445877	      0.42017857	      1.63669570	    -12.66874016	     -7.49999267	     -7.76929569	    -10.94372471	     -1.61013667	     56.82222611	      0.99173493	    -28.67274577	    -10.21686009	     -7.49999267	    -16.09773481	      9.51155101	     -2.75230634	     -4.19787089	     -4.15825215	    -36.07004276	     32.73687069	     95.40390826	      6.11187756	     -1.88027457	    -22.10973830	     38.77486888	     84.43496530
      0.72000000	      6.17401224	      6.94264790	     96.00498595	     -0.27302594	      0.94902563	      0.58157791	     12.34582148	      7.25121183	    -11.16771835	     23.24994863	      0.40578815	      2.43003280	    -11.11092537	     -7.49999308	     -5.35921068	    -10.44583745	     -1.06603656	     59.30457711	      1.03506013	    -24.04446136	    -11.28446821	     -7.49999308	    -16.04985424	      9.11061878	     -2.55188704	     -3.66119601	     -4.24159199	    -35.69464991	     32.57898523	     95.14644996	      5.86754879	     -1.88406223	    -22.24303541	     37.70741691	     84.24125522
      0.73000000	      5.76988142	      6.77811560	     96.23359485	     -0.27291405	      0.95244358	      0.56809201	     11.07853913	      6.87832949	    -11.77362879	     22.41498588	      0.39121531	      3.14613013	     -9.81775270	     -7.49999339	     -2.86926897	     -9.66795200	     -0.40006698	     61.50236890	      1.07341884	    -20.03129466	    -12.54660783	     -7.49999339	    -15.96647237	      8.56193696	     -2.39616604	     -3.17744110	     -4.28050418	    -35.45861472	     32.56447073	     95.00817337	      5.56804967	     -1.95336668	    -22.41547562	     36.88271496	     84.12483025
      0.74000000	      5.22638917	      6.60095779	     96.24552021	     -0.27248486	      0.95580604	      0.55488256	      9.78695515	      6.45291549	    -11.92849346	     21.45666441	      0.37448944	      3.69381401	     -8.85995327	     -7.49999355	     -0.53122665	     -8.85336148	     -0.33740403	     63.13616215	      1.10193391	    -16.91885052	    -13.93728857	     -7.49999355	    -15.95225058	      7.78441868	     -2.10169443	     -2.69712773	     -4.26068028	    -35.23798569	     32.76888628	     94.87029271	      5.14164795	     -2.07038614	    -22.53296743	     36.32880891	     83.99126787
      0.75000000	      4.81762616	      6.18429219	     96.46554942	     -0.27212985	      0.95843955	      0.54189206	      8.87537181	      6.03663112	    -12.70347690	     20.70199888	      0.36131804	      4.14316578	     -7.37494940	     -7.49999374	      2.16421300	     -8.15317096	     -0.16019895	     64.63374274	      1.12807162	    -14.05335742	    -15.61555819	     -7.49999374	    -15.61216351	      7.16175624	     -2.02591655	     -2.25042092	     -4.27717346	    -34.82777947	     32.90520146	     95.04783720	      4.76119852	     -2.26393657	    -22.78849629	     35.54899280	     83.98423326
      0.76000000	      4.22312408	      5.85371158	     96.28827366	     -0.27137862	      0.96131644	      0.52835341	      7.69840521	      5.59069965	    -12.71454990	     19.62954764	      0.34260024	      4.54422419	     -6.44537684	     -7.49999381	      4.34838437	     -7.29957818	     -0.54797266	     65.38607145	      1.14120223	    -11.56235216	    -17.45706991	     -7.49999381	    -15.37972595	      6.29350905	     -1.74646731	     -1.78184127	     -4.25602062	    -34.54919170	     33.20731054	     95.25963240	      4.17082516	     -2.51379694	    -23.04935147	     35.05178585	     84.04032987
      0.77000000	      3.62089079	      5.59119047	     96.20226476	     -0.27028410	      0.96385813	      0.51527713	      6.56170964	      5.17800588	    -12.66090040	     18.67852879	      0.32600183	      4.88347790	     -5.86236156	     -7.49999384	      6.51064836	     -6.60362416	     -1.09443847	     65.93885481	      1.15085012	     -9.49099631	    -18.87658833	     -7.49999384	    -15.29728982	      5.34225153	     -1.44542547	     -1.32074807	     -4.10911923	    -34.28032502	     33.54925488	     95.38516081	      3.68335365	     -2.89306822	    -23.29731857	     34.72978463	     84.04132206
      0.78000000	      3.17997163	      4.99973394	     96.01275971	     -0.26970578	      0.96544817	      0.50219178	      5.91235949	      4.80084096	    -12.72080367	     17.95721945	      0.31341260	      5.43267125	     -4.77012667	     -7.49999394	      8.93432184	     -6.06331151	     -1.76144867	     66.17684790	      1.15500388	     -7.15620567	    -20.39168856	     -7.49999394	    -14.77817765	      4.69065906	     -1.19843489	     -1.02819990	     -4.22580950	    -33.81282558	     34.19828054	     95.57772578	      2.92834412	     -3.07705478	    -23.69980220	     34.49368397	     84.01592440
      0.79000000	      2.63665070	      4.29046049	     95.77795012	     -0.26901049	      0.96656730	      0.48916841	      5.51414013	      4.22093783	    -13.17751651	     17.48374664	      0.30514894	      6.40775460	     -2.82053273	     -7.49999429	     11.39315560	     -5.37632002	     -2.49054268	     66.01451877	      1.15217071	     -5.62254625	    -22.16532214	     -7.49999429	    -14.18685101	      3.85895066	     -0.96629903	     -1.06973833	     -4.58739307	    -31.93054723	     35.15888937	     96.79330639	      2.30278099	     -3.08082345	    -24.97636485	     34.12901127	     84.38552383
      0.80000000	      2.31445608	      4.02031768	     95.58392264	     -0.26779177	      0.96791649	      0.47618202	      4.50918593	      4.10251120	    -13.04653740	     16.65962757	      0.29076535	      6.64916157	     -2.45606400	     -7.49999430	     13.31659625	     -5.13475159	     -3.27138849	     65.49521209	      1.14310710	     -4.38753700	    -23.07227201	     -7.49999430	    -14.07200679	      3.25212175	     -0.74739646	     -0.60616306	     -4.50053099	    -31.72126495	     35.71932835	     96.96436931	      1.63249633	     -3.50483483	    -25.26889531	     33.89484503	     84.43481234
      0.81000000	      1.93357520	      3.62151915	     94.97585694	     -0.26653482	      0.96876988	      0.46297661	      3.77681515	      3.81393144	    -12.82445373	     16.16046460	      0.28205332	      7.44043939	     -1.29670821	     -7.49999453	     15.07910129	     -4.99659933	     -4.66029945	     64.49782408	      1.12569939	     -3.07086099	    -23.32073971	     -7.49999453	    -13.83671165	      2.57407925	     -0.04496144	     -0.62154746	     -4.69414767	    -30.72728428	     36.98223605	     96.93649672	      0.79346484	     -3.56861802	    -25.95863509	     34.19573394	     84.28824447
      0.82000000	      1.79068793	      3.30657691	     94.63524472	     -0.26503803	      0.96931259	      0.44987667	      2.90492023	      3.81502028	    -12.91222449	     15.49559041	      0.27044907	      7.64294273	     -0.63481577	     -7.49999462	     16.75330430	     -5.13392111	     -5.67449410	     63.20472911	      1.10313063	     -2.22085989	    -23.42308934	     -7.49999462	    -13.62243913	      2.18128414	      0.25822141	     -0.29406936	     -4.71535382	    -30.16932858	     37.80337908	     96.86882550	      0.02015684	     -3.98096361	    -26.32783203	     34.03648645	     84.16894529
      0.83000000	      1.06549052	      3.55820245	     93.80378066	     -0.26404421	      0.97041235	      0.43619146	      1.40387121	      3.15620813	    -12.58569405	     14.93398920	      0.26064728	      8.64828556	      0.80869860	     -7.49999486	     17.31553611	     -4.71809559	     -7.42891293	     61.22291084	      1.06854137	     -1.01448913	    -22.78661334	     -7.49999486	    -14.11611844	      1.21045339	      1.10020539	     -0.55347344	     -5.28829978	    -28.22238412	     39.42535357	     97.19333839	     -0.64224882	     -3.98590506	    -27.39684155	     34.15397258	     84.20887888
      0.84000000	      0.97783812	      3.40306963	     93.44777020	     -0.26273493	      0.97028849	      0.42339879	      0.44926906	      3.15321675	    -12.92094552	     14.36279943	      0.25067814	      9.26639668	      2.19332317	     -7.49999512	     18.64513718	     -4.94044690	     -8.53190180	     59.36588469	      1.03613015	      0.05707607	    -21.54620198	     -7.49999512	    -14.18147737	      0.91810701	      1.45732552	     -0.46042553	     -5.63043937	    -26.85677274	     40.73031866	     97.09963159	     -1.25750073	     -4.17037078	    -28.31649705	     34.05655779	     84.16704940
      0.85000000	      0.85439560	      3.02578367	     93.08619851	     -0.26160014	      0.96964157	      0.41058570	     -0.22525471	      3.12932894	    -12.85722855	     13.89795742	      0.24256512	      9.63710055	      2.56884176	     -7.49999522	     20.06192919	     -4.99290303	     -9.46551491	     57.07626807	      0.99616880	      0.56736350	    -20.83692982	     -7.49999522	    -13.95237490	      0.58405408	      1.79775564	     -0.16485399	     -5.69884900	    -26.42117914	     41.64483370	     96.88925505	     -1.98553131	     -4.46736785	    -28.73736562	     33.97613234	     84.02186783
      0.86000000	      0.64931610	      2.97697260	     92.50054358	     -0.26051927	      0.96912443	      0.39754545	     -1.23250772	      2.96644657	    -12.74935028	     13.51148918	      0.23581997	     10.38486141	      3.34774236	     -7.49999534	     20.90089352	     -5.09060657	    -10.80992671	     54.46324668	      0.95056298	      1.43484668	    -19.28766371	     -7.49999534	    -14.06534035	      0.16807280	      2.39807148	     -0.00733723	     -5.99483637	    -25.54723079	     42.76232641	     96.71461311	     -2.58083396	     -4.60083127	    -29.46132966	     33.93325986	     83.90425448
      0.87000000	      0.54759993	      3.52140735	     92.01496217	     -0.25958181	      0.96911059	      0.38453807	     -2.91215868	      2.92091558	    -12.88483385	     13.06975464	      0.22811025	     10.96228445	      4.52778348	     -7.49999571	     20.95290246	     -5.32958547	    -12.15806763	     51.50043745	      0.89885220	      2.41705279	    -17.31560573	     -7.49999571	    -14.89779274	     -0.04635320	      2.81333523	      0.14943747	     -6.63344649	    -23.70118225	     44.12508058	     96.22843226	     -2.95677623	     -4.45429251	    -31.18249295	     33.84646346	     84.11386241
      0.88000000	      0.54658059	      3.65272272	     91.40518968	     -0.25859191	      0.96819201	      0.37141246	     -4.06275679	      2.93780966	    -12.66504119	     12.80810632	      0.22354363	     11.56822083	      5.11029743	     -7.49999587	     21.39730056	     -5.50071357	    -13.21557947	     48.36524095	      0.84413270	      2.98814756	    -16.11365422	     -7.49999587	    -15.19414627	     -0.20980102	      3.44695318	      0.44252387	     -6.94064166	    -23.06123014	     45.07012662	     95.83888182	     -3.48023563	     -4.52247334	    -31.90941507	     33.69093233	     84.13669909
      0.89000000	      0.74369274	      3.45725534	     91.09356535	     -0.25819721	      0.96649772	      0.35824266	     -4.87802198	      3.18094075	    -12.62211536	     12.49684620	      0.21811111	     12.10122542	      5.47411993	     -7.49999593	     22.27562023	     -5.72181988	    -13.89716241	     45.19083166	      0.78872880	      3.31287735	    -15.35932353	     -7.49999593	    -15.05599569	     -0.05791657	      3.76729304	      0.77411685	     -7.13388990	    -22.67715271	     45.84203448	     95.63173968	     -4.11133345	     -4.60042847	    -32.32886205	     33.49893019	     84.09630341
      0.90000000	      0.63575365	      4.08937420	     90.51106635	     -0.25769394	      0.96579458	      0.34496996	     -6.52441140	      2.95724362	    -12.86063648	     12.39013882	      0.21624872	     12.87507220	      6.96696035	     -7.49999663	     21.89121829	     -5.70861547	    -15.14429010	     41.54515911	      0.72509981	      4.14423074	    -13.11114797	     -7.49999663	    -15.97416814	     -0.29154051	      4.29262837	      0.96225909	     -7.83150868	    -20.96850059	     47.08378573	     93.18170756	     -4.29880926	     -4.31590464	    -34.29464664	     33.32391053	     84.72549550
      0.91000000	      0.75212840	      4.25700574	     90.00001299	     -0.25747073	      0.96411193	      0.33167885	     -7.63356965	      3.00014695	    -12.67305773	     12.34187924	      0.21540643	     13.58500871	      7.39900987	     -7.49999675	     22.07395639	     -5.80056134	    -16.04708463	     37.94956479	      0.66234486	      4.66795493	    -10.91128096	     -7.49999675	    -16.28181865	     -0.23006604	      4.83498058	      1.25943342	     -8.20875334	    -20.44596772	     48.00018610	     92.93362371	     -4.80784580	     -4.27141037	    -34.79387290	     33.22769241	     84.81942275
      0.92000000	      0.89048779	      4.48988055	     89.59749318	     -0.25761706	      0.96228969	      0.31831906	     -8.77931426	      3.03721155	    -12.57702985	     12.41924353	      0.21675669	     14.15286614	      7.69472721	     -7.49999688	     22.11808489	     -5.80651645	    -16.82922978	     34.24633696	      0.59771134	      5.02161798	     -8.30846837	     -7.49999688	    -16.67019892	     -0.10079362	      5.25338240	      1.49190425	     -8.67240191	    -19.73156165	     48.99185634	     92.60653571	     -5.21939977	     -4.13058741	    -35.55834915	     33.09955452	     84.91949076
      0.93000000	      1.11570072	      4.58680165	     89.22205039	     -0.25787000	      0.96002725	      0.30484028	     -9.80243760	      3.16290189	    -12.57754034	     12.38887801	      0.21622671	     14.85131967	      8.14059451	     -7.49999696	     22.30129856	     -5.84239078	    -17.43883783	     30.59947945	      0.53406167	      5.08750120	     -5.18153363	     -7.49999696	    -16.87333124	      0.14266242	      5.66393793	      1.72729250	     -9.09305603	    -19.15097356	     49.85240925	     92.41707041	     -5.65398852	     -3.97255865	    -36.24222230	     32.94634965	     85.05887680
      0.94000000	      1.33636571	      4.58254913	     88.69941847	     -0.25817820	      0.95749608	      0.29170515	    -10.53213624	      3.22136358	    -12.32742994	     12.71727805	      0.22195837	     15.55311434	      8.21551925	     -7.49999703	     22.54321230	     -5.90499458	    -18.18243878	     27.02282387	      0.47163725	      4.95400700	     -1.86630121	     -7.49999703	    -17.01985790	      0.37867435	      6.20151624	      1.99011159	     -9.57922229	    -18.53471486	     50.70231082	     92.27498546	     -5.99704556	     -3.70402247	    -37.09279310	     32.77184597	     85.27747502
      0.95000000	      1.58112502	      4.59414693	     88.23223332	     -0.25859867	      0.95497588	      0.27842178	    -11.28176265	      3.29152724	    -12.15434582	     13.06361546	      0.22800310	     16.08845054	      8.31624185	     -7.49999714	     22.72376388	     -5.93051870	    -18.73761072	     23.61895514	      0.41222853	      4.78103103	      1.61438060	     -7.49999714	    -17.17697404	      0.67303596	      6.63651677	      2.33414476	    -10.03387881	    -17.91360162	     51.38021547	     91.93300245	     -6.28697261	     -3.38385063	    -38.16008661	     32.53163840	     85.57612286
      0.96000000	      1.74140889	      4.43113459	     87.87577430	     -0.25928511	      0.95220998	      0.26522763	    -11.75437507	      3.26277264	    -12.07798920	     13.60578758	      0.23746579	     16.66803815	      8.19817391	     -7.49999720	     22.98574881	     -5.73343336	    -19.07011520	     20.12048557	      0.35116872	      4.35919358	      4.47057257	     -7.49999720	    -17.11561642	      0.88339632	      6.96745996	      2.67201694	    -10.35904851	    -17.50250581	     51.89025281	     91.79496174	     -6.58892538	     -3.13130746	    -38.99343289	     32.21525044	     85.87073294
      0.97000000	      1.82065033	      4.23635611	     87.57151190	     -0.26028753	      0.94937544	      0.25195645	    -12.13422454	      3.08376948	    -12.23294468	     14.28871688	      0.24938516	     17.24949901	      8.42951358	     -7.49999742	     23.26545019	     -5.45410243	    -19.40471613	     16.92913566	      0.29546916	      3.92512099	      7.14276586	     -7.49999742	    -17.04346978	      1.06223226	      7.20705445	      2.98054266	    -10.68975307	    -17.03205552	     52.43259459	     90.97797632	     -6.77050585	     -2.76575218	    -40.23992538	     31.87860770	     85.77145005
      0.98000000	      1.85088714	      4.05614043	     87.13001438	     -0.26131704	      0.94661081	      0.23874118	    -12.41423777	      2.74134621	    -12.33434195	     15.19302930	      0.26516838	     17.77900575	      8.85704753	     -7.49999768	     23.41481308	     -5.17621554	    -19.90593725	     13.96038101	      0.24365461	      3.41691536	      9.50204041	     -7.49999768	    -16.97063498	      1.15555956	      7.48246552	      3.41893314	    -11.02789260	    -16.37831624	     52.71518404	     88.51700938	     -7.02670292	     -2.40244927	    -40.95871278	     31.63022322	     83.42828255
      0.99000000	      1.52906077	      3.75898389	     86.83137534	     -0.26310538	      0.94358824	      0.22520706	    -12.51587049	      2.00192745	    -12.44339967	     16.21253005	      0.28296203	     18.35550688	      9.22643181	     -7.49999857	     23.54593399	     -4.38438178	    -20.00821706	     11.04189708	      0.19271746	      2.69833911	     10.92756819	     -7.49999857	    -16.66688818	      0.98118282	      7.56259529	      3.79133874	    -11.26114219	    -16.20066910	     52.87146270	     89.98154724	     -7.13362823	     -2.04761674	    -42.54613026	     30.97385483	     86.18157961
      1.00000000	      1.48909397	      3.56570046	     86.46621431	     -0.26412296	      0.94083381	      0.21158614	    -12.78710493	      1.53491786	    -12.63301284	     17.12796517	      0.29893939	     18.55403154	      9.81505630	     -7.49999866	     23.60495701	     -4.06800562	    -20.42886260	      8.74451339	      0.15262055	      2.17757574	     12.34510768	     -7.49999866	    -16.50983222	      0.97072803	      7.72849708	      4.20497353	    -11.33700351	    -15.93326854	     52.94285213	     88.58107551	     -7.42064658	     -1.83055552	    -43.13593214	     30.64733798	     84.69775939
      1.01000000	      1.22383866	      3.37775018	     85.86333355	     -0.26505460	      0.93815382	      0.19770254	    -12.89562436	      0.71863575	    -12.42356727	     18.36556731	      0.32053962	     18.81324452	     10.36368743	     -7.49999876	     23.72409192	     -3.70487309	    -21.20022421	      7.17957448	      0.12530721	      1.73016468	     13.26322153	     -7.49999876	    -16.30885205	      0.66958477	      8.03164419	      4.62621378	    -11.42508209	    -15.60130176	     52.83561430	     87.39740474	     -7.65692465	     -1.59662599	    -43.82924614	     30.19590849	     83.25784194
      1.02000000	      1.07206671	      3.32908587	     85.33857037	     -0.26576457	      0.93568170	      0.18316950	    -13.35605722	      0.07813034	    -12.13368759	     19.22724031	      0.33557865	     18.69484385	     11.01905907	     -7.49999887	     24.00682112	     -3.66344654	    -21.93124561	      6.93357255	      0.12101367	      1.86705807	     13.86911568	     -7.49999887	    -16.16245427	      0.44830410	      8.18292258	      5.08139382	    -11.24052646	    -15.67227253	     52.51125498	     88.75686283	     -7.83011993	     -1.23263427	    -45.61328857	     29.76852976	     83.58691485
      1.03000000	      0.84607798	      3.48579273	     84.87133724	     -0.26624440	      0.93362229	      0.16792354	    -14.12843542	     -0.61920079	    -11.81594502	     19.92428327	      0.34774434	     18.42538630	     11.59174393	     -7.49999896	     24.05767116	     -3.56652305	    -21.95740292	      7.28327471	      0.12711712	      2.29379326	     13.11627443	     -7.49999896	    -16.13429381	      0.10678116	      8.25614328	      5.42759853	    -11.01465575	    -15.55764558	     52.14611996	     88.95499534	     -8.21021500	     -1.24833673	    -46.10345211	     29.28345172	     83.54096487
      1.04000000	      0.59351159	      3.68381388	     84.37358989	     -0.26640841	      0.93174241	      0.15251206	    -14.92452591	     -1.31984064	    -11.26166740	     20.62949050	      0.36005253	     17.80732403	     11.76465187	     -7.49999911	     24.07148712	     -3.57148081	    -22.29581156	      8.08527167	      0.14111461	      2.42035722	     12.48922650	     -7.49999911	    -16.11410084	     -0.34697124	      8.29138463	      5.76563895	    -10.62987942	    -15.56586540	     51.71277007	     89.48270693	     -8.55504462	     -1.23822826	    -46.95490512	     28.86418540	     83.65065669
      1.05000000	      0.32737752	      4.04296003	     83.78376222	     -0.26640873	      0.93039229	      0.13653803	    -15.96049435	     -2.11240856	    -10.76359795	     21.15804878	      0.36927761	     16.95042439	     12.16785243	     -7.49999920	     23.53883080	     -3.48016379	    -22.45837268	      8.68457219	      0.15157438	      2.48403189	     11.87960220	     -7.49999920	    -16.21973172	     -0.86869256	      8.52147152	      5.88469487	    -10.14131205	    -15.88633446	     51.41708980	     88.67624967	     -8.88556867	     -1.32156988	    -47.20093499	     28.40915841	     82.72962721
      1.06000000	      0.10024441	      4.35886213	     83.57269144	     -0.26652654	      0.92900056	      0.12013722	    -17.03268373	     -2.62849020	    -10.10598279	     21.60914010	      0.37715064	     15.62428283	     11.62684292	     -7.49999928	     23.12012077	     -3.35155626	    -22.09534739	      9.73728674	      0.16994771	      2.45227254	     11.03402543	     -7.49999928	    -16.23110810	     -1.33168226	      8.36345056	      5.93479822	     -9.50876751	    -16.29107028	     51.05803988	     88.71384731	     -9.22045229	     -1.48259921	    -47.71177357	     27.98484012	     82.35183281
      1.07000000	     -0.36175308	      4.68085482	     83.19626065	     -0.26728848	      0.92772336	      0.10351222	    -17.86611907	     -3.67852651	     -9.93977513	     22.49987908	      0.39269697	     14.29508640	     12.27718255	     -7.49999935	     22.56198427	     -2.91099191	    -21.57261276	     10.83754168	      0.18915079	      1.34134055	      9.04865744	     -7.49999935	    -16.14768005	     -1.97013882	      8.16518044	      6.02013185	     -9.05751588	    -16.36556254	     50.52451344	     89.52084897	     -9.64061675	     -1.52221811	    -48.20086400	     27.54825265	     82.41431292
      1.08000000	     -0.55601676	      5.01072681	     82.99338192	     -0.26785763	      0.92665853	      0.08647630	    -18.86812120	     -4.19764980	     -9.23889751	     23.05467311	      0.40237995	     12.37825668	     11.47129748	     -7.49999940	     22.14201208	     -2.72824715	    -21.59237185	     12.22481316	      0.21336324	     -2.39265739	      5.50393935	     -7.49999940	    -16.09989136	     -2.34855813	      8.10413975	      5.76067050	     -8.44669709	    -17.02826918	     50.36516268	     89.32963317	     -9.88573144	     -1.69099681	    -48.29955791	     27.01565085	     81.80845885
      1.09000000	     -1.05311952	      5.12833828	     83.21561511	     -0.26900046	      0.92586086	      0.06968216	    -19.45562983	     -4.95278149	     -9.14537189	     23.95484552	      0.41809093	     10.19708227	     11.27155617	     -7.49999960	     22.09717891	     -2.08080502	    -20.68283573	     13.76546680	      0.24025272	     -4.62372459	      2.14939967	     -7.49999960	    -15.83260174	     -2.94629127	      7.47789308	      5.70735006	     -7.70623942	    -17.78917649	     49.70574038	     92.76045401	    -10.07933276	     -1.95349262	    -48.73288911	     26.41908019	     82.84566046
      1.10000000	     -1.64807789	      5.11335688	     83.58860379	     -0.27054497	      0.92571986	      0.05365603	    -19.70572001	     -5.70290357	     -9.04681101	     25.05880014	      0.43735857	      7.59434726	     10.31583677	     -7.49999966	     22.35591008	     -1.33045102	    -19.43240053	     15.83808231	      0.27642668	     -5.18988865	      0.62364672	     -7.49999966	    -15.54936383	     -3.61730926	      6.75409157	      5.72412596	     -6.96377913	    -18.45167273	     48.91407938	     92.74624685	     -9.91247013	     -2.14906851	    -49.31528987	     25.74534979	     82.26029316
      1.11000000	     -2.53459713	      5.34054701	     83.89019869	     -0.27214465	      0.92645088	      0.03760650	    -19.96304198	     -6.73253556	     -8.56699654	     26.46299769	      0.46186644	      4.77658400	      8.64434629	     -7.49999969	     22.18540481	     -0.26823258	    -18.67032077	     17.63581381	      0.30780302	     -6.09656608	      0.14923554	     -7.49999969	    -15.52971419	     -4.62397118	      6.02078534	      5.70884037	     -6.18252745	    -19.21648044	     48.21256261	     92.81318127	     -9.74867214	     -2.54340086	    -49.00090721	     24.92507884	     81.59879074
      1.12000000	     -3.53122287	      5.68082325	     84.13859757	     -0.27386570	      0.92793983	      0.02089192	    -20.29856074	     -7.92534523	     -8.20674414	     27.87308417	      0.48647709	      1.11621261	      6.91883823	     -7.49999972	     21.71976553	      0.99487856	    -17.82504068	     19.18420034	      0.33482746	     -7.07565135	     -0.56173479	     -7.49999972	    -15.55808283	     -5.74514881	      5.43592972	      5.48999287	     -5.43474323	    -20.17564744	     47.53414926	     92.45240075	     -9.57426346	     -2.88860588	    -48.57928496	     24.29639681	     80.43709668
      1.13000000	     -4.46993566	      6.10143738	     84.36129417	     -0.27622785	      0.92955035	      0.00395680	    -20.54076579	     -9.15694835	     -8.02650694	     29.47738958	      0.51447750	     -2.90118184	      5.21175799	     -7.49999977	     21.17902674	      2.44320204	    -16.16139884	     20.61804586	      0.35985279	     -7.49432916	     -3.06160692	     -7.49999977	    -15.64730245	     -6.69574893	      4.92515940	      5.12460223	     -4.85945441	    -21.29345563	     47.06761553	     95.40784311	     -9.36642621	     -3.07125759	    -48.55323537	     23.66361897	     81.10887559
      1.14000000	     -5.15843422	      6.49752766	     84.47880470	     -0.27848932	      0.93112586	     -0.01295921	    -20.57128342	    -10.09141298	     -7.47056483	     31.16349102	      0.54390552	     -7.53032662	      3.10620323	     -7.49999978	     20.54698702	      3.67422050	    -14.55644909	     21.94331073	      0.38298302	     -7.08866310	     -5.98989828	     -7.49999978	    -15.72686051	     -7.36083168	      4.57434840	      4.56175776	     -4.57625901	    -21.70392057	     46.84428643	     94.71919950	     -9.16150478	     -3.17261319	    -48.15072795	     23.23936595	     80.80072099
      1.15000000	     -5.63931919	      6.79804713	     84.58635220	     -0.28044163	      0.93260192	     -0.02953165	    -20.26491238	    -10.73335599	     -6.67417176	     33.02682429	      0.57642683	    -12.95269397	      0.43088972	     -7.49999978	     19.74048142	      4.63310429	    -13.41633691	     22.94310053	      0.40043264	     -6.31565436	     -9.05800081	     -7.49999978	    -15.71924810	     -7.80730273	      4.24374349	      3.99219357	     -4.32306046	    -22.01476242	     46.61974792	     94.31800444	     -8.95156642	     -3.27857774	    -47.62897008	     22.92687385	     80.58260138
      1.16000000	     -6.14873294	      6.88702417	     84.66147971	     -0.28238089	      0.93399103	     -0.04557979	    -19.38995617	    -11.41843134	     -5.75658696	     35.28910189	      0.61591102	    -17.90275078	     -2.10172857	     -7.49999979	     19.00436170	      5.61636720	    -12.54937769	     23.65030592	      0.41277571	     -5.07828880	    -10.00243464	     -7.49999979	    -15.57902723	     -8.27173614	      4.04122082	      3.36732153	     -4.13719629	    -22.33848580	     46.48254324	     93.91117951	     -8.61657109	     -3.35757867	    -47.13351432	     22.81082344	     80.35926907
      1.17000000	     -6.36184182	      6.82874307	     84.71097641	     -0.28409322	      0.93543249	     -0.06078642	    -18.11195608	    -11.62126274	     -4.38455241	     37.75873952	      0.65901433	    -21.95981101	     -4.29406195	     -7.49999979	     18.31204584	      6.19920066	    -11.98086517	     24.10762859	      0.42075749	     -3.73845191	    -10.23598124	     -7.49999979	    -15.38789523	     -8.42065052	      3.83481118	      2.89685331	     -3.99678869	    -22.64830831	     46.20896120	     93.61679305	     -8.22580107	     -3.36518788	    -46.56156609	     22.91048085	     80.17980701
      1.18000000	     -6.57921374	      6.97397513	     84.72099611	     -0.28551817	      0.93755353	     -0.07556382	    -16.87031872	    -11.93252663	     -3.43708349	     40.35544814	      0.70433544	    -25.52285900	     -5.41124825	     -7.49999979	     17.12098115	      6.74296762	    -11.74284746	     23.96811157	      0.41832246	     -2.58998877	    -10.52728816	     -7.49999979	    -15.52811528	     -8.60414510	      3.60655600	      2.63063240	     -3.92568546	    -22.86579941	     45.78181537	     93.58579288	     -7.62137406	     -3.39206450	    -46.24133637	     22.89229707	     80.18034181
      1.19000000	     -6.75032841	      6.57140371	     84.40425240	     -0.28618439	      0.93912182	     -0.08957326	    -14.65090255	    -12.08460834	     -2.01386995	     43.36252944	      0.75681891	    -29.57023766	     -9.56709700	     -7.49999980	     16.48620501	      7.01288504	    -12.07116646	     23.67935003	      0.41328262	     -1.77471515	    -10.27963810	     -7.49999980	    -15.01197103	     -8.77766218	      3.71416015	      2.34052759	     -3.65122653	    -23.31195894	     45.35215659	     93.55874127	     -7.08281026	     -3.40629488	    -45.64144807	     23.19224100	     80.20880068
      1.20000000	     -6.83983307	      6.36528145	     84.16382960	     -0.28699473	      0.94121471	     -0.10338857	    -12.57897841	    -12.24380652	     -1.20386504	     46.30124499	      0.80810917	    -32.52072933	    -11.96760257	     -7.49999980	     15.52367303	      7.23347872	    -12.48150908	     23.20771379	      0.40505102	     -0.73438881	     -9.42699790	     -7.49999980	    -14.82024374	     -8.85284915	      3.74456902	      2.26191307	     -3.40453687	    -24.01877725	     44.70863107	     93.81582342	     -6.40423357	     -3.51013613	    -44.84637250	     23.29949803	     80.44213282
      1.21000000	     -7.01902066	      6.38909855	     83.91467356	     -0.28793355	      0.94379460	     -0.11708518	    -10.71343494	    -12.63040668	     -0.70038329	     49.14344186	      0.85771487	    -32.99779023	    -14.56332907	     -7.49999980	     14.17149172	      7.62074087	    -12.88833373	     22.39001317	      0.39077945	     -0.01459697	     -8.78030597	     -7.49999980	    -14.88170526	     -9.00383222	      3.60690911	      2.21574874	     -3.32280731	    -24.23219453	     44.17753207	     93.89774389	     -5.75791643	     -3.48700352	    -44.50800775	     23.65253616	     80.51376282
      1.22000000	     -7.07177649	      6.25471248	     83.50257498	     -0.28838255	      0.94631762	     -0.13036768	     -8.56428123	    -12.72302998	      0.10517794	     51.85852655	      0.90510203	    -31.94449521	    -17.21582928	     -7.49999981	     13.01137851	      7.76548167	    -13.58453043	     21.61303374	      0.37721860	      0.72522261	     -7.73450985	     -7.49999981	    -14.79318808	     -9.08235469	      3.62007425	      2.28305547	     -3.20296663	    -24.58052757	     43.46269734	     93.98737880	     -5.11299276	     -3.43143481	    -44.10354118	     24.22180497	     80.61513767
      1.23000000	     -6.95360870	      6.22098130	     83.34186145	     -0.28925674	      0.94911940	     -0.14341288	     -6.58311417	    -12.58643518	      0.44474868	     54.33749459	      0.94836819	    -29.50395994	    -19.16192881	     -7.49999981	     11.66245535	      7.91969901	    -13.48573546	     20.69424039	      0.36118263	      1.51322652	     -7.14735972	     -7.49999981	    -14.92467978	     -8.85552760	      3.34109721	      2.36877781	     -3.22895083	    -24.61060334	     42.89730397	     93.67774439	     -4.29234043	     -3.41900262	    -43.73553183	     24.51341124	     80.45744613
      1.24000000	     -7.08180438	      5.75811909	     82.66029660	     -0.28917896	      0.95116999	     -0.15625646	     -3.75241335	    -12.70563476	      1.11303761	     56.82945770	      0.99186115	    -26.55251819	    -21.28543218	     -7.49999981	     10.78665151	      8.02994822	    -14.72716812	     19.65194847	      0.34299121	      1.96039463	     -5.74393670	     -7.49999981	    -14.45384072	     -9.05722565	      3.62619810	      2.47608780	     -3.11970088	    -25.07361256	     42.02892149	     93.94576751	     -3.69718384	     -3.47133072	    -43.00434515	     25.24517213	     80.70470090
      1.25000000	     -6.99472414	      5.64724063	     82.28774729	     -0.28944191	      0.95377768	     -0.16935859	     -1.54216937	    -12.49276869	      1.50741077	     58.77850521	      1.02587845	    -23.52930845	    -23.47154798	     -7.49999981	      9.43950618	      8.10716367	    -15.23884494	     18.55095408	      0.32377523	      2.44957116	     -4.70023087	     -7.49999981	    -14.41867508	     -8.95504732	      3.61292406	      2.54570727	     -3.05070445	    -25.40806996	     41.33850933	     94.29474130	     -2.97362566	     -3.50851682	    -42.36905710	     25.79395404	     81.01289907
      1.26000000	     -6.73283732	      5.07409013	     82.06881568	     -0.28979257	      0.95544095	     -0.18175993	      1.21062958	    -11.95400787	      1.72930887	     60.53462774	      1.05652857	    -20.90556179	    -25.26484179	     -7.49999983	      8.84294552	      7.85645250	    -15.75035589	     17.95934169	      0.31344964	      3.16548309	     -3.32701695	     -7.49999983	    -13.98542682	     -8.58678481	      3.50145840	      2.80509560	     -2.82780201	    -26.77433881	     40.45222221	     99.16105622	     -2.42567012	     -3.80967080	    -41.05250586	     26.48027169	     84.38870009
      1.27000000	     -6.55674581	      4.80264763	     81.77121598	     -0.29003418	      0.95750863	     -0.19458831	      3.56130774	    -11.61170025	      1.83104578	     61.77384533	      1.07815699	    -18.31844377	    -26.58433419	     -7.49999985	      7.71705141	      7.82905941	    -16.24065068	     16.91522313	      0.29522634	      3.60302153	     -2.13965130	     -7.49999985	    -13.79597809	     -8.33846752	      3.42444984	      2.82903609	     -2.82612416	    -27.15443472	     39.87342236	     99.43435254	     -1.75896712	     -3.97992263	    -40.11327500	     27.10449221	     84.92744590
      1.28000000	     -6.35170535	      4.49623872	     81.59502917	     -0.29058388	      0.95931616	     -0.20740230	      5.86278573	    -11.29273306	      1.62704059	     62.67762390	      1.09393090	    -15.54806372	    -27.69366493	     -7.49999985	      6.65594577	      7.81561023	    -16.49708480	     15.92423297	      0.27793030	      4.03592845	     -1.17485383	     -7.49999985	    -13.61519024	     -8.01848926	      3.29911670	      2.66448004	     -3.04312489	    -26.85517387	     39.49558987	     97.37742904	     -1.06099766	     -4.14009919	    -38.84523029	     27.83439127	     83.36217129
      1.29000000	     -6.12781185	      4.24729759	     81.52026121	     -0.29110992	      0.96114069	     -0.22037908	      7.94902300	    -10.93486414	      1.31419686	     63.13067764	      1.10183818	    -12.77294371	    -28.54274659	     -7.49999985	      5.46977220	      7.80990763	    -16.74635129	     14.81328194	      0.25854054	      4.21071877	     -0.21367593	     -7.49999985	    -13.46926151	     -7.67640226	      3.05656177	      2.45351290	     -3.15569950	    -26.90759838	     39.23702043	     96.26872870	     -0.33912103	     -4.26751426	    -38.06885035	     28.53089211	     82.36206151
      1.30000000	     -5.80064256	      3.92749173	     81.56702292	     -0.29163896	      0.96268397	     -0.23308475	      9.97976890	    -10.49719468	      0.68204234	     63.19169807	      1.10290319	     -9.86437304	    -28.97577950	     -7.49999986	      4.41020229	      7.65853421	    -16.92926319	     13.82464476	      0.24128557	      4.64025312	      1.09798100	     -7.49999986	    -13.34154333	     -7.21292458	      2.77776387	      2.32593635	     -3.12234022	    -27.68684355	     38.97694168	     98.10495905	      0.20188706	     -4.67078666	    -36.41572811	     29.49832736	     83.43950963
      1.31000000	     -5.46007385	      3.58670477	     81.80950601	     -0.29246527	      0.96409112	     -0.24582552	     11.89670593	    -10.02528958	     -0.03242021	     62.91709834	      1.09811052	     -7.61144136	    -29.32189320	     -7.49999986	      3.35928980	      7.54700287	    -16.66982971	     12.77014489	      0.22288107	      4.67774516	      1.68832539	     -7.49999986	    -13.16323496	     -6.66820864	      2.29025652	      2.13136802	     -3.33143554	    -27.54996886	     38.65217289	     96.93412495	      1.16045005	     -4.82144759	    -35.91125621	     29.94222160	     82.45824589
      1.32000000	     -5.13538014	      3.35640384	     81.89278822	     -0.29314273	      0.96528380	     -0.25842397	     13.66023012	     -9.64458346	     -0.76278288	     62.29648190	      1.08727872	     -5.42490025	    -28.96150479	     -7.49999986	      2.17734997	      7.43808569	    -16.91598586	     11.65887643	      0.20348578	      5.01543065	      3.16437315	     -7.49999986	    -13.15837019	     -6.16804876	      2.04818983	      1.94058646	     -3.31628611	    -28.63706909	     38.64673059	     99.78419177	      1.86871662	     -5.13028807	    -34.60446008	     30.91382083	     83.94256319
      1.33000000	     -4.70484849	      3.10646445	     82.11439417	     -0.29404339	      0.96631375	     -0.27097647	     15.27041997	     -9.15764803	     -1.60534182	     61.28257511	      1.06958271	     -3.56367950	    -28.52795419	     -7.49999986	      1.05714644	      7.24508303	    -16.66401952	     10.63810738	      0.18567000	      5.16998761	      3.56612222	     -7.49999986	    -13.14634045	     -5.52240682	      1.64961904	      1.64413872	     -3.61582099	    -28.34293322	     38.63523948	     96.64079035	      2.79081703	     -5.31033520	    -33.60493543	     31.54962139	     81.63559167
      1.34000000	     -4.46564143	      2.75212567	     82.31198331	     -0.29502566	      0.96669762	     -0.28360211	     17.00762118	     -8.82192647	     -2.28238989	     60.07159820	      1.04844718	     -2.62248325	    -28.59470593	     -7.49999986	      0.10327249	      7.23151732	    -16.55441095	      9.68182865	      0.16897979	      5.38924554	      4.25016458	     -7.49999986	    -12.96091723	     -5.05261981	      1.33373974	      1.26992002	     -3.85679270	    -28.50821884	     38.69368074	     96.84521365	      3.78317195	     -5.36320562	    -33.36624256	     32.25195127	     81.80575756
      1.35000000	     -4.15536477	      2.81787864	     82.58142797	     -0.29586002	      0.96737986	     -0.29634520	     18.07365661	     -8.57278595	     -3.26248434	     58.45560646	      1.02024280	     -1.14065731	    -27.47233350	     -7.49999986	     -1.30755155	      7.12124448	    -16.98182626	      8.76186816	      0.15292345	      5.84383176	      6.16828351	     -7.49999986	    -13.34662371	     -4.59434877	      0.96270140	      0.89164273	     -3.96299450	    -29.05194868	     39.12841888	     97.46808097	      4.61465644	     -5.72808312	    -32.07261417	     33.20131232	     82.63111589
      1.36000000	     -3.89733965	      2.46679506	     82.89319196	     -0.29672829	      0.96717715	     -0.30897673	     19.54943129	     -8.29203207	     -4.22103172	     56.63235664	      0.98842109	     -0.54887604	    -27.29015660	     -7.49999986	     -2.17792866	      7.01249298	    -16.96577208	      8.01344818	      0.13986106	      6.11805185	      6.84676616	     -7.49999986	    -13.19664723	     -4.14087457	      0.57995063	      0.51370426	     -4.18266883	    -29.28677850	     39.21924795	     97.62122259	      5.64552624	     -5.89372718	    -31.67621327	     33.81834563	     82.82349299
      1.37000000	     -3.65598262	      2.68347161	     83.28339497	     -0.29764582	      0.96726324	     -0.32166863	     20.26114468	     -8.17564850	     -5.36702627	     54.48038306	      0.95086206	      0.43285863	    -26.31211129	     -7.49999986	     -3.70432440	      6.95596059	    -17.30900152	      7.20883618	      0.12581793	      6.63220809	      8.60415487	     -7.49999986	    -13.72450204	     -3.75366058	      0.09359650	      0.25723823	     -4.25054359	    -29.82874188	     39.52180285	     97.90249606	      6.57048248	     -6.32267973	    -30.41285707	     34.71275415	     83.45035593
      1.38000000	     -3.55557677	      2.40499403	     83.54601263	     -0.29860087	      0.96642333	     -0.33438897	     21.55229309	     -8.06305281	     -6.25263132	     52.25341700	      0.91199417	      0.63562382	    -26.05826375	     -7.49999987	     -4.63887780	      7.03090241	    -17.40564283	      6.44221853	      0.11243792	      6.89103355	      9.27270467	     -7.49999987	    -13.59285793	     -3.46853886	     -0.29280570	     -0.06188340	     -4.46268185	    -30.06214668	     39.58563062	     98.04929950	      7.59961870	     -6.47834635	    -29.97047892	     35.24023027	     83.69086144
      1.39000000	     -3.41283231	      2.83165306	     84.08695456	     -0.29944975	      0.96625211	     -0.34723683	     21.75971262	     -8.04443325	     -7.49660506	     49.50630035	      0.86404794	      1.46483138	    -25.32364770	     -7.49999987	     -6.33601792	      7.03707502	    -17.60119238	      5.75356140	      0.10041859	      7.35517090	     10.94958428	     -7.49999987	    -14.37355878	     -3.23298465	     -0.85490607	     -0.31524285	     -4.51458185	    -30.61025268	     39.84543468	     98.19582509	      8.57692930	     -7.03258083	    -28.61062607	     36.15153643	     84.29765108
      1.40000000	     -3.41440729	      2.76932950	     84.46994088	     -0.30033044	      0.96505482	     -0.35983215	     22.59143446	     -8.11719478	     -8.68031198	     46.72260013	      0.81546321	      1.97089148	    -24.38446943	     -7.49999987	     -7.37971197	      7.16250416	    -17.79882701	      5.22402135	      0.09117637	      7.69526030	     11.92072774	     -7.49999987	    -14.51315502	     -3.10160900	     -1.37157793	     -0.53025144	     -4.59903582	    -30.98339744	     39.90079892	     98.18339683	      9.56565312	     -7.42875640	    -27.74732726	     36.76511588	     84.63963465
      1.41000000	     -3.88608088	      2.53419615	     84.60395619	     -0.30073313	      0.96302949	     -0.37187443	     23.92443935	     -8.40743648	     -9.06245789	     44.15571079	      0.77066254	      2.08869588	    -24.26019007	     -7.49999987	     -8.15328382	      7.80054024	    -17.88608764	      4.71012966	      0.08220727	      7.91778430	     12.25171528	     -7.49999987	    -14.49295680	     -3.57188172	     -1.66914783	     -0.69405962	     -4.68436496	    -31.05327245	     39.84384678	     98.33583049	     10.80261585	     -7.69148397	    -27.54928950	     37.34091606	     84.77998253
      1.42000000	     -3.60969373	      3.07228453	     85.39266252	     -0.30181200	      0.96243623	     -0.38486523	     23.65624263	     -8.39922398	    -10.94668446	     40.86369759	      0.71320607	      3.09676920	    -21.48157930	     -7.49999987	     -9.98795801	      7.59287896	    -17.65071502	      4.07192014	      0.07106841	      8.32818330	     13.75872356	     -7.49999987	    -15.36599200	     -3.10395115	     -2.41326363	     -0.81078513	     -4.65381088	    -31.92230624	     39.98468146	     98.05266309	     11.74981020	     -8.33941017	    -25.73658417	     38.14943682	     85.35278214
      1.43000000	     -3.68623984	      3.19791376	     85.96431881	     -0.30258360	      0.96083018	     -0.39765862	     24.04273895	     -8.55601306	    -12.37491722	     37.75290502	      0.65891249	      3.45654817	    -18.96645459	     -7.49999987	    -11.21198690	      7.70650460	    -17.34069640	      3.67427430	      0.06412818	      8.65029862	     13.99820871	     -7.49999987	    -15.76133455	     -3.05558951	     -3.07280721	     -0.92206518	     -4.55565565	    -32.51945210	     40.04323805	     95.81902990	     12.59157980	     -9.03248616	    -23.93599845	     38.98834029	     83.92803981
      1.44000000	     -3.89802288	      3.28286606	     86.32342512	     -0.30259131	      0.95885976	     -0.41012315	     24.55574726	     -8.59974875	    -13.23213569	     34.68363312	      0.60534359	      3.91466993	    -16.29842056	     -7.49999987	    -12.17603420	      7.86961603	    -17.92474004	      3.66811878	      0.06402075	      9.22873211	     15.63407099	     -7.49999987	    -16.07622582	     -3.26415459	     -3.42219126	     -1.26513093	     -4.67460054	    -32.22132921	     40.17322772	     94.48174423	     13.83697079	     -9.63360450	    -22.60927065	     39.37784977	     83.01587213
      1.45000000	     -4.02772635	      3.36453881	     86.84677199	     -0.30307939	      0.95681066	     -0.42263872	     24.97210655	     -8.71007028	    -14.58559608	     31.64474974	      0.55230507	      4.22869271	    -12.47969085	     -7.49999987	    -13.24634416	      8.00659541	    -17.45289790	      3.45021298	      0.06021758	      9.67344980	     15.58983236	     -7.49999987	    -16.46399876	     -3.30333870	     -3.94277082	     -1.42472465	     -4.61261106	    -32.66436261	     40.31952668	     92.06639278	     14.87095546	    -10.08777208	    -21.42587293	     40.06720010	     81.19990959
      1.46000000	     -4.16218028	      3.13818975	     87.18518946	     -0.30295958	      0.95431022	     -0.43516508	     25.68504206	     -8.58624691	    -15.47103930	     28.53660460	      0.49805771	      4.01887056	     -9.30918721	     -7.49999987	    -13.76862281	      8.03772197	    -17.72986604	      3.68450926	      0.06430682	     10.24249503	     16.16228234	     -7.49999987	    -16.39742829	     -3.38673055	     -4.39377685	     -1.50756842	     -4.61586595	    -32.92348915	     40.11115313	     92.50834740	     15.92587532	    -10.50211537	    -20.90235443	     40.32281739	     81.60755672
      1.47000000	     -4.30835044	      3.31302325	     87.61321069	     -0.30275939	      0.95221071	     -0.44772495	     25.93461202	     -8.58198351	    -16.58711805	     25.71064986	      0.44873549	      4.37619732	     -4.99195283	     -7.49999987	    -14.72074120	      8.06177437	    -17.86691261	      3.94234786	      0.06880695	     10.65975407	     16.77811089	     -7.49999987	    -16.84494108	     -3.48497385	     -4.82724088	     -1.49331775	     -4.44833646	    -33.62654030	     39.97472685	     93.26885641	     17.05056130	    -10.95831998	    -20.11914931	     40.71609651	     82.36177344
      1.48000000	     -4.36540743	      3.17783399	     87.99997092	     -0.30217670	      0.94975189	     -0.46040912	     26.50853563	     -8.28770513	    -16.86013473	     23.08015233	      0.40282465	      4.32792650	     -1.74015585	     -7.49999987	    -15.25312255	      7.94114660	    -17.93568324	      4.38946991	      0.07661070	     11.29288286	     16.97656658	     -7.49999987	    -16.89303743	     -3.52748035	     -5.18159472	     -1.34403595	     -4.05998053	    -35.31304339	     39.61789848	     97.58806939	     18.06643143	    -11.45196287	    -19.48735184	     40.97075706	     85.58392019
      1.49000000	     -4.43954213	      3.01898143	     88.30807560	     -0.30156645	      0.94702889	     -0.47298067	     26.93298313	     -8.06960832	    -17.75684140	     20.28330118	      0.35401039	      4.84022774	      2.11173989	     -7.49999987	    -15.69411670	      7.82787314	    -18.09787526	      4.95380802	      0.08646026	     11.88161162	     17.13179010	     -7.49999987	    -16.91827454	     -3.57833449	     -5.46204884	     -1.52803695	     -4.00878202	    -35.28371869	     39.55736263	     94.48166277	     18.99792490	    -11.86505449	    -18.35766408	     41.22320456	     83.04857822
      1.50000000	     -4.31845078	      2.74478825	     88.60850301	     -0.30026529	      0.94436866	     -0.48567466	     27.40385628	     -7.53238100	    -18.08639539	     17.72555153	      0.30936924	      4.81655453	      4.49652115	     -7.49999987	    -15.89125186	      7.40572608	    -18.21955654	      5.79670928	      0.10117166	     12.56638786	     17.14077143	     -7.49999987	    -16.79769564	     -3.47317670	     -5.67771228	     -1.33717366	     -3.62301990	    -36.83347721	     39.07793555	     97.86722610	     19.91320648	    -12.17855751	    -18.12058281	     41.46365286	     85.51428483
      1.51000000	     -4.26371516	      2.40516948	     89.03657510	     -0.29926284	      0.94164959	     -0.49829276	     27.86825277	     -7.15010870	    -18.41860429	     15.43178481	      0.26933545	      4.61880529	      6.49184779	     -7.49999987	    -15.93076931	      7.03197791	    -17.62070724	      6.79212906	      0.11854502	     12.96472907	     15.83727385	     -7.49999987	    -16.55870508	     -3.41117723	     -6.16177246	     -1.14610127	     -3.56381344	    -36.86124126	     38.20659610	     94.26275518	     20.66665358	    -12.59439818	    -17.34116761	     41.54874791	     82.87835944
      1.52000000	     -3.90971104	      2.19466865	     89.09551903	     -0.29740162	      0.93899099	     -0.51148044	     27.97067608	     -6.20068059	    -18.26441545	     13.09231885	      0.22850407	      3.87837718	      7.16979584	     -7.49999987	    -16.10491498	      6.29757231	    -18.53313481	      7.90053696	      0.13789038	     13.62019816	     17.03867097	     -7.49999987	    -16.45656871	     -3.08334383	     -5.86209532	     -1.50384386	     -3.24959961	    -37.89619377	     38.60278906	     95.11176968	     21.56000287	    -12.61046025	    -16.90967984	     41.67462492	     82.92372090
      1.53000000	     -3.66801155	      1.88576056	     89.39021364	     -0.29613329	      0.93632280	     -0.52506360	     28.24029552	     -5.66901009	    -18.84398829	     11.58156266	      0.20213640	      3.34893806	      8.47014493	     -7.49999987	    -16.14400757	      5.65455840	    -18.51653937	      9.09183564	      0.15868247	     14.00727163	     16.93846543	     -7.49999987	    -16.13792569	     -2.80432756	     -6.05166193	     -1.31756515	     -2.94786117	    -39.48329540	     37.96110516	     99.27811095	     22.08265926	    -12.73344690	    -17.03723413	     41.86684109	     86.19482317
      1.54000000	     -3.44081562	      1.79748221	     89.61570618	     -0.29509453	      0.93390648	     -0.53947353	     28.44890677	     -5.25972803	    -19.06143115	     11.11629768	      0.19401600	      3.24825171	      9.17262626	     -7.49999987	    -16.57475304	      5.10322689	    -18.33679166	     10.04580678	      0.17533240	     14.22528624	     16.82116491	     -7.49999987	    -15.93257885	     -2.50735696	     -6.08821506	     -1.59462502	     -2.93038745	    -39.84087033	     37.71062578	     98.06735497	     22.47827610	    -12.64677427	    -16.79817211	     41.97136670	     85.02354643
      1.55000000	     -3.19460013	      1.82963443	     89.82226453	     -0.29422531	      0.93172045	     -0.55443406	     28.68373390	     -5.00220466	    -19.22251550	     11.69695913	      0.20415045	      3.36397256	      9.84620536	     -7.49999987	    -17.20981749	      4.55211555	    -18.12325659	     10.85570144	      0.18946773	     13.89175818	     16.71942231	     -7.49999987	    -15.78433537	     -2.15947614	     -6.10498606	     -1.90485687	     -2.97706068	    -40.16812280	     37.47758994	     97.40528767	     22.72588172	    -12.48326256	    -16.72125342	     42.11871397	     84.08889226
      1.56000000	     -2.90274457	      1.98838752	     90.16880045	     -0.29382331	      0.92993122	     -0.56982142	     28.62373230	     -4.79152095	    -19.11126466	     12.57485870	      0.21947269	      3.65309630	      9.97469171	     -7.49999987	    -17.97609135	      3.92718360	    -17.60068972	     11.70239110	      0.20424526	     13.47236448	     16.45049678	     -7.49999987	    -15.74435327	     -1.66965990	     -6.30120978	     -2.18512196	     -3.08451077	    -40.44962294	     37.22360507	     96.92035756	     22.76975140	    -12.19586583	    -16.91742543	     42.39296726	     83.16101200
      1.57000000	     -2.59790701	      2.23320945	     90.40735903	     -0.29315885	      0.92844803	     -0.58576344	     28.21331528	     -4.44861696	    -18.49340779	     13.41527342	      0.23414069	      3.68611453	      9.73009282	     -7.49999987	    -18.89868533	      3.31992947	    -17.07313704	     12.42409579	      0.21684138	     12.67915219	     16.05355496	     -7.49999987	    -15.70277367	     -1.19406831	     -6.35450826	     -2.30778073	     -3.08679702	    -41.55579834	     36.73176506	     99.74247335	     22.71904776	    -11.86846391	    -17.43718410	     42.47702264	     85.73512227
      1.58000000	     -2.21379003	      2.49411584	     90.58737605	     -0.29227595	      0.92709053	     -0.60203633	     27.61050335	     -3.97222966	    -17.72565504	     14.31491607	      0.24984242	      3.60970800	      9.23917384	     -7.49999987	    -19.85072463	      2.61264890	    -16.70814429	     13.10782898	      0.22877477	     11.60811439	     15.91129926	     -7.49999987	    -15.64779194	     -0.65377315	     -6.35239974	     -2.72406624	     -3.23454522	    -41.53547766	     36.52483880	     98.13818286	     22.43213580	    -11.58874559	    -17.46474675	     42.82613597	     84.00617442
      1.59000000	     -1.76423205	      2.75706539	     90.72830439	     -0.29099002	      0.92591926	     -0.61851784	     27.04042287	     -3.37737621	    -16.76412940	     15.60582633	      0.27237305	      2.77992802	      7.52257164	     -7.49999987	    -20.70453513	      1.74914903	    -16.61375793	     13.99716967	      0.24429670	     10.29762761	     16.04968005	     -7.49999987	    -15.57346603	     -0.06004171	     -6.33987563	     -2.90981394	     -3.26238771	    -42.27941748	     36.11703792	     99.94147703	     22.06504038	    -11.25026848	    -18.14180888	     43.09056570	     86.28130056
      1.60000000	     -1.24555722	      3.11996758	     90.67614505	     -0.28944377	      0.92508617	     -0.63548768	     26.40934605	     -2.62091348	    -16.16620460	     16.79678890	      0.29315927	     -0.52932058	      4.81462103	     -7.49999987	    -21.70575282	      0.92903770	    -16.55543667	     14.80574560	      0.25840901	      8.60234852	     15.77119415	     -7.49999987	    -15.53191615	      0.57844318	     -6.09446126	     -3.35195993	     -3.46842359	    -42.15611866	     35.88428410	     98.13301159	     21.58523122	    -10.80782935	    -18.43268011	     43.26560354	     83.99988994
      1.61000000	     -0.71783720	      3.35764340	     90.48214096	     -0.28776570	      0.92455294	     -0.65194937	     26.12617456	     -1.72018964	    -14.51976793	     17.81758744	      0.31097557	     -3.20336398	      1.80397411	     -7.49999987	    -22.41941880	      0.16371727	    -16.37356906	     15.78729167	      0.27554022	      6.62935119	     15.08618496	     -7.49999987	    -15.48405901	      1.22806615	     -5.68217170	     -3.59149309	     -3.64437865	    -42.28659032	     35.54273850	     97.41171321	     21.10876927	    -10.34270104	    -18.74963673	     43.55735412	     82.91584987
      1.62000000	     -0.33755704	      3.44273243	     90.03247397	     -0.28558796	      0.92413552	     -0.66819124	     26.05392968	     -0.92594454	    -12.50870334	     19.43993269	      0.33929083	     -3.99640750	     -0.31341111	     -7.49999987	    -22.80490535	     -0.41416774	    -16.33625418	     17.05279458	      0.29762741	      4.19841634	     14.43472696	     -7.49999987	    -15.30960535	      1.62910511	     -5.13108148	     -3.72022325	     -3.81763970	    -42.34685089	     35.06650811	     96.91388929	     20.52338352	     -9.96367385	    -19.11130729	     43.74159122	     81.98686341
      1.63000000	      0.39875545	      3.63344136	     89.59688134	     -0.28331695	      0.92467199	     -0.68478951	     25.70053078	      0.21716292	    -10.88884234	     21.05615664	      0.36749926	     -5.25762554	     -1.56953016	     -7.49999987	    -23.15927191	     -1.38597235	    -16.46613594	     18.49694575	      0.32283260	      1.43803897	     13.47123256	     -7.49999987	    -15.22201115	      2.41062292	     -4.52435265	     -3.70739886	     -4.01501754	    -42.67983073	     34.34003705	     97.14145751	     19.86586766	     -9.29306839	    -20.02289520	     43.81526265	     81.74157508
      1.64000000	      1.29107891	      3.78363494	     89.29559284	     -0.28114449	      0.92583534	     -0.70105611	     25.24706034	      1.46079966	     -9.54064538	     22.47560437	      0.39227330	     -6.06520834	     -4.25063269	     -7.49999987	    -23.19809320	     -2.55249904	    -16.28751664	     20.32654785	      0.35476519	     -1.85079545	     11.68611977	     -7.49999987	    -15.20759033	      3.39592806	     -4.14883976	     -3.48852527	     -4.22105267	    -42.97683406	     33.54439181	     99.14909454	     18.94048184	     -8.94510091	    -20.61106475	     44.08652963	     83.36566025
      1.65000000	      2.18266215	      4.08962978	     89.12852804	     -0.27844810	      0.92753303	     -0.71757830	     24.57174395	      2.77331320	     -8.22599216	     23.70604004	      0.41374845	     -6.31694640	     -6.84845025	     -7.49999987	    -23.19973459	     -3.84589754	    -16.05290452	     22.35735025	      0.39020937	     -5.62971008	      9.76918111	     -7.49999987	    -15.32358057	      4.28565268	     -3.82504899	     -3.12061001	     -4.17268243	    -44.07716622	     32.56886364	    101.88682366	     18.25384014	     -8.37875822	    -22.10331894	     44.03635988	     86.72643198
      1.66000000	      2.87490422	      4.49817456	     88.86536436	     -0.27549523	      0.92945800	     -0.73396845	     23.69456653	      4.10403926	     -6.33876607	     24.82354899	      0.43325266	     -6.01190442	     -9.93148097	     -7.49999987	    -23.10805942	     -4.87656657	    -15.57153975	     24.56042671	      0.42866031	     -9.99766330	      7.64969657	     -7.49999987	    -15.54844766	      4.87870951	     -3.43908407	     -3.00390002	     -4.19392344	    -43.96512857	     31.91424691	    100.60200287	     17.44055157	     -8.02223916	    -22.67534741	     44.07014467	     85.50651613
      1.67000000	      3.58183433	      4.67535034	     88.80407966	     -0.27258495	      0.93102618	     -0.74991452	     22.93322411	      5.44588928	     -4.74069263	     25.87102049	      0.45153449	     -4.73343373	    -11.81094500	     -7.49999987	    -22.33591605	     -6.07521928	    -14.78774251	     27.29955909	      0.47646719	    -14.96797504	      5.35533788	     -7.49999987	    -15.53509786	      5.48247503	     -3.18838588	     -2.94808884	     -4.13109056	    -43.91537932	     31.40544042	    100.52089922	     16.70656557	     -7.83329394	    -22.94243483	     43.90358429	     85.08679764
      1.68000000	      4.08883162	      4.85732396	     88.87858265	     -0.27033400	      0.93264085	     -0.76548202	     22.14060028	      6.35447409	     -3.81948245	     26.89827367	      0.46946344	     -2.89429753	    -12.63132437	     -7.49999987	    -21.24792881	     -7.02420672	    -13.47933216	     30.26583552	      0.52823848	    -18.93117840	      3.98810134	     -7.49999987	    -15.55802077	      5.95541816	     -2.98677959	     -2.97756144	     -4.02139710	    -43.65256771	     31.19997145	     99.80380507	     15.93118858	     -7.57610238	    -23.05891957	     43.83067790	     84.65695395
      1.69000000	      4.41983766	      4.71778579	     89.11918048	     -0.26893487	      0.93405467	     -0.78026878	     21.55827497	      6.90957923	     -3.29966975	     27.42770910	      0.47870383	     -2.30948491	    -14.04732693	     -7.49999987	    -19.42691274	     -7.57821126	    -11.16056967	     33.67705801	      0.58777554	    -22.20454681	      0.18418225	     -7.49999987	    -15.35527357	      6.33403964	     -3.08368223	     -2.80463125	     -4.05415072	    -43.37635320	     30.90446592	     99.36634601	     15.11205916	     -7.35936449	    -23.38028493	     43.71111380	     84.34914632
      1.70000000	      4.64516462	      4.58315557	     89.47128519	     -0.26766198	      0.93537320	     -0.79501182	     20.90611244	      7.30479822	     -2.98490877	     27.90300431	      0.48699930	     -1.08671524	    -14.68061580	     -7.49999987	    -17.40732342	     -7.99999057	     -9.00810587	     37.26609667	      0.65041609	    -25.04973529	     -3.15431990	     -7.49999987	    -15.09775232	      6.56980850	     -3.09913036	     -2.77972862	     -3.97227343	    -43.24029817	     30.77593376	     99.09670262	     14.58322227	     -7.01045957	    -23.77742327	     43.33329769	     84.12042067
      1.71000000	      4.77407812	      4.35512889	     89.79610603	     -0.26699186	      0.93705100	     -0.80904924	     20.19684985	      7.43760590	     -3.20359092	     27.94020911	      0.48764864	      0.11875093	    -14.40421449	     -7.49999987	    -15.09010433	     -8.17164818	     -7.08801168	     40.92953420	      0.71435513	    -28.23025563	     -7.00952848	     -7.49999987	    -14.83875224	      6.76384124	     -3.02774409	     -2.33997735	     -3.86275914	    -44.38445492	     30.31645480	    102.72042220	     14.35088626	     -6.34147379	    -25.01370816	     42.43011139	     86.60332934
      1.72000000	      5.12527871	      4.43766875	     90.21200217	     -0.26625135	      0.93939781	     -0.82313421	     18.86986925	      7.78429288	     -3.71667839	     27.40981910	      0.47839159	      0.91268310	    -14.02363270	     -7.49999987	    -13.10271593	     -8.72210948	     -5.73407814	     44.45095724	      0.77581556	    -30.82605480	     -9.73612454	     -7.49999987	    -14.93428951	      7.18226157	     -2.85706963	     -2.33190363	     -3.83392164	    -44.19953490	     30.46394306	    102.53642366	     14.13268851	     -5.93221398	    -25.13417474	     41.62295220	     86.55940649
      1.73000000	      5.27503348	      4.70502508	     90.44101958	     -0.26553007	      0.94223400	     -0.83700877	     17.26725819	      7.95597641	     -4.09577748	     26.78209624	      0.46743576	      1.97164318	    -13.52749514	     -7.49999987	    -11.36284172	     -8.95417608	     -4.70120727	     47.58519215	      0.83051828	    -32.48546634	    -11.87469822	     -7.49999987	    -15.30270144	      7.33450853	     -2.53652396	     -2.12421098	     -3.89726566	    -43.98917688	     30.38772467	    102.56565095	     13.83413142	     -5.57325526	    -25.32630476	     40.81600689	     86.55597003
      1.74000000	      5.23055931	      4.78181746	     91.01214146	     -0.26561601	      0.94514022	     -0.85040750	     15.84672797	      7.72447408	     -5.06425770	     26.02050907	      0.45414356	      2.87731483	    -12.53306354	     -7.49999987	     -9.25720280	     -9.00118355	     -3.57310181	     50.61096203	      0.88332792	    -32.23928108	    -14.65190378	     -7.49999987	    -15.41889849	      7.38824000	     -2.51407485	     -1.93972815	     -3.87900730	    -43.74712550	     30.51519987	    102.33428779	     13.65688236	     -5.09222499	    -25.57845521	     39.83006125	     86.40928925
      1.75000000	      4.92956664	      4.55235209	     91.64196216	     -0.26570895	      0.94789797	     -0.86364207	     14.81928055	      7.14742635	     -6.38324987	     25.38804395	      0.44310496	      3.75601485	    -10.37427915	     -7.49999987	     -6.82157990	     -8.69128940	     -2.51982305	     53.29330969	      0.93014372	    -30.80208698	    -16.82568761	     -7.49999987	    -15.16916327	      7.10060110	     -2.55304863	     -1.90072769	     -3.81823263	    -43.29093220	     30.63965789	    101.90457053	     13.52067307	     -4.48876694	    -26.55385882	     38.68667670	     86.22625778
      1.76000000	      4.82936002	      4.53191533	     91.97834830	     -0.26539691	      0.95090295	     -0.87645402	     13.42356267	      6.95089178	     -7.29484882	     24.40745982	      0.42599054	      4.29872184	     -9.26610470	     -7.49999987	     -4.67323392	     -8.64726065	     -2.18393641	     55.69445425	      0.97205160	    -27.65429376	    -18.33964194	     -7.49999987	    -15.29149656	      7.00329395	     -2.28365135	     -1.59953777	     -3.87059233	    -42.92954226	     30.65033725	    101.54018037	     13.33839260	     -4.12658161	    -26.80473172	     37.68760861	     86.01688574
      1.77000000	      4.75848330	      4.19132836	     92.58756472	     -0.26543086	      0.95338874	     -0.88908032	     12.35769635	      6.75594358	     -8.37164272	     23.29244263	      0.40652981	      4.83574595	     -7.66320400	     -7.49999987	     -1.93594538	     -8.48632764	     -1.34675851	     58.08060606	      1.01369781	    -24.09619224	    -19.60988945	     -7.49999987	    -15.01863516	      6.95348571	     -2.23655540	     -1.43363367	     -3.91261663	    -42.41013981	     30.87304670	    101.22606881	     13.26975330	     -3.72637767	    -27.28257237	     36.47009677	     85.80255464
      1.78000000	      4.28573282	      4.12391849	     92.75442569	     -0.26483039	      0.95632817	     -0.90177223	     11.06621777	      6.32270026	     -8.57344068	     22.41674298	      0.39124597	      5.33020244	     -6.95370195	     -7.49999987	      0.20110502	     -7.86435678	     -1.14275846	     59.73539950	      1.04257940	    -21.10003169	    -20.96586399	     -7.49999987	    -15.07687790	      6.34632325	     -1.88451763	     -1.14031610	     -3.85635512	    -42.06929907	     31.03181771	    101.06580010	     12.82003917	     -3.48248458	    -27.45684733	     35.87427317	     85.66644983
      1.79000000	      3.98132900	      3.46090549	     93.37024157	     -0.26491430	      0.95816353	     -0.91412174	     10.56177874	      5.79848152	     -9.92391503	     21.74193478	      0.37946835	      6.01890198	     -4.78152292	     -7.49999987	      3.27723732	     -7.33410164	     -0.48814353	     61.35430533	      1.07083464	    -18.33858600	    -21.93308756	     -7.49999987	    -14.41895982	      6.01574148	     -2.00703435	     -1.09359660	     -4.04579884	    -40.76235913	     31.24701096	    101.46753876	     12.54047340	     -3.10155279	    -28.62644598	     34.69743769	     85.93528439
      1.80000000	      3.50462700	      3.41572490	     93.49554664	     -0.26405203	      0.96088178	     -0.92680898	      9.23753240	      5.45795110	     -9.86498844	     20.80369199	      0.36309292	      6.22692790	     -4.46818587	     -7.49999987	      5.26819356	     -6.72090141	     -0.56146080	     62.13589040	      1.08447587	    -16.28643384	    -23.23408746	     -7.49999987	    -14.56528094	      5.35208718	     -1.68983984	     -0.69511158	     -3.95330854	    -40.55701164	     31.39994478	    101.63943962	     12.06687451	     -3.07470749	    -28.69499276	     34.09804621	     85.99308996
      1.81000000	      3.11240627	      3.25910046	     93.56854610	     -0.26324099	      0.96318366	     -0.93952891	      8.04057095	      5.17788319	     -9.97435682	     19.84783286	      0.34641003	      6.48558784	     -4.03404176	     -7.49999987	      7.32362226	     -6.22793582	     -0.84000540	     62.64118196	      1.09329487	    -14.18147391	    -24.51096729	     -7.49999987	    -14.51943398	      4.79301433	     -1.39936779	     -0.28472184	     -3.88187977	    -40.32042497	     31.61477154	    101.87371542	     11.47673418	     -3.07219759	    -28.79520023	     33.49290565	     86.06426893
      1.82000000	      2.75340404	      2.82701740	     93.62645265	     -0.26249117	      0.96477639	     -0.95213349	      7.25564392	      4.88640923	    -10.02492013	     19.11615339	      0.33363982	      6.74056363	     -3.18182643	     -7.49999987	      9.67905357	     -5.78937472	     -1.26984905	     62.95589171	      1.09878759	    -11.47062556	    -25.28017813	     -7.49999987	    -14.16905565	      4.30180140	     -1.15130979	     -0.06817913	     -3.88592919	    -39.93055863	     32.12071000	    101.84670740	     10.74904230	     -3.05010889	    -29.00353210	     32.89795516	     85.95230134
      1.83000000	      2.54460491	      2.15628356	     93.61709850	     -0.26163951	      0.96570361	     -0.96485191	      6.73917282	      4.71114768	    -10.34391495	     18.38001301	      0.32079174	      7.43548372	     -1.70607459	     -7.49999987	     12.24228063	     -5.60008967	     -1.93912100	     63.01078355	      1.09974564	     -9.01558670	    -25.10240268	     -7.49999987	    -13.47662150	      3.93869837	     -0.76991528	     -0.16547294	     -4.11828943	    -38.56924450	     32.75283611	    101.93445839	      9.99406933	     -2.93171205	    -29.51036920	     32.26070536	     85.76372553
      1.84000000	      2.13287609	      1.92142025	     93.51555764	     -0.26054690	      0.96730626	     -0.97731476	      5.69107026	      4.43788132	    -10.20919834	     17.47621286	      0.30501746	      7.38578182	     -1.21902123	     -7.49999987	     14.11420708	     -5.16698229	     -2.67562551	     62.42329318	      1.08949200	     -7.47445502	    -25.79334923	     -7.49999987	    -13.40875591	      3.33990578	     -0.55646787	      0.32472309	     -4.07227104	    -38.16770418	     33.16913626	    102.22739015	      9.26115348	     -3.08116403	    -29.75540902	     31.75823342	     85.82507724
      1.85000000	      1.78016014	      1.55473817	     93.21523361	     -0.25933122	      0.96832151	     -0.98994239	      4.82755198	      4.18984784	    -10.11893790	     16.66728476	      0.29089900	      7.58637157	     -0.46751196	     -7.49999987	     15.99556414	     -4.89537879	     -3.75736825	     61.52563464	      1.07382490	     -5.81010850	    -25.76189311	     -7.49999987	    -13.17414863	      2.80798147	     -0.13875297	      0.57619565	     -4.10984192	    -37.51894705	     33.81873778	    102.35063333	      8.34013491	     -3.10867862	    -30.13125235	     31.48885610	     85.75274562
      1.86000000	      1.64244404	      1.64760727	     92.91648343	     -0.25808027	      0.96951976	     -1.00268614	      3.41734691	      4.15813962	    -10.44290742	     15.73757314	      0.27467247	      8.01226896	      1.24588072	     -7.49999987	     17.24599963	     -5.00542109	     -4.96332401	     60.31201192	      1.05264319	     -3.69914875	    -24.47840559	     -7.49999987	    -13.46196113	      2.52367278	      0.29603287	      0.27822066	     -4.78361076	    -34.18435431	     35.23667356	    102.67281412	      7.69908593	     -2.78931807	    -31.80092230	     31.29255425	     85.58821293
      1.87000000	      1.38235406	      1.34156586	     92.59294894	     -0.25674602	      0.97008079	     -1.01529712	      2.51797335	      3.99657445	    -10.43989992	     14.95286894	      0.26097680	      8.10575740	      1.83651246	     -7.49999987	     18.80843644	     -4.87769945	     -6.14457255	     58.72258825	      1.02490251	     -3.00394572	    -24.47617718	     -7.49999987	    -13.30575318	      2.06316533	      0.69783746	      0.68369763	     -4.77087134	    -33.88558207	     35.81715951	    102.83370751	      6.78258951	     -2.89915283	    -32.11181917	     31.06088378	     85.64200589
      1.88000000	      1.18710427	      1.66007115	     92.11973690	     -0.25544242	      0.97111315	     -1.02823264	      0.95949907	      3.83700390	    -10.83071778	     14.26195504	      0.24891807	      8.54252008	      3.72697827	     -7.49999987	     19.42937785	     -4.92110699	     -7.57641974	     56.71829140	      0.98992093	     -1.99472894	    -23.24193645	     -7.49999987	    -13.87494157	      1.73300009	      1.22220830	      0.77338968	     -5.20084273	    -32.11163459	     36.97651904	    102.68257663	      6.03965473	     -2.72211350	    -33.38544415	     30.92260993	     85.72215482
      1.89000000	      0.96541772	      1.81957532	     91.52610913	     -0.25380676	      0.97169171	     -1.04135312	     -0.39976477	      3.63795660	    -11.05135141	     13.63673339	      0.23800590	      8.63604742	      5.01954330	     -7.49999987	     20.05483708	     -4.98938075	     -9.24514839	     54.35315862	      0.94864158	     -1.12069128	    -21.91306209	     -7.49999987	    -14.19581928	      1.29418407	      1.80653122	      1.11934306	     -5.39365719	    -31.27170440	     37.69812441	    102.70527418	      4.97096599	     -2.80683460	    -33.73510955	     31.00317431	     85.77479728
      1.90000000	      0.98642455	      1.80763361	     91.10219320	     -0.25242015	      0.97145667	     -1.05378461	     -1.44772591	      3.67527507	    -11.46768920	     13.15433559	      0.22958647	      8.94746468	      6.40106252	     -7.49999987	     20.95080090	     -5.23490533	    -10.66104590	     51.95775221	      0.90683385	     -0.11381531	    -20.39021989	     -7.49999987	    -14.43062882	      1.16550671	      2.26951826	      1.47654712	     -5.61859783	    -30.37215204	     38.64886860	    102.56611860	      4.08882067	     -2.81188177	    -34.29308375	     30.96154592	     85.75463732
      1.91000000	      0.92013256	      2.04826090	     90.59824166	     -0.25120245	      0.97137788	     -1.06666530	     -2.81635584	      3.59385767	    -11.81517623	     12.65743072	      0.22091384	      9.26769271	      7.77867371	     -7.49999987	     21.35352560	     -5.27801205	    -12.10904564	     49.08611874	      0.85671439	      0.51071458	    -18.95543114	     -7.49999987	    -14.88282195	      0.96921958	      2.73900592	      1.86136972	     -5.91599401	    -29.42531824	     39.50705369	    102.54086112	      3.23948423	     -2.74672627	    -35.21217479	     30.78336019	     85.81791065
      1.92000000	      0.98887899	      2.28233919	     90.10575225	     -0.24995564	      0.97085870	     -1.07948182	     -4.12128537	      3.61640910	    -12.39795564	     12.27116502	      0.21417223	      9.63418134	      9.40416524	     -7.49999987	     21.74182928	     -5.50223643	    -13.72545325	     46.13208925	      0.80515685	      0.72604004	    -17.61694705	     -7.49999987	    -15.33341970	      0.89678840	      3.20536688	      2.23653316	     -6.25081448	    -28.37023736	     40.42083939	    102.41358934	      2.41314560	     -2.65368212	    -36.14352428	     30.63315367	     85.89894369
      1.93000000	      1.31552207	      2.35380558	     89.62235351	     -0.24849465	      0.96966962	     -1.09212376	     -5.13566627	      3.88267884	    -13.10322668	     12.12381722	      0.21160053	      9.92987421	     11.14730585	     -7.49999987	     22.36180876	     -5.92349422	    -15.04923389	     43.20362822	      0.75404556	      1.18705285	    -15.62021787	     -7.49999987	    -15.60176698	      1.08956464	      3.71129539	      2.63220054	     -6.62491080	    -27.27390787	     41.25726772	    101.90598619	      1.52114144	     -2.58711831	    -36.91442208	     30.51593111	     85.85998256
      1.94000000	      1.30085690	      2.64256731	     89.02777942	     -0.24782262	      0.96857304	     -1.10517402	     -6.41995142	      3.77582300	    -13.10658198	     11.94529496	      0.20848473	     10.47376113	     11.82628071	     -7.49999987	     22.44150495	     -5.77288553	    -16.37613974	     39.75964335	      0.69393669	      1.13780685	    -14.02807952	     -7.49999987	    -16.07797751	      0.98697361	      4.22705738	      3.06507939	     -7.03586480	    -26.34245472	     42.10196709	    101.65665326	      0.68826031	     -2.45153731	    -37.78244482	     30.24420430	     85.88240137
      1.95000000	      1.93420999	      2.44879074	     88.83508563	     -0.24681066	      0.96617142	     -1.11774463	     -7.17506640	      4.47345011	    -13.48117497	     11.76294308	      0.20530209	     10.64913232	     12.35033118	     -7.49999987	     23.40023596	     -6.29045334	    -17.14935228	     36.71203933	      0.64074596	      0.47684258	    -12.83562653	     -7.49999987	    -15.98484279	      1.56898091	      4.51434468	      3.61937071	     -7.22216805	    -26.14041004	     42.70433264	    101.88400596	     -0.22722779	     -2.42935229	    -38.10226367	     29.91154902	     86.01226204
      1.96000000	      1.73423433	      2.95531602	     88.08389987	     -0.24630431	      0.96483732	     -1.13108169	     -8.52198981	      3.99815404	    -13.57943279	     12.05421731	      0.21038578	     11.68515490	     13.59064833	     -7.49999987	     23.00326137	     -5.94964490	    -18.99490973	     32.93454170	      0.57481619	      0.58005521	     -9.09695314	     -7.49999987	    -16.66045865	      1.24274157	      5.11292611	      3.73414900	     -8.02533225	    -24.02354753	     43.90317172	     99.43228411	     -0.88349375	     -2.00267462	    -39.94097030	     29.63322316	     85.07800468
      1.97000000	      1.82179107	      3.03446770	     87.47963323	     -0.24598775	      0.96260272	     -1.14397004	     -9.33862289	      3.86501347	    -13.52601477	     12.39042436	      0.21625370	     12.23515469	     14.14173069	     -7.49999987	     23.27624669	     -5.86703678	    -20.43276230	     29.48453115	      0.51460215	      0.27904300	     -5.95812276	     -7.49999987	    -16.87277446	      1.29883077	      5.67881752	      4.23681330	     -8.45811546	    -23.41988356	     44.51806565	     98.79856145	     -1.59376321	     -1.81537240	    -40.53827810	     29.09922203	     84.75017643
      1.98000000	      1.97096649	      2.98187503	     86.82753275	     -0.24562300	      0.95992919	     -1.15666669	     -9.97180653	      3.77388425	    -13.47136860	     12.80979345	      0.22357307	     13.08364448	     14.80557319	     -7.49999987	     23.68100153	     -5.78440056	    -21.70105058	     26.08784134	      0.45531873	      0.47158929	     -2.06668011	     -7.49999987	    -16.99868775	      1.41368467	      6.24983122	      4.69372619	     -8.97217046	    -22.55015256	     45.29816564	     98.28413354	     -2.34499680	     -1.52189283	    -41.36950052	     28.78980787	     84.45154745
      1.99000000	      2.03638391	      2.69061708	     86.57056610	     -0.24581478	      0.95686701	     -1.16952578	    -10.37829296	      3.68490060	    -13.46250379	     13.16764912	      0.22981883	     13.69672980	     14.68058598	     -7.49999987	     24.35475672	     -5.39444789	    -22.34331625	     22.67319216	      0.39572186	      0.14974953	      0.87993863	     -7.49999987	    -16.77602104	      1.53525928	      6.53560214	      5.06275788	     -9.29860825	    -22.18355549	     45.89582034	     98.19252995	     -3.05813372	     -1.37457661	    -41.95008364	     28.25249769	     84.38634715
      2.00000000	      2.14904734	      2.61636345	     85.99636820	     -0.24545396	      0.95407383	     -1.18201582	    -10.84604418	      3.49830471	    -13.53163373	     13.85942430	      0.24189259	     14.20327025	     15.12782151	     -7.49999987	     24.71072911	     -5.27607664	    -23.62639991	     19.43032906	      0.33912322	      0.22602820	      4.50283119	     -7.49999987	    -16.92286477	      1.61823539	      7.01736263	      5.65068210	     -9.64410962	    -21.57249611	     46.48827581	     98.04891100	     -3.61525012	     -1.18357650	    -42.73994695	     27.68036929	     84.27540927
      2.01000000	      1.98779083	      2.65847994	     85.51655610	     -0.24613071	      0.95135128	     -1.19514928	    -11.53005888	      3.04998378	    -13.06397237	     14.37824831	      0.25094777	     14.94517129	     15.08954703	     -7.49999987	     24.74543404	     -4.62910076	    -24.13952203	     16.02589816	      0.27970469	      0.21900273	      7.09616800	     -7.49999987	    -17.05908579	      1.51992257	      7.39239393	      6.09362799	    -10.10693068	    -21.07914440	     47.05096066	     97.92508861	     -4.20174126	     -0.94399491	    -43.45208667	     27.13278842	     84.16184096
      2.02000000	      2.13285557	      2.32702892	     84.89830884	     -0.24579380	      0.94818717	     -1.20742266	    -11.62696793	      2.88542839	    -12.85717698	     15.22632079	      0.26574943	     15.47548574	     15.53768008	     -7.49999987	     25.22452299	     -4.56837554	    -24.93332061	     12.99346090	      0.22677867	      0.03611433	      9.89209110	     -7.49999987	    -17.00357083	      1.65433180	      7.90411548	      6.67826830	    -10.45465091	    -20.39424242	     47.63332412	     96.79164326	     -4.55891976	     -0.49619040	    -44.99058107	     26.60511876	     83.27768830
      2.03000000	      2.08709395	      2.24279471	     84.43737799	     -0.24575922	      0.94518771	     -1.22054752	    -12.15367078	      2.57019767	    -12.58070772	     15.78269578	      0.27546001	     15.98882884	     15.67614469	     -7.49999987	     25.31220668	     -4.16576707	    -24.99672843	     10.06765281	      0.17571369	     -0.09324328	     11.44489733	     -7.49999987	    -17.02338485	      1.56626035	      8.26735074	      7.13838417	    -10.74591841	    -19.79600150	     47.98743006	     95.28673851	     -5.03482484	     -0.30795885	    -45.61975027	     26.13010652	     81.36155467
      2.04000000	      1.83908544	      2.14039184	     83.99555786	     -0.24663429	      0.94236158	     -1.23354071	    -12.43827097	      1.89674721	    -12.44416282	     16.74953275	      0.29233449	     16.34404997	     15.71934963	     -7.49999987	     25.16841242	     -3.43160458	    -25.02041323	      6.88471085	      0.12016087	     -0.87877552	     12.40007518	     -7.49999987	    -17.04179233	      1.41635975	      8.46375583	      7.70559083	    -11.13675687	    -19.04099533	     48.37578492	     94.05849629	     -5.44332285	      0.01142284	    -46.35597220	     25.55289069	     79.37155343
      2.05000000	      1.74632947	      2.01574485	     83.55318961	     -0.24685944	      0.93925563	     -1.24705329	    -12.83261861	      1.45802041	    -12.17445287	     17.50141576	      0.30545733	     16.62404714	     15.85894055	     -7.49999987	     25.30845171	     -3.08255119	    -25.34713854	      4.91469444	      0.08577760	     -1.25339451	     12.75235465	     -7.49999987	    -16.97317267	      1.31993601	      8.73883328	      8.20624313	    -11.28104570	    -18.80040282	     48.61202727	     94.33564510	     -5.98721644	      0.20191810	    -46.94877448	     25.10832343	     78.63785784
      2.06000000	      1.79430420	      1.97745834	     83.10407421	     -0.24699455	      0.93625586	     -1.26108284	    -13.38628105	      1.19794005	    -11.51263176	     18.17020112	      0.31712984	     16.60594444	     15.53113029	     -7.49999987	     25.67089725	     -3.13113093	    -25.91579349	      4.32708677	      0.07552191	     -1.18157197	     12.93533369	     -7.49999987	    -16.94245633	      1.36258200	      9.02542950	      8.61312883	    -11.33680949	    -18.74434991	     48.87454331	     94.75948601	     -6.50281242	      0.42896136	    -47.81262158	     24.58480230	     78.30351746
      2.07000000	      1.58637777	      1.98055237	     82.56829862	     -0.24705820	      0.93336264	     -1.27564539	    -13.91729408	      0.56745340	    -11.05850449	     18.96691707	      0.33103515	     16.63469278	     15.77411577	     -7.49999987	     26.00124249	     -3.06222867	    -26.62958798	      4.36039552	      0.07610326	     -1.06990319	     13.32598928	     -7.49999987	    -16.84795742	      1.08086250	      9.28968531	      8.99672989	    -11.37832886	    -18.42251194	     48.90473472	     94.57169081	     -7.20530765	      0.54135415	    -48.13227708	     24.28977420	     77.74289373
      2.08000000	      1.75705958	      2.14884119	     82.12586586	     -0.24610925	      0.93080339	     -1.29084283	    -14.93514743	      0.50387333	    -10.19611226	     19.21751872	      0.33540898	     15.94199774	     15.23342885	     -7.49999987	     26.42404803	     -3.62482773	    -26.70495451	      5.73381815	      0.10007401	     -0.29299154	     13.02059552	     -7.49999987	    -16.88126803	      1.08879437	      9.51296477	      9.24461002	    -11.16782006	    -18.38592082	     49.08114048	     95.03507945	     -7.90295905	      0.55677792	    -48.76260980	     23.87299242	     77.69196631
      2.09000000	      1.44126938	      2.33254232	     81.62840332	     -0.24584923	      0.92860533	     -1.30610096	    -15.70906502	     -0.25240923	     -9.65367782	     19.87280408	      0.34684586	     15.34371147	     15.31626069	     -7.49999987	     26.33136563	     -3.49203817	    -26.70527592	      6.29939897	      0.10994525	     -0.12530408	     13.37425422	     -7.49999987	    -16.86579313	      0.59451076	      9.70074915	      9.59099611	    -10.92330548	    -18.51118956	     48.84792218	     95.41471993	     -8.44918462	      0.57232174	    -49.48347825	     23.36467376	     77.70600982
      2.10000000	      1.27636238	      2.60322182	     81.18300879	     -0.24506746	      0.92649884	     -1.32220081	    -16.71450136	     -0.84107567	     -9.22429426	     20.33396811	      0.35489469	     14.35720847	     15.51499096	     -7.49999987	     26.23744306	     -3.64715947	    -26.58804116	      7.69823555	      0.13435956	      0.26368693	     13.16387433	     -7.49999987	    -16.84633642	      0.19435217	      9.82435225	      9.69946881	    -10.58477130	    -18.52694772	     48.81376304	     95.40542853	     -9.20552022	      0.46241123	    -49.71371400	     22.97428871	     77.68675089
      2.11000000	      0.90294502	      2.80051492	     80.82695590	     -0.24486934	      0.92444738	     -1.33856581	    -17.58140958	     -1.63936071	     -8.78416801	     20.85917362	      0.36406126	     13.30000447	     15.53711934	     -7.49999987	     26.00271007	     -3.44478499	    -26.26763227	      8.88575139	      0.15508562	      0.57408337	     13.04571453	     -7.49999987	    -16.69735655	     -0.35389431	      9.83508092	      9.71589153	    -10.25149050	    -18.56908211	     48.73779911	     95.40367827	     -9.92728558	      0.37677646	    -49.94183834	     22.57621463	     77.65121010
      2.12000000	      0.53964073	      3.11170606	     80.49724534	     -0.24453499	      0.92273828	     -1.35554179	    -18.55375537	     -2.47515934	     -8.56314816	     21.42687165	      0.37396946	     11.94012301	     15.59174185	     -7.49999987	     25.65759079	     -3.27657531	    -25.84522554	     10.54042343	      0.18396509	      0.61311417	     12.57867328	     -7.49999987	    -16.57347242	     -0.93871559	      9.84647157	      9.60591234	     -9.86395347	    -18.70510092	     48.58537314	     95.40638619	    -10.62678584	      0.28687467	    -50.22469873	     22.16276577	     77.60021127
      2.13000000	      0.43266959	      3.37931087	     80.39137045	     -0.24425749	      0.92096503	     -1.37302378	    -19.69889223	     -2.87674857	     -8.27661535	     21.64633898	      0.37779989	      9.96786586	     15.46370016	     -7.49999987	     25.59357907	     -3.30637282	    -25.18612687	     12.81096799	      0.22359357	     -0.90658187	      9.59063687	     -7.49999987	    -16.38321859	     -1.19618824	      9.69214070	      9.51724680	     -9.27190799	    -19.33206057	     48.28171536	     95.46130108	    -11.29910517	      0.20015523	    -50.96074017	     21.75825936	     77.45019849
      2.14000000	      0.01163799	      3.69048946	     80.27710257	     -0.24421513	      0.91966528	     -1.39056492	    -20.63584431	     -3.64105041	     -7.93068595	     22.19328438	      0.38734588	      7.87058912	     14.99361211	     -7.49999987	     25.35630315	     -2.89202970	    -25.20298614	     14.30355937	      0.24964421	     -4.58500104	      5.66728562	     -7.49999987	    -16.21029135	     -1.81036020	      9.49914558	      9.29578358	     -8.73942079	    -19.76806981	     48.07960275	     95.58538715	    -11.89011735	      0.08641583	    -51.53445026	     21.38838498	     77.31501071
      2.15000000	     -0.64912749	      3.64730727	     80.61328912	     -0.24482770	      0.91843443	     -1.40752522	    -20.95449679	     -4.43528908	     -7.84472132	     23.10346163	      0.40323147	      5.51210194	     14.15534049	     -7.49999987	     25.71584248	     -2.07883131	    -23.69436732	     16.09108512	      0.28084242	     -6.04847320	      2.75790819	     -7.49999987	    -15.73621906	     -2.54480005	      8.83596896	      9.18211794	     -8.04369869	    -20.35228193	     47.62981458	     95.76368360	    -12.27436388	     -0.16124870	    -52.01242432	     20.82597945	     77.14523488
      2.16000000	     -1.62818939	      3.72717682	     80.95989733	     -0.24561658	      0.91825157	     -1.42416897	    -21.14306503	     -5.58648431	     -7.81682789	     24.31404991	      0.42436023	      2.78644213	     13.42859471	     -7.49999987	     25.81668046	     -0.91525542	    -22.59391461	     17.89358222	      0.31230192	     -6.66715496	      1.97813686	     -7.49999987	    -15.46503656	     -3.66741542	      8.16226196	      9.01489546	     -7.38834373	    -20.82480976	     47.26075153	     95.84899260	    -12.48574309	     -0.48630423	    -52.18702142	     20.30909425	     77.04771946
      2.17000000	     -2.69034651	      3.68915909	     81.50875334	     -0.24659529	      0.91853947	     -1.44116146	    -21.24579919	     -6.65632218	     -7.77184554	     25.35376180	      0.44250662	     -0.34036570	     12.08463549	     -7.49999987	     26.09089755	      0.33116167	    -21.43051316	     19.99711937	      0.34901557	     -7.49258763	      1.00512129	     -7.49999987	    -14.99773890	     -4.81065120	      7.30580262	      8.98410690	     -6.32922806	    -22.29139786	     46.44748467	     96.18425797	    -12.56936624	     -0.90889868	    -52.45164168	     19.54728995	     76.81499076
      2.18000000	     -3.81980389	      4.04163312	     81.69032002	     -0.24760030	      0.91958555	     -1.45860390	    -21.47584629	     -8.12902616	     -7.81250807	     26.74290749	      0.46675179	     -4.05729008	     11.35650547	     -7.49999987	     25.91181462	      1.65400719	    -20.38159290	     22.18135699	      0.38713771	     -6.81046096	      0.06868272	     -7.49999987	    -14.93755450	     -6.08788799	      6.81135030	      8.55824732	     -5.83874968	    -22.62763577	     46.20819314	     96.26952958	    -12.70525505	     -1.16745953	    -52.48440455	     19.14664430	     76.74292776
      2.19000000	     -5.01682055	      4.05966564	     82.25092068	     -0.24997636	      0.92019291	     -1.47657832	    -21.46273131	     -9.48880115	     -8.01379710	     27.92007722	      0.48729727	     -8.53176117	      9.99315036	     -7.49999987	     26.06709108	      3.67353366	    -17.50720384	     23.89222554	      0.41699800	     -7.19083956	     -5.37511397	     -7.49999987	    -14.38048372	     -7.19595495	      6.15642808	      7.99888279	     -5.07569462	    -24.26702259	     45.87544699	     96.68035848	    -12.88819372	     -1.45708623	    -51.54203802	     18.64720651	     74.50674138
      2.20000000	     -5.98100745	      4.28223076	     82.57123421	     -0.25205654	      0.92112171	     -1.49470996	    -21.44215552	    -10.73372193	     -8.05249963	     29.28158457	      0.51106006	    -13.64732556	      7.82660346	     -7.49999987	     25.67631577	      5.41216599	    -15.33168219	     25.31712277	      0.44186715	     -6.96230509	    -10.17686116	     -7.49999987	    -14.05474469	     -8.08493480	      5.77029760	      7.14180408	     -4.78753748	    -24.77193979	     45.98582282	     97.44652040	    -13.13068927	     -1.61211342	    -50.57150173	     18.58099516	     72.97822813
      2.21000000	     -6.74637271	      4.31965508	     83.02072485	     -0.25416000	      0.92205196	     -1.51210881	    -20.95500880	    -11.67867689	     -7.96461722	     30.94441610	      0.54008195	    -18.91909957	      5.36951092	     -7.49999987	     25.23685959	      7.01907903	    -13.41149815	     26.34218146	      0.45975780	     -5.88522885	    -12.36346998	     -7.49999987	    -13.67424417	     -8.73763591	      5.36141965	      6.28180629	     -4.50980723	    -25.38278695	     46.13721634	     97.93414328	    -13.14259791	     -1.76891372	    -49.59901397	     18.36304765	     71.51156683
      2.22000000	     -7.04223318	      4.29749147	     83.30955260	     -0.25589214	      0.92318619	     -1.52858244	    -20.07490164	    -12.05848044	     -7.08383973	     33.00858730	      0.57610853	    -23.09387031	      3.55485275	     -7.49999987	     24.84010030	      7.99562126	    -11.80770435	     27.51514590	      0.48022989	     -4.51476505	    -13.59028943	     -7.49999987	    -13.40118064	     -8.90274969	      5.13441875	      5.44434119	     -4.42290179	    -25.61602188	     46.52109117	     98.10408734	    -12.93950234	     -1.74506137	    -49.26603563	     18.40129019	     70.76321320
      2.23000000	     -7.35699428	      4.15927536	     83.36222543	     -0.25642152	      0.92505514	     -1.54366391	    -18.55586067	    -12.32358956	     -5.54587875	     35.73617608	      0.62371393	    -26.28531544	      1.43745698	     -7.49999987	     23.87303015	      8.68370442	    -11.48008057	     27.09583477	      0.47291153	     -3.72938587	    -14.48240115	     -7.49999987	    -13.15263722	     -9.21390332	      5.12310876	      4.99477376	     -4.10531375	    -26.17655274	     46.43045362	     97.46364111	    -12.36689367	     -1.85685976	    -49.06425208	     18.34408944	     70.20788649
      2.24000000	     -7.57903448	      4.01974749	     83.52343870	     -0.25749060	      0.92692695	     -1.55878101	    -16.91065683	    -12.52920088	     -4.50519086	     38.70200498	      0.67547741	    -29.69177141	     -2.29769338	     -7.49999987	     22.93666058	      9.34854876	    -10.81703502	     26.90520617	      0.46958443	     -2.71343004	    -14.90173366	     -7.49999987	    -12.93669715	     -9.35769090	      4.95008184	      4.44704150	     -3.88420747	    -26.71659901	     46.62560470	     99.03353749	    -11.70357546	     -1.74565136	    -50.06049063	     18.51959088	     71.68797970
      2.25000000	     -7.87572761	      3.93349143	     83.47610330	     -0.25826725	      0.92915620	     -1.57352113	    -15.02612748	    -12.98377473	     -3.69908229	     41.95513454	      0.73225524	    -32.35690085	     -6.08837647	     -7.49999987	     21.77642915	      9.94779741	    -10.75647749	     26.31752170	      0.45932740	     -1.73340482	    -14.64535846	     -7.49999987	    -12.76949503	     -9.61043279	      4.92385164	      3.92488758	     -3.78210407	    -26.84150330	     46.73709621	     98.74411951	    -11.11089049	     -1.67094571	    -50.05785509	     18.86923761	     71.91797496
      2.26000000	     -8.15628718	      3.85993109	     83.32374316	     -0.25873891	      0.93166264	     -1.58785208	    -12.98763890	    -13.40272120	     -2.85224938	     45.21761304	      0.78919623	    -33.88206307	    -10.28187437	     -7.49999987	     20.49122920	     10.39941015	    -11.19903096	     25.48507677	      0.44479850	     -0.76080443	    -13.81963172	     -7.49999987	    -12.67671685	     -9.87560113	      4.84717147	      3.65868111	     -3.48053174	    -27.44068830	     46.73542641	    100.11803236	    -10.40274807	     -1.57120461	    -51.05670489	     19.22702503	     75.66539760
      2.27000000	     -8.24106469	      3.87865527	     83.12134726	     -0.25908588	      0.93458560	     -1.60165477	    -10.99209301	    -13.67497234	     -2.23368381	     48.29687702	      0.84293952	    -34.69313836	    -15.10316256	     -7.49999987	     19.12360681	     10.63328379	    -11.64376048	     24.69613887	      0.43102894	      0.10018861	    -12.88994649	     -7.49999987	    -12.77045669	     -9.92962196	      4.82426147	      3.34330199	     -3.44121458	    -27.36260901	     46.85037657	     99.60663417	     -9.59773870	     -1.39252821	    -51.27031212	     19.91392741	     75.85622598
      2.28000000	     -8.17163737	      3.96696296	     82.87496743	     -0.25911716	      0.93797262	     -1.61516681	     -8.96120991	    -13.63561808	     -1.34339977	     51.31222709	      0.89556731	    -34.08206187	    -19.61277792	     -7.49999987	     17.65338347	     10.68056639	    -12.08524188	     23.91342419	      0.41736799	      0.92612779	    -11.83523449	     -7.49999987	    -12.98964022	     -9.85745470	      4.81928263	      3.17450804	     -3.33220584	    -27.53444314	     46.82026908	     99.87408800	     -8.73024713	     -1.29023221	    -51.28362091	     20.41298994	     77.28474847
      2.29000000	     -8.13369997	      3.91721498	     82.36908493	     -0.25883532	      0.94123256	     -1.62837885	     -6.52828155	    -13.68345873	     -0.51521437	     54.31448527	      0.94796660	    -32.08582543	    -22.90221551	     -7.49999987	     16.28938708	     10.65914783	    -12.94769703	     22.91434415	      0.39993075	      1.61172101	    -10.51906328	     -7.49999987	    -13.02746879	     -9.83707428	      5.08225990	      2.98751243	     -3.28883092	    -27.60389270	     46.76298736	     99.43318242	     -7.86281539	     -1.17225946	    -50.95998041	     21.08622797	     77.54346145
      2.30000000	     -7.94933340	      3.99245600	     82.28942473	     -0.25899107	      0.94475543	     -1.64153218	     -4.43738956	    -13.55952751	     -0.33597067	     56.93550356	      0.99371200	    -29.08286302	    -25.71152367	     -7.49999987	     14.73310973	     10.65808538	    -13.19258312	     21.90315153	      0.38228211	      2.05879266	     -9.68588456	     -7.49999987	    -13.30728106	     -9.62310846	      4.85716004	      2.87282397	     -3.24245150	    -27.56822453	     46.69840155	     99.27171938	     -6.91049441	     -1.13181842	    -50.74666020	     21.70145311	     77.59648945
      2.31000000	     -7.81502369	      3.63316348	     81.73131107	     -0.25856139	      0.94743034	     -1.65446000	     -1.53943040	    -13.35097212	      0.45835680	     59.63894320	      1.04089592	    -25.65482251	    -27.89346913	     -7.49999987	     13.69507897	     10.47742108	    -14.11550273	     20.89689224	      0.36471957	      2.71087384	     -7.87167757	     -7.49999987	    -13.00408562	     -9.46699725	      5.11146064	      2.59860730	     -3.24201862	    -27.48173507	     46.74785909	     98.98718910	     -6.13668234	     -0.94762551	    -50.29621166	     22.68848034	     77.84973999
      2.32000000	     -7.53858564	      3.25418142	     81.47797130	     -0.25842647	      0.95000064	     -1.66719348	      1.28973451	    -12.88895208	      0.94800829	     62.06243647	      1.08319386	    -22.13370085	    -29.32813292	     -7.49999987	     12.72554749	     10.21157589	    -14.68163606	     20.03329550	      0.34964697	      3.40521476	     -6.36852596	     -7.49999987	    -12.73325424	     -9.10870915	      5.08555635	      2.37646319	     -3.28446787	    -27.30997597	     46.69717197	     98.66743333	     -5.25396983	     -0.96516890	    -49.65821520	     23.38172235	     78.15409317
      2.33000000	     -6.94431795	      3.10518718	     81.61820977	     -0.25880986	      0.95310890	     -1.67972238	      3.60711411	    -12.05470992	      1.04396866	     63.84292232	      1.11426920	    -19.82175382	    -30.41444590	     -7.49999987	     11.43226898	      9.82749037	    -14.31677602	     19.13501407	      0.33396900	      3.67522156	     -5.80561266	     -7.49999987	    -12.94615000	     -8.32696458	      4.61945578	      2.35401668	     -3.31986510	    -27.24244207	     46.71603678	     98.38223805	     -4.12916136	     -0.87908748	    -49.33203038	     23.95199790	     78.12015154
      2.34000000	     -6.79999420	      2.23921755	     81.13358822	     -0.25823499	      0.95449306	     -1.69237110	      7.04882012	    -11.61988885	      1.62647324	     65.70753995	      1.14681292	    -16.76467502	    -30.99720038	     -7.49999987	     11.08333869	      9.50332779	    -15.60285502	     18.42176993	      0.32152054	      4.36568631	     -3.81713954	     -7.49999987	    -12.04605154	     -8.09001924	      4.99223609	      1.74957606	     -3.41632636	    -27.03795229	     46.87395457	     98.13549582	     -3.29007230	     -1.02249152	    -48.11487113	     24.70755264	     78.70333504
      2.35000000	     -6.31841963	      1.98977307	     81.34022321	     -0.25872357	      0.95703035	     -1.70486472	      9.31140671	    -10.88892498	      1.52209854	     66.74587661	      1.16493531	    -14.93743026	    -31.74096843	     -7.49999987	      9.88948415	      9.25435913	    -15.26576135	     17.39942302	      0.30367722	      4.51079300	     -3.27294722	     -7.49999987	    -12.07858204	     -7.42285645	      4.53106457	      1.61440315	     -3.47508151	    -27.00347838	     46.88846159	     98.00779323	     -2.15830085	     -1.07550042	    -47.72172075	     25.30640568	     78.75232831
      2.36000000	     -5.88268888	      1.59372028	     81.62420895	     -0.25912259	      0.95916191	     -1.71757342	     11.62734914	    -10.25326027	      1.18268394	     67.47863865	      1.17772442	    -12.78663060	    -32.19508248	     -7.49999987	      8.82262481	      9.00723186	    -15.03430307	     16.31325671	      0.28472004	      4.61772887	     -2.50407479	     -7.49999987	    -11.88739600	     -6.82358559	      4.09219942	      1.28825375	     -3.53411788	    -26.95686333	     46.97207902	     97.83966834	     -1.10179571	     -1.12442522	    -47.19775485	     26.04455257	     78.80829341
      2.37000000	     -5.59319222	      1.17152272	     81.78409566	     -0.25956536	      0.96079679	     -1.73025804	     13.99802825	     -9.82815012	      0.91632037	     67.98333196	      1.18653298	    -10.31759295	    -32.44119580	     -7.49999987	      7.81706601	      8.89959545	    -14.97894250	     15.21242959	      0.26550698	      4.70443977	     -1.56229675	     -7.49999987	    -11.57594195	     -6.33056370	      3.75586145	      0.86161701	     -3.63402072	    -26.89252176	     47.18445583	     97.68537347	     -0.05573876	     -1.23561112	    -46.49993765	     26.84422740	     78.91170331
      2.38000000	     -5.32676538	      0.74223319	     81.94495030	     -0.25996003	      0.96212775	     -1.74279873	     16.32011830	     -9.46511131	      0.55021952	     68.14573389	      1.18936743	     -8.12279725	    -32.49510706	     -7.49999987	      6.84009207	      8.80274275	    -15.02398013	     14.09224177	      0.24595602	      4.89660266	     -0.52798599	     -7.49999987	    -11.26024929	     -5.90325774	      3.46530689	      0.41295730	     -3.73328000	    -26.82376280	     47.39010062	     97.55956417	      0.98489639	     -1.37368923	    -45.62284234	     27.65845808	     79.07246123
      2.39000000	     -5.14296059	      0.42920719	     81.99190581	     -0.26006289	      0.96315777	     -1.75573348	     18.45191254	     -9.20666604	      0.23731639	     67.98341545	      1.18653444	     -6.05779853	    -32.14112491	     -7.49999987	      5.75143758	      8.63851483	    -16.39194354	     13.07310950	      0.22816880	      5.69464057	      3.03472410	     -7.49999987	    -11.09674706	     -5.59157581	      3.39586138	     -0.49963724	     -3.99539534	    -26.36073373	     48.34933295	     97.54321748	      1.07584318	     -2.35007192	    -40.36894051	     29.18594097	     80.60235558
      2.40000000	     -4.89058520	      0.11158043	     82.36468271	     -0.26081372	      0.96402251	     -1.76830390	     20.38550580	     -9.00166510	     -0.46153330	     67.36722404	      1.17577987	     -5.03087240	    -32.31724686	     -7.49999987	      4.72390952	      8.59022574	    -16.24193649	     12.11058605	      0.21136960	      5.73983617	      3.50274517	     -7.49999987	    -10.92611323	     -5.16365205	      2.89357453	     -0.80015677	     -4.10406586	    -26.40347315	     48.35241044	     97.51415524	      2.31238980	     -2.52850474	    -39.91734338	     29.74280883	     80.70531304
      2.41000000	     -4.91708505	     -0.86772265	     82.47328880	     -0.26221270	      0.96335849	     -1.77955951	     23.15697721	     -9.50622872	     -1.78548851	     66.51241601	      1.16086065	     -3.99988223	    -31.85112156	     -7.49999987	      4.75651406	      8.67785515	    -16.67530614	     11.55657760	      0.20170033	      5.99157535	      4.99954738	     -7.49999987	    -10.21380584	     -4.87190574	      2.79878723	     -1.52853529	     -4.34983142	    -26.44607160	     49.31022609	     97.01725081	      3.17662278	     -2.97512903	    -37.23930029	     30.98313019	     81.42045856
