Coordinates
version=1
nRows=243
nColumns=36
inDegrees=yes

Units are S.I. units (second, meters, Newtons, ...)
If the header above contains a line with 'inDegrees', this indicates whether rotational values are in degrees (yes) or radians (no).

endheader
time	pelvis_tilt	pelvis_list	pelvis_rotation	pelvis_tx	pelvis_ty	pelvis_tz	hip_flexion_r	hip_adduction_r	hip_rotation_r	knee_angle_r	knee_angle_r_beta	ankle_angle_r	subtalar_angle_r	mtp_angle_r	hip_flexion_l	hip_adduction_l	hip_rotation_l	knee_angle_l	knee_angle_l_beta	ankle_angle_l	subtalar_angle_l	mtp_angle_l	lumbar_extension	lumbar_bending	lumbar_rotation	arm_flex_r	arm_add_r	arm_rot_r	elbow_flex_r	pro_sup_r	arm_flex_l	arm_add_l	arm_rot_l	elbow_flex_l	pro_sup_l
      0.00000000	     -1.15705537	      3.87680441	     92.09721394	     -0.22498367	      0.93079476	      1.07860807	     23.63408837	     -0.50701311	     -7.29070078	     22.52738678	      0.39317707	     -6.25716250	     -6.52804092	     -7.46428640	    -15.27006940	      1.83456796	     -8.13053047	     27.74985515	      0.48432634	      3.15275958	      2.34501065	     -7.46428640	    -16.34407929	      0.59069115	     -4.92571078	     -2.38384643	     -4.44358357	    -40.25789864	     40.95702731	     94.42537653	     16.34342282	    -10.45373378	    -16.42432527	     48.55662771	     86.42448278
      0.01000000	     -0.49669560	      4.40242120	     91.89566489	     -0.22303273	      0.93264117	      1.06396428	     22.72546230	      0.58323888	     -6.18025867	     23.71156873	      0.41384495	     -5.40198946	     -8.25771708	     -7.47423792	    -15.10053113	      0.74002556	     -8.33954280	     30.39568830	      0.53050484	     -0.39399684	      1.40669354	     -7.47423792	    -16.70499387	      1.21297367	     -4.42645846	     -1.87384924	     -4.32230296	    -41.57656939	     39.82543864	    101.00697859	     15.89705524	    -10.04175982	    -17.48968840	     48.40682509	     89.52833008
      0.02000000	      0.04580842	      5.02095993	     91.70518456	     -0.22152900	      0.93476059	      1.04943666	     21.58364658	      1.48659311	     -5.44627657	     24.70219941	      0.43113471	     -4.07287891	     -9.18857268	     -7.48024761	    -14.85839530	     -0.13309542	     -8.16167377	     33.08793997	      0.57749350	     -4.76430089	     -0.20923686	     -7.48024761	    -17.16938141	      1.73008797	     -3.95638109	     -1.67265305	     -4.43757127	    -41.47970761	     39.05582515	     99.05085643	     15.31617376	     -9.75958790	    -17.68544892	     48.39706729	     87.12820067
      0.03000000	      0.57547630	      5.36950534	     91.77253219	     -0.22021579	      0.93652419	      1.03524514	     20.65687882	      2.26567572	     -4.98876270	     25.57785737	      0.44641783	     -2.81951489	     -9.85262535	     -7.48851952	    -13.91419772	     -1.04434838	     -7.63615776	     36.28156922	      0.63323284	     -9.62484625	     -1.82418403	     -7.48851952	    -17.35974127	      2.28565100	     -3.77932038	     -1.36055600	     -4.39391804	    -41.96337558	     38.31535599	    102.32342827	     14.72728238	     -9.42881277	    -18.75708534	     48.29532541	     90.96243501
      0.04000000	      1.08118087	      5.47738091	     91.67579319	     -0.21967408	      0.93805703	      1.02171943	     19.76000960	      2.94204176	     -4.73239586	     25.82586845	      0.45074644	     -1.85209557	    -10.40054010	     -7.49109121	    -12.47732877	     -1.80234905	     -7.12560763	     39.67225909	      0.69241154	    -13.95757542	     -3.28951678	     -7.49109121	    -17.40728502	      2.83796980	     -3.31166120	     -1.39109977	     -4.68350614	    -41.34146241	     38.03456893	    100.82590763	     14.23853552	     -8.90937477	    -19.05960386	     48.07489450	     88.62774649
      0.05000000	      1.79665833	      5.65383892	     92.00280722	     -0.21910918	      0.93977659	      1.00841409	     18.71110324	      3.61665056	     -5.38337485	     25.91575902	      0.45231532	     -0.95229400	     -9.91251972	     -7.49166791	    -10.92288820	     -2.94827431	     -6.22139066	     43.13654768	      0.75287478	    -16.89303675	     -4.42819535	     -7.49166791	    -17.51043779	      3.65448379	     -3.17827453	     -1.29840282	     -4.74527469	    -41.19057458	     37.79447978	    100.10009521	     13.82118865	     -8.56756300	    -19.37317505	     47.66963660	     88.14936056
      0.06000000	      2.28829580	      5.61441284	     92.28381477	     -0.21958149	      0.94122913	      0.99538018	     17.80650099	      4.04427324	     -5.84286642	     25.82578055	      0.45074490	      0.02526316	     -9.46443851	     -7.49211828	     -9.04164455	     -3.62315210	     -5.28807908	     46.58399350	      0.81304407	    -19.62193378	     -6.19939571	     -7.49211828	    -17.40013618	      4.32621717	     -3.02853531	     -1.22997327	     -4.94384106	    -41.10365635	     37.69941395	    100.13392054	     13.40255220	     -7.97122072	    -19.97413641	     47.25147274	     88.09146149
      0.07000000	      2.70062122	      5.72540833	     92.58318399	     -0.21968001	      0.94308045	      0.98239748	     16.65474878	      4.42437183	     -6.36326612	     25.57121272	      0.44630186	      0.92909938	     -8.91101178	     -7.49233992	     -7.32075330	     -4.32250174	     -4.72270997	     49.85010966	      0.87004855	    -22.70137904	     -8.26544884	     -7.49233992	    -17.46878370	      4.83913730	     -2.83028009	     -1.21180393	     -5.05200950	    -41.02056259	     37.66609858	    100.30074810	     12.98463893	     -7.60323861	    -20.18257861	     46.76632456	     88.09997616
      0.08000000	      2.85308524	      5.58607756	     93.09387595	     -0.22040602	      0.94473117	      0.96997742	     15.78751930	      4.39837199	     -7.23164842	     25.31038057	      0.44174948	      1.90376444	     -8.09982505	     -7.49260554	     -5.17408975	     -4.63607641	     -3.84035554	     53.07503749	      0.92633415	    -25.88793739	    -11.35489119	     -7.49260554	    -17.30622443	      5.13067546	     -2.85722837	     -1.12372733	     -5.08454687	    -41.08674405	     37.74480524	    100.78509100	     12.68224921	     -7.14885568	    -20.61522115	     46.13412829	     88.28299801
      0.09000000	      3.10094712	      5.80888462	     93.45599957	     -0.22063902	      0.94716095	      0.95763175	     14.38181466	      4.63101654	     -7.83807058	     24.74613751	      0.43190158	      2.56963724	     -7.59723953	     -7.49261395	     -3.51126467	     -5.21753322	     -3.50509862	     55.85493826	      0.97485258	    -28.34477486	    -14.22889114	     -7.49261395	    -17.55557901	      5.44415745	     -2.74197709	     -0.87110038	     -5.14908536	    -41.08210285	     37.59767215	    101.45050168	     12.46408908	     -6.81910703	    -20.90250165	     45.35632248	     88.61932091
      0.10000000	      2.88764986	      5.36796009	     93.97652433	     -0.22126904	      0.94879554	      0.94581145	     13.78460285	      4.22890598	     -8.68234088	     24.36157539	      0.42518970	      3.56056769	     -6.27082071	     -7.49302080	     -1.04079727	     -5.13027546	     -2.93641421	     58.49232378	      1.02088364	    -29.85967566	    -18.24958328	     -7.49302080	    -17.12944579	      5.23269174	     -2.80371828	     -0.68233963	     -5.06952710	    -41.28998387	     37.44749028	    102.16859801	     12.25316280	     -6.37920021	    -21.60456142	     44.57116771	     89.01851983
      0.11000000	      3.02078420	      5.14620265	     94.52138978	     -0.22160885	      0.95064193	      0.93428141	     12.84453340	      4.33846490	     -9.34076148	     23.63309006	      0.41247523	      4.11871149	     -5.76663381	     -7.49319467	      1.25886466	     -5.56716255	     -2.64055082	     60.96214100	      1.06399008	    -29.84760654	    -22.09108160	     -7.49319467	    -16.97491810	      5.40697848	     -2.92745010	     -0.39964643	     -4.98258820	    -41.37813223	     37.57153427	    102.67013502	     11.93447252	     -6.20382380	    -21.83417749	     43.94197355	     89.31511840
      0.12000000	      3.05374700	      4.82581904	     95.01753277	     -0.22191771	      0.95239034	      0.92278757	     12.03809051	      4.34393610	     -9.93642921	     22.96009829	      0.40072931	      4.62173204	     -5.06700025	     -7.49341285	      3.60839577	     -5.75697779	     -2.31826876	     63.10262327	      1.10134854	    -28.20366495	    -25.47807623	     -7.49341285	    -16.70774988	      5.40677775	     -2.86307112	     -0.27318375	     -4.95247558	    -41.33234880	     37.70665772	    102.86389604	     11.75495562	     -5.95321709	    -22.09146362	     43.09665204	     89.45239962
      0.13000000	      2.85667623	      4.85673337	     95.32110443	     -0.22188386	      0.95468496	      0.91162012	     10.82512593	      4.26733636	     -9.97914516	     22.19372797	      0.38735363	      5.04046739	     -4.82085896	     -7.49342450	      5.46832591	     -5.68862013	     -2.17661138	     64.78227179	      1.13066394	    -25.82328529	    -28.17194081	     -7.49342450	    -16.96472379	      5.12307697	     -2.75578756	      0.12907175	     -4.86267962	    -41.22939525	     37.73262533	    103.05398626	     11.51882909	     -5.93611929	    -22.16236968	     42.56342812	     89.55336990
      0.14000000	      3.03743690	      4.06769501	     95.83319428	     -0.22221069	      0.95558538	      0.90050662	     10.59429270	      4.39462281	    -10.70654629	     21.50768631	      0.37537994	      5.40883181	     -4.18627883	     -7.49363178	      8.47856194	     -5.84701261	     -1.76756866	     66.47761169	      1.16025320	    -23.13509197	    -30.03772908	     -7.49363178	    -16.15450952	      5.23894903	     -2.76859276	      0.20219389	     -4.84858629	    -41.10471657	     38.06731440	    102.81423888	     11.13682532	     -5.73139751	    -22.35885122	     41.79686083	     89.39831134
      0.15000000	      2.90306550	      3.62178824	     96.06023746	     -0.22215513	      0.95704220	      0.88935085	     10.01233657	      4.34532557	    -10.68860092	     20.94523005	      0.36556323	      5.75426727	     -4.07885028	     -7.49382232	     10.84057711	     -5.67030742	     -1.64398871	     67.51272535	      1.17831934	    -20.50433014	    -31.38233564	     -7.49382232	    -15.80583009	      4.96951755	     -2.67723348	      0.48222878	     -4.83626856	    -40.83185052	     38.21137629	    102.69092896	     10.74251156	     -5.66852537	    -22.58542240	     41.18255948	     89.29940131
      0.16000000	      2.59375173	      3.38659474	     96.09910946	     -0.22214898	      0.95873569	      0.87795901	      9.24412265	      4.14201498	    -10.46801036	     20.53565809	      0.35841485	      6.04563960	     -4.05803121	     -7.49394060	     12.71150179	     -5.30330143	     -1.79686992	     67.91195714	      1.18528725	    -17.94607834	    -32.24288083	     -7.49394060	    -15.70535197	      4.51572513	     -2.49513300	      0.75537455	     -4.81772941	    -40.55156092	     38.52563174	    102.52512401	     10.23102059	     -5.67949345	    -22.72196404	     40.70900110	     89.14873209
      0.17000000	      2.46411584	      3.04855347	     95.95894005	     -0.22158258	      0.96036936	      0.86696414	      8.46356847	      4.13613579	    -10.43518699	     19.66280691	      0.34318072	      6.24323209	     -3.46069237	     -7.49404187	     14.70607227	     -5.22838207	     -2.19986414	     68.09336333	      1.18845339	    -15.28690963	    -32.54330414	     -7.49404187	    -15.56025758	      4.18005481	     -2.15916924	      1.12506261	     -4.78734167	    -40.23900314	     38.86759080	    102.37682232	      9.74912304	     -5.70020123	    -22.86025432	     40.28321460	     88.99864641
      0.18000000	      2.02891024	      2.88355031	     96.14234202	     -0.22198065	      0.96175030	      0.85557092	      7.56258107	      3.88272478	     -9.73305138	     19.14947301	      0.33422135	      6.76605055	     -3.57592595	     -7.49411346	     16.36703822	     -4.62105203	     -2.29650081	     67.85073209	      1.18421867	    -13.02001676	    -32.90721657	     -7.49411346	    -15.51781749	      3.62761396	     -2.13521678	      1.35485103	     -4.75299770	    -39.98001114	     39.25558139	    102.24418451	      9.21264887	     -5.77470642	    -22.98923315	     39.91633185	     88.85868514
      0.19000000	      1.70755093	      2.87475639	     95.67982095	     -0.22137697	      0.96335575	      0.84394062	      6.46078501	      3.73145295	     -9.31092865	     18.51476225	      0.32314356	      6.98351306	     -3.48028256	     -7.49482870	     17.56925228	     -4.50521056	     -3.19904785	     67.18039846	      1.17251915	     -9.96465046	    -32.17718905	     -7.49482870	    -15.68503524	      3.09122258	     -1.54023059	      1.32451973	     -5.06335189	    -38.50764927	     40.01196489	    100.88773110	      8.68278133	     -5.67809258	    -23.39290977	     39.46481428	     87.31502025
      0.20000000	      1.35161986	      2.83390675	     95.36123098	     -0.22107416	      0.96479846	      0.83253854	      5.44659495	      3.48243915	     -8.95864899	     18.02062600	      0.31451926	      7.31217002	     -3.08005087	     -7.49652319	     18.74562744	     -4.24170286	     -3.94739678	     66.14309951	      1.15441486	     -8.03880546	    -31.86489206	     -7.49652319	    -15.84559751	      2.55413703	     -1.12336379	      1.57211551	     -5.15910360	    -37.99313452	     40.61884428	    102.13985326	      8.08693530	     -5.66357084	    -23.88437779	     39.18725596	     87.56185520
      0.21000000	      1.17087086	      2.89796086	     94.94193474	     -0.22050664	      0.96625100	      0.82119703	      4.29785064	      3.35878503	     -9.13260481	     17.34668786	      0.30275682	      7.60005238	     -1.99276240	     -7.49706455	     19.71584713	     -4.21503560	     -4.73517017	     64.79927734	      1.13096074	     -6.57254252	    -31.34418112	     -7.49706455	    -16.11406178	      2.18104073	     -0.61107758	      1.74072529	     -5.39967079	    -36.82070246	     41.30035969	     99.25049268	      7.47382299	     -5.70463466	    -23.90774417	     39.02216102	     85.02685656
      0.22000000	      1.02483859	      2.56671049	     94.74908035	     -0.22055799	      0.96644099	      0.80951523	      3.67255040	      3.27446328	     -9.00696200	     16.97700526	      0.29630464	      8.06126997	     -1.90506421	     -7.49713763	     21.08204867	     -4.11412647	     -5.36196386	     63.26588089	      1.10419793	     -5.60264880	    -30.80532299	     -7.49713763	    -15.76547638	      1.88691099	     -0.30313721	      1.98283731	     -5.48066019	    -36.61886217	     41.72591354	     98.79688880	      6.65385623	     -5.75638682	    -23.99885192	     38.80513575	     84.73840626
      0.23000000	      0.52540404	      3.05419377	     94.15942070	     -0.22007164	      0.96803735	      0.79788194	      2.10855223	      2.78591657	     -9.00048611	     16.52403266	      0.28839878	      8.50194683	     -0.40959032	     -7.49751608	     21.09386883	     -3.83782087	     -6.53003674	     60.96394816	      1.06402162	     -4.71514706	    -29.79653058	     -7.49751608	    -16.54962227	      1.20285286	      0.19296814	      2.16232459	     -5.78462053	    -35.31358874	     42.66494271	    100.02031130	      6.07087419	     -5.66995255	    -25.04579911	     38.77605833	     85.67344334
      0.24000000	      0.70334877	      2.69557142	     93.79829173	     -0.21937696	      0.96773858	      0.78653819	      1.60315917	      2.99406374	     -9.25312351	     16.16998091	      0.28221941	      8.73687295	     -0.05683681	     -7.49756287	     22.30349194	     -4.21431382	     -7.30453950	     58.85671610	      1.02724348	     -4.22911920	    -29.25080794	     -7.49756287	    -16.25406855	      1.19619840	      0.68777188	      2.49484390	     -5.86719556	    -35.11755684	     43.17520450	     99.68388620	      5.26217502	     -5.76494388	    -25.20621158	     38.58871287	     85.44975488
      0.25000000	      0.36676361	      3.25233153	     93.14538463	     -0.21874654	      0.96895312	      0.77474683	     -0.00388835	      2.64043791	     -9.32330934	     15.77593101	      0.27534194	      8.99618293	      1.59696403	     -7.49766493	     22.00238352	     -4.16835317	     -8.68951547	     56.01424592	      0.97763302	     -3.23838790	    -27.53773747	     -7.49766493	    -17.02573243	      0.63421423	      1.32053409	      2.73276885	     -6.16387705	    -34.08769790	     43.91133327	     99.65344695	      4.72248717	     -5.69607887	    -25.98847198	     38.46312661	     85.36548476
      0.26000000	      0.23221615	      3.56661189	     92.56009942	     -0.21814851	      0.96941804	      0.76273195	     -1.30959940	      2.42259725	     -9.82498661	     15.41678798	      0.26907371	      9.56609876	      3.27598826	     -7.49774876	     21.92939093	     -4.24403675	     -9.89160504	     52.98142225	      0.92470026	     -2.62022600	    -26.29251608	     -7.49774876	    -17.46037835	      0.28176782	      1.95150457	      2.87499949	     -6.44097570	    -33.26661633	     44.68934346	     99.70431658	      4.00236010	     -5.62405732	    -26.75340037	     38.45068013	     85.42371179
      0.27000000	      0.74581794	      3.15193326	     92.38665643	     -0.21799280	      0.96800527	      0.75192428	     -1.53654670	      2.94318875	    -10.22273025	     15.50493436	      0.27061215	      9.85738835	      3.21998148	     -7.49777752	     23.06011906	     -4.75548889	    -10.30323450	     50.27033238	      0.87738282	     -2.38462897	    -25.88692460	     -7.49777752	    -17.18798814	      0.70355865	      2.39370880	      3.31101255	     -6.63980392	    -33.12736797	     45.17068912	     99.40187433	      3.41143630	     -5.66968768	    -26.87367379	     38.41880841	     85.22944939
      0.28000000	      0.15105232	      4.00553333	     91.58516673	     -0.21794769	      0.96913166	      0.73917979	     -3.57461092	      2.15859963	    -10.51217423	     14.98956008	      0.26161718	     10.14952277	      5.43528663	     -7.49789081	     21.77495040	     -4.26504978	    -11.93592359	     46.19528419	      0.80625981	     -1.83009771	    -23.68284256	     -7.49789081	    -18.08251411	     -0.08857773	      2.85569767	      3.36689614	     -7.19634200	    -31.41620210	     46.05289664	     99.57173439	      2.63677811	     -5.31915697	    -28.58523465	     38.22323206	     85.43838200
      0.29000000	      0.38202884	      4.10363234	     91.00203696	     -0.21748290	      0.96839094	      0.72738841	     -4.50362169	      2.29308304	    -10.88852715	     14.89562844	      0.25997776	     10.50824968	      6.51168146	     -7.49796157	     21.74076042	     -4.60281139	    -13.08825650	     42.62080176	      0.74387332	     -1.34968274	    -22.11857737	     -7.49796157	    -18.21083900	     -0.04475969	      3.50200104	      3.63572557	     -7.57374780	    -30.68364657	     46.55010639	     99.46954875	      1.97800003	     -5.21124741	    -29.35887534	     38.01123089	     85.51450072
      0.30000000	      0.38216418	      4.24898439	     90.30696175	     -0.21729938	      0.96772308	      0.71528869	     -5.46544214	      2.11881971	    -11.16334746	     14.90283075	      0.26010346	     10.79611188	      7.26962669	     -7.49801810	     21.40784694	     -4.62330845	    -14.40744278	     38.68924045	      0.67525463	     -0.79472222	    -20.05788567	     -7.49801810	    -18.37060844	     -0.23021347	      4.19359599	      3.84583768	     -7.96131666	    -29.99478143	     47.11914820	     99.37372310	      1.30920858	     -5.02804664	    -30.15498416	     37.77786236	     85.55687167
      0.31000000	      0.58243515	      4.45457338	     89.89202645	     -0.21752760	      0.96664418	      0.70359167	     -6.48444228	      2.17081244	    -11.68580118	     14.88041672	      0.25971227	     11.20005290	      8.53475484	     -7.49807907	     21.14465416	     -4.73007892	    -15.43972040	     34.91722251	      0.60942050	      0.01286449	    -17.49666132	     -7.49807907	    -18.64954192	     -0.13792170	      4.63872374	      4.09523196	     -8.39649920	    -29.20700250	     47.78515070	     99.31141876	      0.72298260	     -4.82246806	    -31.12484630	     37.66949996	     85.72426598
      0.32000000	      0.76711309	      4.56439208	     89.44941900	     -0.21785401	      0.96532031	      0.69167705	     -7.36243837	      2.19557624	    -12.10348373	     14.96947241	      0.26126658	     11.59489840	      9.29934126	     -7.49814353	     20.88250394	     -4.75032160	    -16.40638944	     31.04874227	      0.54190278	      0.85638287	    -14.05624532	     -7.49814353	    -18.76648691	     -0.05903041	      5.04442202	      4.40132299	     -8.79592116	    -28.48443039	     48.24834936	     99.08503256	      0.10225702	     -4.60606387	    -32.12621299	     37.43015317	     85.83835733
      0.33000000	      1.33738720	      4.08834975	     89.13190955	     -0.21875711	      0.96280333	      0.68087189	     -7.42945978	      2.65609059	    -12.20775051	     15.28845306	      0.26683384	     11.84817935	      9.29240961	     -7.49816311	     21.56683731	     -4.99085437	    -16.52605895	     27.59760718	      0.48166911	      1.01176689	    -12.41270753	     -7.49816311	    -18.42615826	      0.58952312	      5.46490460	      4.84755661	     -9.15973849	    -28.32759692	     48.79320657	     98.88058564	     -0.60143001	     -4.37026020	    -32.37435674	     37.34770411	     85.79125188
      0.34000000	      0.94479339	      4.42328523	     88.09081340	     -0.21870313	      0.96169162	      0.66883980	     -8.26300847	      1.83508232	    -12.17899481	     15.96062793	      0.27856551	     12.71550219	     10.12735411	     -7.49821873	     20.66477962	     -4.66658416	    -19.02863503	     23.55607790	      0.41113112	      2.04370742	     -6.41050012	     -7.49821873	    -18.73924191	     -0.11435685	      6.29355680	      5.08343434	     -9.67839074	    -27.25908021	     49.18574294	     98.77845224	     -0.97653371	     -4.04534332	    -33.82326716	     36.92630262	     85.91642534
      0.35000000	      0.86965634	      4.17410175	     87.70895535	     -0.21986062	      0.95947850	      0.65732816	     -8.49635723	      1.52344139	    -12.12917212	     16.52586408	      0.28843074	     13.15965640	      9.90329242	     -7.49823895	     20.72253785	     -4.24553373	    -19.82716330	     19.88839203	      0.34711792	      2.18153703	     -2.86875352	     -7.49823895	    -18.50165075	     -0.20774205	      6.57429541	      5.37075970	     -9.97567994	    -26.90721803	     49.65117085	     98.86850395	     -1.53804927	     -3.76468590	    -34.69512336	     36.75084060	     86.17226577
      0.36000000	      1.33934604	      3.95142363	     87.51548205	     -0.22110911	      0.95727132	      0.64632204	     -8.86805300	      1.86998917	    -12.07408562	     16.79099865	      0.29305821	     13.33603607	     10.09409124	     -7.49821225	     20.93396497	     -4.31298315	    -19.43335957	     16.76595581	      0.29262113	      2.09018312	     -1.09375413	     -7.49821225	    -18.41377599	      0.36181057	      6.76477511	      5.92399812	    -10.22553258	    -26.84968160	     49.92685465	     99.31392220	     -2.02917744	     -3.59700285	    -34.97999040	     36.41541525	     86.48539617
      0.37000000	      0.71448030	      3.78239875	     86.77016250	     -0.22191709	      0.95526022	      0.63462841	     -8.87389174	      0.78124201	    -11.88856805	     17.95082992	      0.31330109	     13.97074723	      9.95606428	     -7.49826588	     20.54835545	     -3.48138650	    -20.93174168	     13.12847045	      0.22913504	      1.62220734	      3.59863382	     -7.49826588	    -18.18279864	     -0.46588863	      7.18209471	      6.28057948	    -10.46441938	    -26.29497699	     50.01840002	     99.22864179	     -2.44482698	     -3.30152588	    -36.26097283	     36.14149849	     86.43948783
      0.38000000	      0.88568661	      3.31383122	     86.56029472	     -0.22345741	      0.95270297	      0.62353477	     -8.80818578	      0.78827600	    -11.44476641	     18.54748938	      0.32371476	     14.17092786	      9.89920219	     -7.49827466	     20.86774762	     -3.26343159	    -20.32806544	     10.43044624	      0.18204563	      1.40937601	      5.43742141	     -7.49827466	    -17.79850077	     -0.21012125	      7.32404828	      6.69459970	    -10.67507207	    -26.18700978	     50.24231568	     99.14494691	     -2.88724867	     -3.11593746	    -36.62778728	     35.86277526	     86.45415941
      0.39000000	      0.30148548	      3.21612720	     85.88573193	     -0.22488624	      0.95051216	      0.61172890	     -8.79777734	     -0.28642964	    -10.95674904	     19.86171380	      0.34665230	     14.79787313	      9.72234396	     -7.49862301	     20.44481581	     -2.40504785	    -21.24068666	      7.69389025	      0.13428372	      0.74135135	      8.45166811	     -7.49862301	    -17.65269728	     -0.88273378	      7.61054902	      7.03245289	    -10.95818601	    -25.56946373	     50.38969370	     97.45167649	     -3.03593792	     -2.48220590	    -38.95145921	     35.46046656	     86.56988615
      0.40000000	      0.23454147	      2.88338548	     85.34276450	     -0.22613613	      0.94788503	      0.60018928	     -8.63169475	     -0.63463112	    -10.01316249	     20.94889054	      0.36562711	     14.97788194	      8.81135658	     -7.49875924	     20.60294482	     -2.17246500	    -21.42380558	      6.14333242	      0.10722138	      0.28122519	      9.78333220	     -7.49875924	    -17.26596409	     -0.97642827	      7.88374210	      7.42492484	    -11.05557398	    -25.49896837	     50.47242081	     97.44001159	     -3.42919314	     -2.20642870	    -39.94337412	     35.11470328	     87.12770337
      0.41000000	      0.19266774	      2.67931644	     85.11940993	     -0.22762919	      0.94544961	      0.58773800	     -8.78181654	     -0.92582012	     -9.46801352	     21.81274021	      0.38070414	     15.08065643	      8.48915453	     -7.49885182	     20.83179906	     -2.00885717	    -21.30580041	      5.65345739	      0.09867145	      0.14164856	     10.54070138	     -7.49885182	    -16.94102406	     -0.99648535	      7.83963385	      7.69680035	    -11.03317922	    -25.47995727	     50.50984353	     97.33532956	     -3.87238282	     -2.03774158	    -40.75707245	     34.75597232	     87.55903129
      0.42000000	      0.03370343	      2.58473574	     84.46796332	     -0.22848018	      0.94323880	      0.57550204	     -8.84337514	     -1.37125096	     -8.16683475	     22.95354230	      0.40061489	     14.92565749	      7.59134282	     -7.49884710	     21.09247388	     -2.03501493	    -21.68631191	      6.13934364	      0.10715176	      0.14998912	     11.09425028	     -7.49884710	    -16.76140945	     -1.26546829	      8.20583013	      7.89354595	    -10.98416715	    -25.53655010	     50.73043585	     96.82906079	     -4.30707283	     -2.00755088	    -40.91212837	     34.37168783	     87.31475351
      0.43000000	     -0.10015369	      2.63701293	     84.17861721	     -0.22950943	      0.94125972	      0.56247587	     -9.27199858	     -1.74183841	     -7.32630038	     23.80937733	      0.41555203	     14.61617834	      6.94271996	     -7.49888774	     21.27898737	     -2.04616903	    -21.34237245	      7.32212446	      0.12779518	      0.05951283	     10.98711291	     -7.49888774	    -16.63556878	     -1.47184068	      8.13544617	      8.10862588	    -10.76185293	    -25.65648810	     50.72610047	     96.65413001	     -4.74883388	     -1.95656516	    -41.61152325	     34.05731967	     87.33353147
      0.44000000	     -0.24001423	      2.75987431	     83.97315030	     -0.23047791	      0.93937504	      0.54906985	     -9.76964516	     -2.12101340	     -6.64665756	     24.70540810	      0.43119071	     14.14048901	      6.53993336	     -7.49895193	     21.34799627	     -2.04826462	    -20.90670093	      8.90244752	      0.15537702	     -0.55986314	      9.95957338	     -7.49895193	    -16.53652605	     -1.72164136	      7.96414688	      8.22348797	    -10.48826579	    -25.75617658	     50.72224015	     96.47217874	     -5.24766598	     -2.01506066	    -42.02215319	     33.77148263	     87.24198294
      0.45000000	     -0.16680284	      3.01436808	     83.78816542	     -0.23097455	      0.93786887	      0.53536993	    -10.49095004	     -2.26377325	     -6.01682327	     25.46607010	      0.44446677	     13.25278804	      6.05749047	     -7.49914517	     21.30417929	     -2.29842268	    -20.99761933	     10.92937292	      0.19075354	     -3.39709080	      6.58414020	     -7.49914517	    -16.55575269	     -1.79788067	      7.79138920	      8.31775979	    -10.04194378	    -26.03913774	     50.68889627	     96.28712048	     -5.68157716	     -2.13110140	    -42.43854593	     33.34028065	     86.82623218
      0.46000000	     -0.42299102	      3.34285427	     83.75252946	     -0.23187820	      0.93687220	      0.52166451	    -11.20066736	     -2.69713107	     -5.26080721	     26.34830674	      0.45986470	     12.08942488	      5.03744110	     -7.49917834	     21.14055006	     -2.12546214	    -20.97434551	     12.85278132	      0.22432335	     -4.93591866	      2.84184869	     -7.49917834	    -16.67309980	     -2.21047134	      7.48106112	      8.31573331	     -9.48070079	    -26.59116419	     50.77132092	     95.88865351	     -5.99390781	     -2.38760710	    -42.49944785	     32.87351989	     86.57326755
      0.47000000	     -1.09910218	      3.80531536	     83.99523073	     -0.23354803	      0.93655441	      0.50818337	    -11.88647698	     -3.62552596	     -5.02168149	     27.49996982	      0.47996502	     10.79056188	      4.59603283	     -7.49935372	     20.93054832	     -1.29781777	    -19.98079986	     14.80668620	      0.25842543	     -4.77401084	     -0.43017100	     -7.49935372	    -16.96169876	     -3.01042049	      6.74920362	      8.43015848	     -8.98239669	    -26.78081224	     50.53541235	     95.52574054	     -6.16975579	     -2.65364760	    -42.59934480	     32.39074297	     85.42200817
      0.48000000	     -1.62580558	      4.22513772	     84.34067503	     -0.23501587	      0.93693084	      0.49488196	    -12.49186020	     -4.35673483	     -5.10422532	     28.64689662	      0.49998267	      8.89051638	      3.94832190	     -7.49947730	     20.80733362	     -0.64951648	    -18.93440607	     16.82675451	      0.29368227	     -4.92509373	     -1.65195048	     -7.49947730	    -17.28976026	     -3.64897615	      6.01398026	      8.53819662	     -8.21322533	    -27.61384455	     50.36279501	     96.51500940	     -6.14418354	     -3.04287002	    -42.59012866	     31.65156246	     85.20597390
      0.49000000	     -2.28077753	      4.85259725	     84.68526941	     -0.23699275	      0.93798291	      0.48104272	    -13.29855748	     -5.19058294	     -5.00704994	     29.80078138	      0.52012175	      6.59131555	      2.74905574	     -7.49960413	     20.33368620	      0.24547866	    -17.81364152	     18.68658286	      0.32614240	     -5.62916440	     -2.20919872	     -7.49960413	    -17.75850962	     -4.38250359	      5.25475205	      8.57984097	     -7.53878101	    -28.32960763	     50.02965918	     95.80394083	     -6.08109984	     -3.28331338	    -42.69744772	     30.94000341	     83.98873604
      0.50000000	     -3.01347944	      5.53571150	     85.20552154	     -0.24016867	      0.93931866	      0.46671632	    -14.14833629	     -6.09191877	     -5.04003127	     31.01668082	      0.54134320	      3.94730725	      1.04448523	     -7.49966292	     19.65514026	      1.55584755	    -16.01786290	     20.18608963	      0.35231373	     -5.99038829	     -3.87032404	     -7.49966292	    -18.24472168	     -4.99283080	      4.45888364	      8.26749915	     -7.11516537	    -28.92471463	     50.04005337	     96.16286682	     -5.98809388	     -3.45163486	    -42.44400608	     30.15829412	     83.36128119
      0.51000000	     -3.48988483	      6.27845727	     85.76749045	     -0.24318370	      0.94103168	      0.45202774	    -15.01130628	     -6.78269123	     -5.53057885	     32.32908603	      0.56424900	      0.69535911	     -0.29018425	     -7.49971036	     18.73215586	      2.61600684	    -14.51145746	     21.43574302	      0.37412429	     -5.71167664	     -5.38342886	     -7.49971036	    -18.73014011	     -5.34750407	      3.68204040	      7.88203970	     -6.68830415	    -29.59233726	     49.95793366	     96.29766754	     -5.94489528	     -3.62728304	    -42.09277053	     29.42258494	     83.05787377
      0.52000000	     -3.76413655	      6.77525578	     86.15511557	     -0.24566247	      0.94256106	      0.43779045	    -15.28172743	     -7.21422060	     -5.69256236	     34.01718520	      0.59371188	     -3.19931160	     -2.14681811	     -7.49973722	     17.77338763	      3.33688796	    -13.51311406	     22.27862712	      0.38883540	     -5.20909959	     -8.30727182	     -7.49973722	    -19.00665219	     -5.52162374	      3.22152013	      7.38356605	     -6.27287830	    -30.31138183	     50.00987655	     96.40444082	     -5.77575273	     -3.78513002	    -41.68735168	     28.71249137	     82.84116867
      0.53000000	     -4.05389637	      7.10305057	     86.41569759	     -0.24803591	      0.94395156	      0.42399114	    -15.03120316	     -7.58272243	     -5.35619889	     36.05727797	      0.62931822	     -7.85309742	     -4.73964273	     -7.49976743	     16.69993570	      3.96304697	    -13.32945623	     22.63161928	      0.39499627	     -4.03719001	     -8.72060120	     -7.49976743	    -19.15708004	     -5.70593826	      2.98943008	      6.74514447	     -5.82709634	    -31.17512080	     50.34517140	     95.72173341	     -5.42362232	     -3.84258646	    -41.34752315	     28.12321054	     82.31711885
      0.54000000	     -4.50760891	      7.04155107	     86.85940195	     -0.25103436	      0.94485222	      0.41088399	    -14.03918810	     -8.19697437	     -5.36016499	     38.58147666	      0.67337380	    -12.57294072	     -6.64796644	     -7.49979479	     15.99298011	      4.90727146	    -12.75932506	     22.67344107	      0.39572620	     -3.17774699	     -8.50100587	     -7.49979479	    -18.93550875	     -5.99390495	      2.35142250	      6.42134636	     -5.68237168	    -31.24318186	     49.92042543	     96.39259578	     -5.23760768	     -3.97907493	    -40.81807915	     27.66068286	     82.40449070
      0.55000000	     -4.92654813	      6.94818500	     86.84520098	     -0.25322030	      0.94570858	      0.39798979	    -12.70391136	     -8.81391610	     -4.68531829	     41.22829950	      0.71956957	    -16.66987287	     -8.97599892	     -7.49980963	     15.17078866	      5.56658790	    -13.00632412	     22.45918086	      0.39198665	     -2.26397897	     -8.51834391	     -7.49980963	    -18.66334354	     -6.34260165	      2.22991912	      5.98653261	     -5.40564386	    -31.73921559	     49.85068079	     96.31385782	     -4.93234109	     -4.02048392	    -40.38416086	     27.31093022	     82.44668522
      0.56000000	     -5.24480340	      6.73136504	     86.76948910	     -0.25502039	      0.94652097	      0.38533111	    -11.10525165	     -9.19957824	     -3.78490358	     43.92782628	      0.76668520	    -20.16176201	    -11.47001659	     -7.49981571	     14.41688927	      6.06662274	    -13.32783625	     22.13018672	      0.38624462	     -1.33739944	     -8.12752196	     -7.49981571	    -18.29187408	     -6.63599710	      2.20440362	      5.46283153	     -5.19149661	    -31.98798162	     49.84376367	     95.82271129	     -4.60882197	     -4.08020547	    -39.89284554	     27.11762785	     82.05231891
      0.57000000	     -5.49323552	      6.58061383	     86.72202898	     -0.25662033	      0.94757107	      0.37313711	     -9.47608202	     -9.60184802	     -3.29325754	     46.58566001	      0.81307315	    -23.36665344	    -13.42003197	     -7.49982107	     13.58611377	      6.51902158	    -13.44936422	     21.76666521	      0.37989998	     -0.51703145	     -7.69311859	     -7.49982107	    -18.05746627	     -6.86926676	      1.99357814	      5.20810424	     -4.96063020	    -32.10745329	     49.57639618	     95.94402623	     -4.27072319	     -4.09226310	    -39.74942221	     27.15591365	     82.21050819
      0.58000000	     -5.56627933	      6.30176580	     86.49705259	     -0.25767942	      0.94870092	      0.36123681	     -7.54114544	     -9.73202220	     -2.52774387	     49.25372760	      0.85963972	    -26.38262320	    -15.51967138	     -7.49982802	     12.92411655	      6.67620757	    -13.84568161	     21.48242510	      0.37493905	      0.38760584	     -7.11895703	     -7.49982802	    -17.70799949	     -6.99394840	      2.01462394	      5.03489109	     -4.67414832	    -32.41808014	     49.18234986	     96.05782223	     -3.87533081	     -4.13900828	    -39.49632950	     27.19743094	     82.42907613
      0.59000000	     -5.59199177	      6.03155754	     86.14408632	     -0.25844622	      0.95004506	      0.34971499	     -5.53907339	     -9.86288330	     -1.84674535	     51.87032097	      0.90530789	    -29.37182261	    -17.46135953	     -7.49983514	     12.25168745	      6.72288854	    -14.41594562	     21.18006012	      0.36966178	      1.23930207	     -6.26275881	     -7.49983514	    -17.41730400	     -7.07733242	      2.06868265	      4.97539666	     -4.46576428	    -32.65356786	     48.72415222	     96.44917822	     -3.43254683	     -4.15214514	    -39.27370536	     27.30092007	     82.81191648
      0.60000000	     -5.71727968	      5.81449779	     85.66000504	     -0.25916389	      0.95152755	      0.33839862	     -3.46419272	    -10.18705317	     -1.26726823	     54.46828540	      0.95065092	    -29.94731714	    -18.52938648	     -7.49984086	     11.46071235	      6.93027561	    -14.88367900	     20.67230603	      0.36079980	      1.88266398	     -5.73909311	     -7.49984086	    -17.20410566	     -7.27770727	      2.14841532	      4.96927200	     -4.26399856	    -32.74057785	     48.30231453	     96.61766463	     -3.00224622	     -4.14900680	    -39.12050974	     27.54079268	     83.05871042
      0.61000000	     -5.51925353	      5.84300846	     85.55991429	     -0.26040803	      0.95354522	      0.32745666	     -1.90012971	    -10.10233128	     -1.15514679	     56.56404097	      0.98722875	    -29.14375296	    -19.39220465	     -7.49984332	     10.44160428	      6.92172085	    -14.72867898	     20.26210668	      0.35364048	      2.45855185	     -5.47591192	     -7.49984332	    -17.48321696	     -7.00784297	      1.86396693	      5.03814212	     -4.15311059	    -32.70437403	     48.08821792	     96.44831332	     -2.38239527	     -4.06843140	    -38.96419457	     27.84315749	     82.99589244
      0.62000000	     -5.87716781	      5.32070163	     84.76485909	     -0.26044945	      0.95448727	      0.31637372	      0.68584143	    -10.65135720	     -0.54996635	     58.88672708	      1.02776727	    -27.19710397	    -21.67729272	     -7.49984812	      9.93521402	      7.27311268	    -15.79488702	     19.54491668	      0.34112315	      2.98882461	     -4.61531822	     -7.49984812	    -16.82443959	     -7.57978405	      2.22739411	      4.98687540	     -3.98089754	    -32.67893367	     47.45444536	     96.59343892	     -2.00437842	     -4.16901134	    -38.74348093	     28.23750942	     83.27003463
      0.63000000	     -5.95557848	      4.94912906	     84.25247327	     -0.26108230	      0.95575542	      0.30540249	      2.95276419	    -10.70293434	     -0.09397552	     60.70716512	      1.05953991	    -24.58912465	    -23.25282797	     -7.49985376	      9.26700466	      7.43231430	    -16.40996128	     18.88374889	      0.32958359	      3.51237868	     -3.82313386	     -7.49985376	    -16.47549276	     -7.69378675	      2.31976098	      5.00839105	     -3.85318769	    -32.76421010	     46.99975718	     96.75469864	     -1.56706748	     -4.17812920	    -38.40366085	     28.65081979	     83.57234042
      0.64000000	     -5.90096196	      4.72833711	     83.90756945	     -0.26198322	      0.95724003	      0.29423757	      4.93894570	    -10.65154809	      0.07823345	     62.05265387	      1.08302312	    -22.16439365	    -24.96203193	     -7.49985818	      8.38892978	      7.50172454	    -16.94105616	     18.18079869	      0.31731480	      3.93900910	     -2.91400822	     -7.49985818	    -16.27954197	     -7.61741108	      2.30154770	      4.90126177	     -3.86011022	    -32.49597277	     46.64511451	     95.02848151	     -1.11044993	     -4.28929234	    -37.52309749	     28.99403035	     82.37860766
      0.65000000	     -5.77378048	      4.32127834	     84.06816611	     -0.26333405	      0.95845973	      0.28382771	      6.97570266	    -10.40301549	     -0.11113732	     62.97455448	      1.09911332	    -20.53758390	    -26.61258421	     -7.49986033	      7.77237430	      7.59068244	    -16.62968988	     17.50479236	      0.30551626	      4.41661572	     -2.57613010	     -7.49986033	    -16.10781208	     -7.35768349	      1.83268485	      4.79872553	     -3.80844304	    -32.31372005	     46.54850656	     94.44303074	     -0.45149616	     -4.37287349	    -37.15069181	     29.45078718	     81.95040721
      0.66000000	     -5.74066251	      4.08156638	     83.83479825	     -0.26407623	      0.95972311	      0.27311581	      8.88036589	    -10.21220493	      0.07740907	     63.61137313	      1.11022790	    -18.25152007	    -28.20108311	     -7.49987465	      6.91150405	      7.66757951	    -17.34145829	     16.71291055	      0.29169532	      4.78145469	     -1.01780881	     -7.49987465	    -15.98152167	     -7.30746601	      1.69543268	      4.83323901	     -3.62217743	    -32.69670972	     46.24613792	     96.98218961	     -0.11094234	     -4.73961138	    -35.67971430	     30.16867986	     83.84375643
      0.67000000	     -5.53532062	      3.83969804	     84.06210985	     -0.26556631	      0.96113315	      0.26209250	     10.47018104	     -9.93685471	     -0.31808674	     63.71572631	      1.11204921	    -16.25208771	    -29.69787558	     -7.49987651	      5.97876193	      7.72567185	    -17.10260162	     15.83344310	      0.27634571	      4.97437952	     -0.73768555	     -7.49987651	    -15.86298892	     -6.93981680	      1.21693180	      4.63130518	     -3.63090776	    -32.65784053	     46.12133406	     96.88739237	      0.55316608	     -4.76636493	    -35.48879423	     30.49538372	     83.73238971
      0.68000000	     -5.52662155	      3.87889586	     84.23804640	     -0.26703579	      0.96256379	      0.25108957	     11.78295538	    -10.00054192	     -0.78032661	     63.63353239	      1.11061465	    -13.23417109	    -30.03406571	     -7.49988554	      4.66511327	      8.03131730	    -17.02377907	     14.73185448	      0.25711937	      5.02544749	      0.17932246	     -7.49988554	    -16.08306274	     -6.83930247	      0.77981861	      4.41430413	     -3.62422838	    -32.59858199	     46.16050209	     96.66591574	      1.14202134	     -4.95041566	    -34.71266586	     31.12851732	     83.56662591
      0.69000000	     -5.37146291	      3.78526586	     84.47538281	     -0.26842735	      0.96377342	      0.24020951	     13.08694102	     -9.78638468	     -1.18421529	     63.12657090	      1.10176651	    -10.74495438	    -30.40155486	     -7.49989188	      3.54603276	      8.13703946	    -16.83773844	     13.77288681	      0.24038222	      5.24878453	      0.97412839	     -7.49989188	    -16.18642716	     -6.54916489	      0.37241778	      4.09916248	     -3.62730726	    -32.59719689	     46.36461262	     96.85250265	      1.82796837	     -5.14520245	    -33.88297243	     31.63032056	     83.77387933
      0.70000000	     -5.00873762	      3.84041887	     84.83563243	     -0.26976183	      0.96512343	      0.22932797	     14.09126526	     -9.42223923	     -1.86653688	     62.29537255	      1.08725936	     -8.53221812	    -30.36266497	     -7.49990365	      2.30159581	      8.00367491	    -16.53116060	     12.95561768	      0.22611819	      5.56768986	      1.70991098	     -7.49990365	    -16.45766589	     -6.02268435	     -0.13064152	      3.78566409	     -3.70727203	    -32.40363789	     46.57835468	     96.03683525	      2.44511536	     -5.41490805	    -32.68704576	     32.27429625	     83.14514521
      0.71000000	     -4.66008665	      3.79910049	     85.14251967	     -0.27095758	      0.96619279	      0.21862536	     15.13531249	     -9.01708985	     -2.45055564	     61.12055368	      1.06675490	     -6.58151716	    -30.02562144	     -7.49991450	      1.20989712	      7.82136640	    -16.38666572	     12.21475438	      0.21318768	      5.86459850	      2.67026762	     -7.49991450	    -16.64826576	     -5.54827663	     -0.49207627	      3.43210980	     -3.78072757	    -32.36300130	     46.83544927	     95.32627720	      3.22675822	     -5.63126222	    -31.77015830	     32.80036522	     82.50453125
      0.72000000	     -4.35612149	      3.65738376	     85.50859904	     -0.27222362	      0.96681088	      0.20798244	     16.23031340	     -8.65405793	     -3.04768930	     59.70456128	      1.04204117	     -5.03618242	    -29.62045910	     -7.49993331	      0.28427252	      7.65439888	    -16.30436399	     11.58748579	      0.20223978	      6.20582537	      3.57934851	     -7.49993331	    -16.70080379	     -5.06155984	     -0.98322293	      3.28686150	     -3.78528103	    -32.67713942	     46.81729900	     97.95844251	      3.87852014	     -6.08180004	    -30.44187162	     33.26959710	     84.22749619
      0.73000000	     -4.03102882	      3.58882854	     85.99474752	     -0.27361985	      0.96738978	      0.19753752	     17.10015255	     -8.32907398	     -3.81471508	     57.91017887	      1.01072329	     -3.78655142	    -28.87350482	     -7.49993989	     -0.62912450	      7.43073704	    -16.14127559	     11.09748498	      0.19368765	      6.52516453	      4.32326357	     -7.49993989	    -16.90333378	     -4.55368837	     -1.41709611	      2.95343305	     -3.82146419	    -32.81484334	     47.14651740	     96.30818550	      4.90156614	     -6.18474199	    -29.91325521	     33.70678123	     83.21188949
      0.74000000	     -3.86391683	      3.55630126	     86.36190921	     -0.27475236	      0.96773799	      0.18673282	     17.88526779	     -8.16893007	     -4.52496557	     55.89449443	      0.97554296	     -2.85913611	    -27.80736616	     -7.49996110	     -1.56821569	      7.31631022	    -16.41931200	     10.62278440	      0.18540256	      6.85369121	      5.69740435	     -7.49996110	    -17.04089115	     -4.25215442	     -1.84729271	      2.71934488	     -3.73186778	    -33.38144353	     47.28165336	     98.75673303	      5.74256622	     -6.44726870	    -29.51558736	     34.06191416	     85.96971746
      0.75000000	     -3.62342726	      3.52877990	     86.63485501	     -0.27590141	      0.96768982	      0.17609184	     18.61768481	     -7.91852730	     -5.19349074	     53.67075781	      0.93673144	     -2.16454929	    -26.92972626	     -7.49997080	     -2.53061420	      7.16606970	    -16.60425505	     10.13205146	      0.17683766	      7.42829970	      6.82381397	     -7.49997080	    -17.15381136	     -3.90093591	     -2.17807176	      2.41813846	     -3.87116532	    -33.32820988	     47.42122496	     97.94566568	      6.53865297	     -6.76587901	    -28.42900677	     34.63977703	     86.08708344
      0.76000000	     -3.55426388	      3.55833547	     87.03260090	     -0.27722084	      0.96755733	      0.16545770	     19.22787103	     -7.82943692	     -5.81756348	     51.28205974	      0.89504079	     -1.42031567	    -25.69385554	     -7.49998278	     -3.60052428	      7.20447854	    -16.80200194	      9.51789401	      0.16611859	      7.70266319	      8.09723002	     -7.49998278	    -17.37373330	     -3.70085942	     -2.65221380	      2.14986333	     -3.92733902	    -33.45391712	     47.61399243	     98.36895340	      7.47590774	     -7.02291631	    -27.87868731	     34.98219942	     86.96730447
      0.77000000	     -3.47731827	      3.60574154	     87.49161262	     -0.27831944	      0.96721638	      0.15476578	     19.65786026	     -7.74404251	     -6.62417629	     48.53649160	      0.84712159	     -0.74952000	    -24.52605835	     -7.49998433	     -4.57484080	      7.17890131	    -16.88341882	      9.16754302	      0.16000381	      8.09371030	      8.85722082	     -7.49998433	    -17.58470040	     -3.50430016	     -3.15397246	      1.87716048	     -3.92106017	    -33.60617425	     47.78964172	     97.25946715	      8.43951156	     -7.29250044	    -27.15450465	     35.35288523	     86.23857159
      0.78000000	     -3.48633211	      3.74151154	     87.79440343	     -0.27938639	      0.96674062	      0.14384370	     19.96881119	     -7.69893943	     -7.23954552	     45.66943817	      0.79708206	      0.05775243	    -23.08624003	     -7.49998570	     -5.71564039	      7.26603745	    -17.29370642	      8.67876183	      0.15147297	      8.52237799	     10.11673906	     -7.49998570	    -17.87060185	     -3.42730108	     -3.44874246	      1.48168263	     -3.93084122	    -33.83978166	     48.12924507	     96.57819599	      9.32051379	     -7.59106342	    -26.15605922	     35.90694773	     85.88074871
      0.79000000	     -3.46270800	      3.83647671	     88.17300855	     -0.28052027	      0.96595997	      0.13298802	     20.28801633	     -7.60296036	     -7.89323961	     42.68319274	      0.74496225	      0.44945108	    -21.71327501	     -7.49998695	     -6.73592432	      7.29116157	    -17.56257405	      8.33652361	      0.14549979	      8.88841380	     11.10803510	     -7.49998695	    -18.06066652	     -3.30117089	     -3.88753966	      1.26698328	     -4.01717988	    -33.90597729	     48.11139288	     95.84325283	     10.21079652	     -7.92563196	    -25.20383044	     36.17828889	     85.42458047
      0.80000000	     -3.55152174	      3.84516997	     88.59136344	     -0.28153827	      0.96489158	      0.12244672	     20.65762531	     -7.63236876	     -8.58657826	     39.64575080	      0.69194889	      1.10787084	    -19.56873359	     -7.49998772	     -7.61255894	      7.39688817	    -17.91643734	      8.07006622	      0.14084923	      9.28246737	     12.31689973	     -7.49998772	    -18.25249265	     -3.29434919	     -4.32528736	      1.00099149	     -3.99903552	    -34.15167766	     48.30781566	     95.63582976	     11.16086343	     -8.30209552	    -24.20424655	     36.60275963	     85.33564051
      0.81000000	     -3.59029646	      3.88365662	     89.02028744	     -0.28245062	      0.96368595	      0.11166101	     20.97360613	     -7.61780402	     -9.40578215	     36.56442316	      0.63816957	      1.65943229	    -17.12103143	     -7.49998867	     -8.47294801	      7.39870220	    -18.28608768	      7.97399152	      0.13917241	      9.90448943	     13.62951947	     -7.49998867	    -18.42541651	     -3.22929901	     -4.74972756	      0.69695732	     -3.93456238	    -34.47224292	     48.54599711	     95.62408668	     12.02129455	     -8.71124740	    -23.10769146	     37.03611231	     85.42640099
      0.82000000	     -3.56487392	      3.80111693	     89.39160770	     -0.28309521	      0.96222776	      0.10105018	     21.32652305	     -7.42144992	    -10.11520283	     33.32869166	      0.58169540	      1.96860339	    -14.50237492	     -7.49998916	     -9.10176464	      7.31428749	    -18.57299149	      8.04761706	      0.14045741	     10.50883190	     14.20038973	     -7.49998916	    -18.46398145	     -3.14664315	     -5.11632029	      0.50611024	     -3.96470943	    -34.67702577	     48.45311231	     95.58294456	     12.95167700	     -9.01348973	    -22.36608078	     37.31030136	     85.45733522
      0.83000000	     -3.63338536	      3.78935491	     89.85804610	     -0.28400136	      0.96077855	      0.09047086	     21.62470369	     -7.41749430	    -10.99494964	     30.28311826	      0.52854012	      2.45115850	    -10.84711897	     -7.49998945	     -9.86964680	      7.32650465	    -18.76264329	      7.98228475	      0.13931715	     11.00429534	     15.17111007	     -7.49998945	    -18.64974377	     -3.11091678	     -5.57676080	      0.29282928	     -3.89136796	    -34.99466801	     48.59236077	     96.07998680	     13.89405802	     -9.39610684	    -21.49364289	     37.71728254	     85.95127309
      0.84000000	     -3.86598599	      3.43937237	     89.97414595	     -0.28416016	      0.95859933	      0.08007023	     22.45287656	     -7.30920382	    -11.06859916	     27.45443333	      0.47917026	      2.14490147	     -8.88568703	     -7.49998949	    -10.13330002	      7.55027273	    -18.95628615	      8.14341125	      0.14212934	     11.31538630	     15.19408487	     -7.49998949	    -18.39882214	     -3.35126288	     -5.79664921	      0.07866780	     -3.82505625	    -35.17665209	     48.64846843	     96.21528192	     14.69536192	     -9.61276076	    -21.21681548	     38.12897737	     86.09912041
      0.85000000	     -3.62318318	      3.59459720	     90.54341451	     -0.28496826	      0.95738205	      0.06928680	     22.37354873	     -7.05532483	    -12.66233257	     24.54661718	      0.42841929	      2.49367688	     -3.90049287	     -7.49999001	    -10.93451613	      7.14330177	    -18.92234196	      8.44946552	      0.14747099	     12.05663811	     15.74451991	     -7.49999001	    -18.72116630	     -2.95725924	     -6.23661105	      0.05759951	     -3.74014242	    -35.87353425	     48.49070102	     96.79600743	     15.54452681	    -10.01720207	    -19.87680649	     38.42863596	     86.76160715
      0.86000000	     -3.51498335	      3.45085486	     90.89911017	     -0.28506057	      0.95563691	      0.05861910	     22.70031725	     -6.68708332	    -13.43356236	     21.85849531	      0.38150271	      2.32593574	     -0.85534444	     -7.49999023	    -11.33355171	      6.88517228	    -18.87526684	      8.85926165	      0.15462329	     12.58979387	     15.73459558	     -7.49999023	    -18.68942096	     -2.80692979	     -6.56457837	      0.03160631	     -3.64918085	    -36.33016710	     48.22453007	     97.11706565	     16.36178125	    -10.29235786	    -19.31535637	     38.67402960	     87.11823778
      0.87000000	     -3.50996267	      3.21076868	     90.99262371	     -0.28447259	      0.95353890	      0.04783724	     23.22805606	     -6.19994662	    -13.31305978	     19.52225442	      0.34072762	      1.97819804	      0.97526524	     -7.49999031	    -11.56433787	      6.75053037	    -18.89394842	      9.37248514	      0.16358072	     12.97347652	     15.45315858	     -7.49999031	    -18.53250026	     -2.87696776	     -6.63046294	     -0.18695076	     -3.55375346	    -36.55511129	     48.12718366	     97.25765745	     17.06455819	    -10.53520238	    -18.99244797	     39.19107382	     87.29623568
      0.88000000	     -3.16287267	      3.00769160	     91.40948178	     -0.28404798	      0.95163053	      0.03725754	     23.51409764	     -5.58060241	    -14.20745118	     17.34655660	      0.30275453	      1.14138416	      3.16476537	     -7.49999052	    -11.61833568	      6.09944751	    -18.62143653	     10.36092770	      0.18083230	     13.80795873	     15.01049366	     -7.49999052	    -18.46306044	     -2.51323984	     -6.90481691	     -0.14504015	     -3.40134952	    -37.01049172	     47.75897110	     97.36326491	     17.79241860	    -10.82227982	    -18.34389199	     39.45175024	     87.52479974
      0.89000000	     -2.94373603	      2.85288241	     91.69153932	     -0.28322126	      0.94973628	      0.02628902	     23.69800689	     -4.99377162	    -14.73568548	     15.38998142	      0.26860585	      0.79451430	      4.87495787	     -7.49999329	    -11.75839467	      5.59892808	    -18.33352103	     11.27596170	      0.19680266	     14.32995832	     14.65382161	     -7.49999329	    -18.36667950	     -2.33442174	     -7.09427232	     -0.02913715	     -3.07885563	    -37.95493648	     47.31230224	     98.76415918	     18.30761154	    -11.38270599	    -17.15836147	     40.00830032	     87.64920685
      0.90000000	     -2.70433337	      2.47087324	     92.06908120	     -0.28268488	      0.94755918	      0.01552523	     24.11349769	     -4.51866906	    -15.66582542	     13.85497328	      0.24181490	      0.38952335	      6.82939430	     -7.49999326	    -11.54029401	      5.12872980	    -17.31292258	     12.35415928	      0.21562076	     14.72915900	     12.87288143	     -7.49999326	    -18.02342294	     -2.09857346	     -7.42360469	      0.09760593	     -2.88570566	    -38.47337515	     46.73853125	     98.08550384	     18.80857022	    -11.62857237	    -16.81394056	     40.35927938	     87.28129307
      0.91000000	     -2.43643714	      2.41528954	     92.07678160	     -0.28159664	      0.94570099	      0.00393112	     24.22848927	     -3.81474431	    -15.69403236	     12.85833777	      0.22442033	      0.19928997	      7.55734322	     -7.49999346	    -11.73765052	      4.56246130	    -17.49920262	     13.47088551	      0.23511131	     15.14241746	     13.01117660	     -7.49999346	    -17.91593548	     -1.90801672	     -7.20540228	     -0.07674429	     -2.77093753	    -39.01786640	     46.50936338	     98.06429879	     19.32889760	    -11.65884728	    -16.54715821	     40.65722424	     87.26521218
      0.92000000	     -2.15396203	      2.27645152	     92.21917722	     -0.28083306	      0.94394474	     -0.00783086	     24.58461890	     -3.29545040	    -15.87969846	     12.75035248	      0.22253563	     -0.14369382	      7.92342050	     -7.49999362	    -11.88897778	      4.10990501	    -16.59471360	     14.43233742	      0.25189181	     15.23446762	     11.53430941	     -7.49999362	    -17.71166324	     -1.63669227	     -7.13316207	     -0.17662645	     -2.71713430	    -39.42796670	     46.08034113	     97.60291757	     19.66998179	    -11.70134809	    -16.25249877	     41.00374589	     86.80928389
      0.93000000	     -1.85606575	      2.42172463	     92.33433126	     -0.28026594	      0.94251805	     -0.02046234	     24.51846403	     -2.76969394	    -15.95458057	     12.96949189	      0.22636034	      0.14825909	      8.07440502	     -7.49999412	    -12.35184595	      3.55757461	    -16.15578219	     15.52676467	      0.27099317	     15.24266718	     10.97426932	     -7.49999412	    -17.66217439	     -1.29844694	     -7.09448457	     -0.33366483	     -2.74358188	    -39.83507166	     45.64953372	     98.18495710	     19.85666152	    -11.66620502	    -16.19489867	     41.31455140	     86.97815747
      0.94000000	     -1.72724553	      2.71501235	     92.46960288	     -0.28006128	      0.94143915	     -0.03326117	     24.27729778	     -2.50338075	    -16.02878632	     13.66700923	      0.23853431	      0.56665606	      7.77928295	     -7.49999436	    -13.08867357	      3.28234607	    -15.19209697	     16.34449126	      0.28526519	     14.70367770	      9.72151119	     -7.49999436	    -17.79223266	     -1.09471278	     -7.00759288	     -0.52882661	     -2.74770490	    -40.39919860	     45.37434381	     97.95398428	     19.99904346	    -11.52559548	    -16.12595929	     41.74461335	     86.51936151
      0.95000000	     -1.57639403	      3.04050790	     92.49315252	     -0.28001021	      0.94062571	     -0.04654153	     23.83245452	     -2.21232185	    -16.04540581	     14.41347979	      0.25156268	      0.59538819	      7.56362171	     -7.49999453	    -13.93329261	      3.04174081	    -14.32197766	     17.01775687	      0.29701589	     13.91804822	      8.44800266	     -7.49999453	    -17.86489282	     -0.84185938	     -6.90421774	     -0.67404475	     -2.87117313	    -40.72528624	     44.88055951	     97.72317600	     19.84266278	    -11.32945454	    -16.16226729	     42.25715050	     86.08558594
      0.96000000	     -1.32622246	      3.45016167	     92.45421963	     -0.27969849	      0.93993379	     -0.06010530	     23.12449011	     -1.73300362	    -15.49356676	     15.19553391	      0.26521210	      0.17259703	      6.51051305	     -7.49999478	    -14.80226046	      2.60904304	    -13.89034014	     17.89295460	      0.31229097	     13.02945787	      8.04490882	     -7.49999478	    -17.99135873	     -0.50724476	     -6.70691227	     -0.90559898	     -3.05073029	    -40.89740119	     44.47945763	     98.04184829	     19.70768107	    -11.09395825	    -16.43013989	     42.60375432	     85.90238663
      0.97000000	     -1.03872646	      3.81696252	     92.33343216	     -0.27904898	      0.93933743	     -0.07388989	     22.42974924	     -1.16442603	    -14.61929588	     16.10775647	      0.28113339	     -2.10958711	      4.44271865	     -7.49999512	    -15.53479521	      2.14253067	    -13.35951860	     18.93519256	      0.33048145	     12.02412437	      7.23634191	     -7.49999512	    -18.04231940	     -0.15487267	     -6.34080969	     -1.15780771	     -3.26274123	    -41.13056863	     44.01634412	     98.38135929	     19.43888744	    -10.80940528	    -16.57748326	     43.03446295	     85.86609195
      0.98000000	     -0.87091391	      4.17540322	     92.68694088	     -0.27932192	      0.93916250	     -0.08742952	     21.77054104	     -1.05864493	    -14.76987993	     17.05025858	      0.29758315	     -4.49528414	      3.54878811	     -7.49999524	    -16.11434147	      1.78862658	    -11.83485082	     20.07638094	      0.35039895	     10.28772538	      4.95888651	     -7.49999524	    -18.15303439	      0.21357138	     -6.62282437	     -1.10448583	     -3.38032139	    -41.34234245	     43.32028117	     97.16585235	     19.05220543	    -10.64188831	    -16.66366935	     43.47840768	     84.72240637
      0.99000000	     -0.55541704	      4.57252092	     91.90985983	     -0.27767300	      0.93903014	     -0.10107861	     21.33525463	     -0.23734564	    -12.72827192	     18.24460188	      0.31842837	     -5.24181938	      1.19119793	     -7.49999541	    -16.76717300	      1.36229721	    -12.40292670	     21.32317128	      0.37215955	      8.96451751	      5.26226733	     -7.49999541	    -18.20198825	      0.47747850	     -5.73415194	     -1.33091146	     -3.62912803	    -41.42346524	     43.02983276	     97.93383706	     18.64690919	    -10.21430414	    -17.42692751	     43.82273920	     84.68886905
      1.00000000	     -0.16626684	      4.71133451	     91.58251943	     -0.27629664	      0.93926186	     -0.11444255	     21.09502257	      0.48812649	    -11.26201575	     19.40618843	      0.33870188	     -5.33689550	     -0.67523843	     -7.49999682	    -16.81490736	      0.73087630	    -12.24432730	     23.05417863	      0.40237132	      6.84656872	      4.34892390	     -7.49999682	    -18.21040128	      0.81249972	     -5.04392659	     -1.29815691	     -3.63039599	    -42.38192777	     42.40628749	    101.16986767	     18.35749653	     -9.83805103	    -18.13820772	     44.14809783	     88.08736680
      1.01000000	      0.16490588	      5.04026816	     91.20129618	     -0.27484158	      0.94019942	     -0.12783357	     20.58837794	      1.13567380	     -9.94694890	     20.55272208	      0.35871267	     -5.60197803	     -2.89883133	     -7.49999710	    -16.97717370	      0.21245322	    -12.06022184	     24.82639331	      0.43330230	      4.26430971	      2.85875805	     -7.49999710	    -18.31496625	      1.06779049	     -4.53314198	     -1.12090997	     -3.71536870	    -42.71969465	     41.53824832	    100.85132873	     17.86874212	     -9.55554611	    -18.64962055	     44.37320959	     88.05330087
      1.02000000	      0.59917548	      5.46502709	     90.85057844	     -0.27306275	      0.94159507	     -0.14139863	     19.84621947	      1.94581613	     -8.71372491	     21.60207765	      0.37702738	     -5.32751394	     -5.17410130	     -7.49999738	    -17.06211797	     -0.51097776	    -12.01257875	     26.86123884	      0.46881706	      1.19498959	      1.58937473	     -7.49999738	    -18.55582551	      1.41658233	     -4.04296161	     -1.04449662	     -3.80119748	    -42.77810899	     40.88318632	    100.37208242	     17.27648765	     -9.28002860	    -19.24265833	     44.75266355	     87.50835471
      1.03000000	      0.96839819	      5.91330414	     90.55473485	     -0.27117788	      0.94325668	     -0.15486639	     18.99202885	      2.71216601	     -7.50794648	     22.60865494	      0.39459547	     -4.33495165	     -6.46074905	     -7.49999765	    -16.87455144	     -1.26913096	    -12.05045301	     29.30903390	      0.51153914	     -2.30977850	      0.45110016	     -7.49999765	    -18.83911168	      1.66280517	     -3.60676456	     -0.86768755	     -3.76020796	    -43.06441585	     40.20738895	    100.38306692	     16.63400616	     -9.18539690	    -19.55083117	     45.09269001	     87.10016828
      1.04000000	      1.39801800	      6.22262516	     90.36987653	     -0.26958385	      0.94487200	     -0.16794433	     18.18588653	      3.53759312	     -6.32007490	     23.38174903	      0.40808851	     -3.50907414	     -7.63238476	     -7.49999841	    -16.22300824	     -2.09094699	    -11.68981257	     32.08120751	      0.55992270	     -6.35234798	     -1.00126726	     -7.49999841	    -19.00556391	      2.03843704	     -3.28224931	     -0.59829187	     -3.77195564	    -43.41833512	     39.49530862	    102.50774178	     16.01393685	     -8.94906997	    -20.39716471	     45.33383295	     89.64995464
      1.05000000	      1.76982521	      6.40488830	     90.26327672	     -0.26831009	      0.94621652	     -0.18099015	     17.48847365	      4.23956636	     -5.19057319	     24.19591424	      0.42229837	     -2.47725759	     -9.07444118	     -7.49999852	    -15.23096629	     -2.86262188	    -11.17240455	     34.97834677	      0.61048732	    -10.82809651	     -2.16073865	     -7.49999852	    -19.00718134	      2.36537656	     -2.96330166	     -0.59909913	     -3.84223090	    -43.22653660	     39.10204552	    101.03549960	     15.37707087	     -8.66909768	    -20.75124672	     45.47788533	     87.70895971
      1.06000000	      2.08977418	      6.46262668	     90.33447186	     -0.26728280	      0.94727136	     -0.19354457	     16.85465512	      4.71852515	     -4.82875265	     24.80021346	      0.43284538	     -1.19304831	     -9.33883930	     -7.49999861	    -13.82212266	     -3.65403601	    -10.40673060	     38.13145139	      0.66551938	    -14.84267225	     -2.50919753	     -7.49999861	    -18.93121933	      2.66502658	     -2.69245668	     -0.65342948	     -3.91137618	    -42.94797355	     38.83363761	     99.91100648	     14.90486712	     -8.54434544	    -20.73287681	     45.37435735	     86.98244407
      1.07000000	      2.44927775	      6.47391437	     90.46898660	     -0.26672791	      0.94828992	     -0.20576683	     16.18480936	      5.21102168	     -4.51449949	     25.17208636	      0.43933579	     -0.19578442	     -9.53759808	     -7.49999868	    -12.19972345	     -4.39745498	     -9.43241696	     41.40056745	      0.72257621	    -18.15699427	     -3.24076348	     -7.49999868	    -18.85146401	      3.07327853	     -2.50502517	     -0.65162905	     -3.99905158	    -42.72318773	     38.76637171	     98.98926859	     14.38307799	     -8.33619973	    -20.81468563	     45.29563954	     86.32603680
      1.08000000	      2.92484419	      6.31526477	     90.83358678	     -0.26678790	      0.94912901	     -0.21773795	     15.54886078	      5.71597660	     -4.65239158	     25.19288688	      0.43969882	      0.39347960	    -10.08310956	     -7.49999876	    -10.19412265	     -5.20663637	     -8.19548589	     44.84531357	      0.78269838	    -21.04609444	     -5.54134765	     -7.49999876	    -18.55511196	      3.71183328	     -2.53855897	     -0.62900198	     -4.13117255	    -42.51049969	     38.75997880	     98.87030246	     13.89636276	     -7.93932464	    -21.31650314	     45.15778090	     86.00100267
      1.09000000	      3.15266584	      6.47879619	     90.86107828	     -0.26640924	      0.95038754	     -0.22951922	     14.54127590	      6.02997881	     -4.57944250	     25.18512564	      0.43956336	      1.48258331	     -9.87462946	     -7.49999880	     -8.69250579	     -5.74669547	     -7.60820820	     47.90286672	      0.83606275	    -23.60920939	     -6.55584201	     -7.49999880	    -18.72323582	      3.93212349	     -2.10769408	     -0.56424021	     -4.28079048	    -42.32411772	     38.70947088	     98.38792793	     13.58446944	     -7.66469984	    -21.38217316	     44.94324230	     85.62260499
      1.10000000	      3.50237836	      6.59110609	     91.11073120	     -0.26646242	      0.95174700	     -0.24107120	     13.46878642	      6.36010601	     -5.02176162	     24.86486408	      0.43397375	      2.26723866	     -9.50236128	     -7.49999883	     -6.92746757	     -6.43524796	     -6.88776221	     51.08985278	      0.89168615	    -26.41236105	     -8.81521592	     -7.49999883	    -18.83075521	      4.39582378	     -1.93590704	     -0.45724563	     -4.40813659	    -42.15595553	     38.83936701	     98.34797415	     13.29502551	     -7.34721918	    -21.58631881	     44.57998200	     85.48894646
      1.11000000	      3.55725642	      6.05891574	     91.70827468	     -0.26731095	      0.95245728	     -0.25233012	     13.14623059	      6.16271685	     -6.20136137	     24.61046663	      0.42953367	      2.88270021	     -8.47134144	     -7.49999888	     -4.31613562	     -6.73778951	     -5.89949406	     54.09840340	      0.94419526	    -29.08056158	    -12.75276376	     -7.49999888	    -18.25412620	      4.65304573	     -2.09956587	     -0.58468482	     -4.43206750	    -41.99034778	     39.35948372	     98.56446280	     12.96690338	     -6.82998802	    -22.22630815	     44.03532395	     85.41712659
      1.12000000	      3.48750970	      5.90578167	     92.06909986	     -0.26763192	      0.95376800	     -0.26343545	     12.36253954	      5.95038727	     -7.02662347	     24.31220399	      0.42432801	      3.75052025	     -7.48115318	     -7.49999892	     -2.25737027	     -6.88296462	     -5.29255260	     56.68457600	      0.98933249	    -30.30451219	    -15.34410085	     -7.49999892	    -18.06375502	      4.63062165	     -2.06431138	     -0.45730011	     -4.49770807	    -41.75126282	     39.45346545	     99.02711274	     12.70562550	     -6.50295270	    -22.76459605	     43.51244376	     85.59916826
      1.13000000	      3.46808025	      6.02363174	     92.26170663	     -0.26774027	      0.95560462	     -0.27404110	     11.16792570	      5.96492274	     -7.24479183	     23.69041838	      0.41347580	      4.45921530	     -7.03298254	     -7.49999893	     -0.55389966	     -7.08858968	     -4.94039452	     58.95311578	      1.02892597	    -29.92292863	    -17.46985432	     -7.49999893	    -18.41052250	      4.62098900	     -1.80293783	     -0.09018771	     -4.62909606	    -41.56530807	     39.48818861	     99.01858250	     12.59615660	     -6.26038553	    -22.85889312	     42.98895681	     85.57148452
      1.14000000	      3.48211163	      5.50972427	     92.85237842	     -0.26844625	      0.95636220	     -0.28443463	     10.80930721	      5.78120911	     -8.39354684	     23.32260394	      0.40705623	      4.96853694	     -5.88972374	     -7.49999899	      2.09852921	     -7.23113544	     -4.21391691	     61.34078380	      1.07059864	    -27.77041775	    -19.79089204	     -7.49999899	    -17.93366518	      4.76222103	     -1.93140634	     -0.06034572	     -4.64044582	    -41.29745858	     40.04707085	     98.79105775	     12.44992618	     -5.89220664	    -23.38127408	     42.28610641	     85.36511392
      1.15000000	      3.21298943	      5.42048536	     92.98521296	     -0.26845836	      0.95788847	     -0.29486111	      9.92944377	      5.55677256	     -8.38534329	     22.87201532	      0.39919197	      5.68188445	     -5.53304313	     -7.49999902	      3.97768406	     -6.97314871	     -3.93317033	     63.06299800	      1.10065695	    -24.75487244	    -21.41175564	     -7.49999902	    -18.00117291	      4.41410797	     -1.69779698	      0.26109156	     -4.69666409	    -41.00973805	     40.21919613	     98.30789599	     12.14442306	     -5.77791798	    -23.44886741	     41.94000069	     85.05612138
      1.16000000	      3.23803640	      4.92271834	     93.50133482	     -0.26904645	      0.95861148	     -0.30497790	      9.57856753	      5.50084842	     -9.06861561	     22.48934695	      0.39251315	      6.12729315	     -4.80021756	     -7.49999906	      6.58627410	     -6.97264686	     -3.22826768	     64.82393393	      1.13139108	    -21.97560267	    -23.11683738	     -7.49999906	    -17.56386657	      4.51472921	     -1.83245412	      0.43827830	     -4.78172422	    -40.47301826	     40.61169991	     98.38367396	     11.90280455	     -5.44559778	    -23.93250100	     41.28854632	     85.06344482
      1.17000000	      3.07308548	      4.62277825	     93.74937461	     -0.26911988	      0.95966551	     -0.31515135	      9.03498146	      5.38813400	     -9.11439968	     22.14781598	      0.38655231	      6.62245472	     -4.73670936	     -7.49999910	      8.82790904	     -6.73409471	     -2.79528570	     66.05003821	      1.15279064	    -19.26752553	    -24.60976673	     -7.49999910	    -17.38750954	      4.30062106	     -1.77627188	      0.73250341	     -4.89122648	    -40.00252809	     40.93259683	     98.57215065	     11.57354944	     -5.31231149	    -24.42638064	     40.89374941	     85.23397849
      1.18000000	      2.82833361	      4.58138200	     93.79020139	     -0.26903636	      0.96117031	     -0.32551331	      8.11008539	      5.28737268	     -8.71168038	     21.66889716	      0.37819360	      7.05991591	     -4.69687098	     -7.49999912	     10.51465880	     -6.36402033	     -2.54840125	     66.58881129	      1.16219400	    -17.00162866	    -25.94052668	     -7.49999912	    -17.49716148	      3.94800612	     -1.58752999	      1.19209339	     -4.91331158	    -39.74564300	     41.13768928	     98.45106370	     11.22526598	     -5.29020460	    -24.50805347	     40.51945172	     85.16157360
      1.19000000	      2.58025191	      4.42077855	     93.83155955	     -0.26916635	      0.96222977	     -0.33580783	      7.39294988	      5.11935528	     -8.47788435	     21.34725051	      0.37257981	      7.48585064	     -4.78842634	     -7.49999914	     12.33989894	     -6.00146342	     -2.47224877	     67.02254333	      1.16976405	    -14.49302680	    -27.13549812	     -7.49999914	    -17.47272820	      3.66392348	     -1.40994853	      1.49848174	     -5.03267017	    -39.35338439	     41.55051383	     98.36112713	     10.80888578	     -5.25893948	    -24.78964797	     40.09790645	     85.07166703
      1.20000000	      2.33052233	      4.26797607	     93.86703675	     -0.26895765	      0.96327124	     -0.34605461	      6.64893356	      4.99645054	     -8.14049507	     20.97026868	      0.36600023	      7.88067281	     -4.84486015	     -7.49999915	     14.06092116	     -5.69406292	     -2.53260703	     66.96264018	      1.16871855	    -12.46630532	    -27.94558836	     -7.49999915	    -17.45870329	      3.30849135	     -1.24531010	      1.92123513	     -5.01617969	    -38.96314691	     41.98750555	     98.26722673	     10.37716779	     -5.18005004	    -25.03632522	     39.77703522	     84.98653762
      1.21000000	      2.02563597	      4.08682162	     93.75745873	     -0.26891781	      0.96425801	     -0.35642051	      5.91910689	      4.79256628	     -7.70016783	     20.56396699	      0.35890893	      8.19361131	     -4.78871072	     -7.49999917	     15.66185090	     -5.28478692	     -2.70859246	     66.57402206	      1.16193588	    -10.29544665	    -28.35245262	     -7.49999917	    -17.40067531	      2.90515329	     -1.00848344	      2.30930186	     -5.07957213	    -38.58936902	     42.42133950	     98.07739172	      9.81139909	     -5.12530218	    -25.25698475	     39.50023073	     84.84012563
      1.22000000	      1.72412892	      4.17148912	     93.40638013	     -0.26850998	      0.96540924	     -0.36703284	      4.87962733	      4.64507684	     -7.01345300	     20.14009616	      0.35151099	      8.56773191	     -5.04626611	     -7.49999921	     16.74926153	     -5.05779827	     -3.32524998	     65.73468479	      1.14728668	     -7.95040158	    -27.90074695	     -7.49999921	    -17.60719614	      2.44127796	     -0.57685781	      2.43688508	     -5.42657941	    -37.21443462	     43.10688055	     98.77349500	      9.34412114	     -4.87231683	    -26.29876555	     39.28173115	     85.22437942
      1.23000000	      1.42084623	      3.92143391	     93.23953631	     -0.26840351	      0.96592464	     -0.37742484	      4.23542959	      4.38015621	     -6.82382396	     19.75758229	      0.34483486	      8.92376227	     -4.78928820	     -7.49999922	     18.21546591	     -4.68688507	     -3.64643547	     64.67137499	      1.12872843	     -6.40298390	    -27.95749281	     -7.49999922	    -17.45660064	      2.04686929	     -0.38884320	      2.88480121	     -5.41814460	    -36.96028263	     43.58573521	     98.56285021	      8.76815510	     -4.91040446	    -26.47171823	     38.96256048	     85.09075909
      1.24000000	      0.97855666	      4.18814048	     92.86102972	     -0.26808668	      0.96710241	     -0.38816751	      3.03273806	      3.94163362	     -6.72868705	     19.45165249	      0.33949538	      9.65062076	     -3.83189289	     -7.49999926	     18.77749952	     -4.34853235	     -4.41904101	     63.00080909	      1.09957155	     -4.45641838	    -26.77613530	     -7.49999926	    -17.85837577	      1.44029775	      0.02620711	      3.17707448	     -5.67452833	    -35.96510280	     44.16844571	     98.81491401	      8.17940784	     -4.75173467	    -27.30214378	     38.84415451	     85.35288098
      1.25000000	      0.86006005	      3.86374335	     92.65346319	     -0.26779232	      0.96709952	     -0.39858332	      2.50850981	      3.85098246	     -6.67679837	     19.09409524	      0.33325483	     10.00022932	     -3.56032957	     -7.49999928	     20.12188920	     -4.30334899	     -4.97538591	     61.32900854	      1.07039313	     -3.50425002	    -26.38760254	     -7.49999928	    -17.60317251	      1.20139390	      0.34274890	      3.54762080	     -5.71199778	    -35.68908133	     44.68271209	     98.48348316	      7.47435115	     -4.76465317	    -27.44647500	     38.75472114	     85.16484061
      1.26000000	      0.41902997	      4.34860012	     92.11025777	     -0.26739748	      0.96831821	     -0.40959988	      1.04150382	      3.36018640	     -6.61551965	     18.74199849	      0.32710958	     10.47264646	     -2.39619588	     -7.49999931	     20.10491847	     -4.08535309	     -6.15183099	     58.92311941	      1.02840244	     -2.18332577	    -24.94730305	     -7.49999931	    -18.19167637	      0.59979129	      0.80121197	      3.89151839	     -5.99447879	    -34.68282614	     45.30630976	     98.64574995	      6.80635624	     -4.68310315	    -28.11504647	     38.68725400	     85.31117457
      1.27000000	      0.25308418	      4.23490571	     91.69079793	     -0.26702736	      0.96830102	     -0.42019204	      0.35076520	      3.12915176	     -6.70692011	     18.52707542	      0.32335847	     10.80956505	     -1.55868739	     -7.49999933	     20.84222097	     -4.04701365	     -7.01518143	     56.46254028	      0.98545723	     -1.45426166	    -24.07958474	     -7.49999933	    -18.16239027	      0.26578992	      1.31861519	      4.17562270	     -6.16989645	    -34.09964503	     45.94678840	     98.49231881	      6.15676859	     -4.56013643	    -28.61488580	     38.60827166	     85.28268107
      1.28000000	      0.05073890	      4.45254199	     91.17871623	     -0.26658808	      0.96853581	     -0.43092860	     -0.69306139	      2.84473870	     -6.73668836	     18.35771784	      0.32040262	     11.32453094	     -0.60697305	     -7.49999936	     21.00726724	     -4.02817633	     -8.14482537	     53.61536207	      0.93576460	     -0.77770260	    -23.03276622	     -7.49999936	    -18.47613972	     -0.10835731	      1.89534785	      4.46510784	     -6.44110719	    -33.30845184	     46.61240848	     98.34721028	      5.60964514	     -4.41959789	    -29.30918771	     38.47435563	     85.26138827
      1.29000000	      0.34711896	      4.00196869	     90.94653488	     -0.26648214	      0.96732138	     -0.44152444	     -0.95370904	      3.12559208	     -6.88106634	     18.26352702	      0.31875868	     11.63634166	     -0.46322558	     -7.49999937	     22.11924413	     -4.41423927	     -8.79000099	     50.98338551	      0.88982794	     -0.39179442	    -22.44200590	     -7.49999937	    -17.99816977	      0.14823544	      2.25770809	      4.82289298	     -6.59457385	    -33.05750070	     47.15720392	     97.79437783	      4.77990123	     -4.35828945	    -29.47975278	     38.34750034	     84.94350581
      1.30000000	      0.04438657	      4.71076820	     90.22638834	     -0.26583529	      0.96814906	     -0.45278348	     -2.65584266	      2.66332344	     -6.99758785	     17.87894108	      0.31204639	     11.95552087	      1.16711226	     -7.49999939	     21.32085332	     -4.35983461	    -10.38701177	     47.37456397	      0.82684212	      0.11069850	    -20.83698044	     -7.49999939	    -18.81704593	     -0.40271105	      2.95826941	      5.04829147	     -6.96576746	    -31.90380047	     47.93119927	     97.96285704	      4.32285375	     -4.15299019	    -30.52396552	     38.08686528	     85.07073217
      1.31000000	      0.15835108	      4.98293986	     89.83724514	     -0.26565750	      0.96780072	     -0.46388084	     -3.83739015	      2.68995248	     -7.25046469	     17.59064712	      0.30701471	     12.45204610	      2.26818037	     -7.49999940	     21.17274248	     -4.52553595	    -11.38242537	     43.94685175	      0.76701726	      0.57098358	    -19.54987414	     -7.49999940	    -19.16653478	     -0.38023295	      3.36225355	      5.33702036	     -7.30785913	    -31.03515925	     48.70374612	     98.14160208	      3.71174207	     -3.94489172	    -31.55255730	     37.99022052	     85.39043797
      1.32000000	      0.22657394	      5.08726388	     89.34768553	     -0.26567458	      0.96704598	     -0.47497285	     -4.74877760	      2.61196824	     -7.36455659	     17.46971623	      0.30490407	     12.75905543	      3.04474549	     -7.49999942	     21.12950309	     -4.61291837	    -12.51381010	     40.38626383	      0.70487328	      0.77963796	    -18.11095623	     -7.49999942	    -19.26440680	     -0.42359185	      3.88330569	      5.62601618	     -7.64288048	    -30.31297924	     49.30362311	     98.19443206	      3.08127916	     -3.66868931	    -32.43934078	     37.76124258	     85.66466516
      1.33000000	      0.36637041	      5.10867266	     88.74068832	     -0.26538815	      0.96598725	     -0.48583256	     -5.46885660	      2.60425974	     -7.34610922	     17.53573725	      0.30605635	     13.11988084	      3.67894924	     -7.49999943	     21.12505963	     -4.76516565	    -13.68888247	     36.76089322	      0.64159862	      0.90646751	    -16.24607777	     -7.49999943	    -19.30946221	     -0.42998539	      4.54351640	      5.91811336	     -7.99271390	    -29.67083003	     49.95315602	     98.22151580	      2.50763467	     -3.45279653	    -33.18943634	     37.53327764	     85.82746809
      1.34000000	      0.61140580	      5.24385900	     88.20793198	     -0.26511905	      0.96493142	     -0.49667206	     -6.33884432	      2.66722462	     -7.64799798	     17.54973970	      0.30630074	     13.56632585	      4.61786570	     -7.49999944	     21.01324295	     -5.03646987	    -14.94740770	     33.23261898	      0.58001862	      1.37554991	    -13.24216285	     -7.49999944	    -19.49498856	     -0.31926202	      5.04149117	      6.34621945	     -8.33888193	    -28.81599071	     50.44665393	     98.17172172	      1.86952951	     -3.22987647	    -34.11307325	     37.41107684	     86.01369158
      1.35000000	      0.65375484	      5.35768661	     87.82521374	     -0.26571593	      0.96374114	     -0.50780405	     -7.19661753	      2.54078409	     -7.65989984	     17.60112786	      0.30719763	     13.94795909	      5.06617053	     -7.49999946	     20.81530694	     -4.89076104	    -16.06948203	     29.55125265	      0.51576666	      1.73226344	     -9.92658580	     -7.49999946	    -19.63487243	     -0.32756842	      5.43608713	      6.60892322	     -8.72560012	    -28.08795545	     51.10685994	     98.03316934	      1.29570033	     -2.91257139	    -35.07249650	     37.26739687	     86.25319036
      1.36000000	      0.80309308	      5.19786732	     87.34421613	     -0.26606742	      0.96202201	     -0.51847732	     -7.57548618	      2.44643900	     -7.96811329	     17.98399127	      0.31387986	     14.38161418	      5.74635711	     -7.49999947	     21.00465103	     -4.92519696	    -17.33869102	     26.11892925	      0.45586131	      1.98099493	     -5.93476358	     -7.49999947	    -19.47452176	     -0.23218697	      5.80729701	      7.09919261	     -9.04484852	    -27.34494819	     51.39591352	     97.83630165	      0.68870019	     -2.66749510	    -35.90888072	     36.98678364	     86.36867279
      1.37000000	      0.82635330	      5.03655466	     86.95684736	     -0.26677666	      0.96025801	     -0.52933761	     -7.96242966	      2.23818159	     -8.13758556	     18.34372350	      0.32015837	     14.73628748	      6.03435275	     -7.49999948	     21.12651722	     -4.68774608	    -18.31656407	     22.69335743	      0.39607381	      2.07728322	     -2.00583269	     -7.49999948	    -19.34498537	     -0.24671804	      6.17779374	      7.41157715	     -9.34199263	    -26.78377545	     51.93359535	     97.88523096	      0.16585140	     -2.37566755	    -36.74935272	     36.74115415	     86.55012657
      1.38000000	      1.24681427	      4.69066705	     86.78609613	     -0.26813284	      0.95810088	     -0.53950360	     -8.17499864	      2.54136320	     -8.10039806	     18.59265067	      0.32450297	     14.99396043	      6.17827183	     -7.49999947	     21.66691143	     -4.65277655	    -18.06240401	     19.68896906	      0.34363734	      1.91188094	      0.00302349	     -7.49999947	    -19.15451688	      0.31721880	      6.40853755	      7.97958677	     -9.65158016	    -26.61304734	     52.32406391	     98.08004566	     -0.32343440	     -2.12772746	    -37.08105327	     36.43818154	     86.71571643
      1.39000000	      0.83088038	      4.71891950	     86.15934513	     -0.26872713	      0.95655012	     -0.55059269	     -8.58250879	      1.68184992	     -8.49238431	     19.33090113	      0.33738787	     15.59147162	      7.13748836	     -7.49999949	     21.32234001	     -4.13888448	    -20.05028719	     16.38689698	      0.28600531	      2.03578070	      6.36428923	     -7.49999949	    -19.17971219	     -0.28314544	      6.77649240	      8.30800095	    -10.03024427	    -25.55137108	     52.66164884	     97.81261578	     -0.60473852	     -1.57993818	    -39.35205620	     36.20707018	     86.91517899
      1.40000000	      0.64519557	      4.38645735	     86.01116877	     -0.27053507	      0.95441690	     -0.56129092	     -8.62839608	      1.25251898	     -8.48955950	     19.97542320	      0.34863690	     15.91725151	      6.75377812	     -7.49999949	     21.52632063	     -3.44206752	    -19.78418251	     13.35639651	      0.23311310	      1.55849711	      9.01542853	     -7.49999949	    -18.84721332	     -0.37299879	      6.80819727	      8.75695466	    -10.25353608	    -25.19123832	     52.81584647	     98.07376639	     -1.06712130	     -1.34160687	    -39.96268584	     35.87380474	     87.23756004
      1.41000000	      0.61926773	      4.14507893	     85.51179556	     -0.27134940	      0.95238729	     -0.57206505	     -8.75398805	      0.94143865	     -8.25446397	     20.62990125	      0.36005970	     16.25850499	      7.08561448	     -7.49999950	     21.68063484	     -3.22539067	    -20.02626714	     11.01163685	      0.19218932	      1.05051354	     11.29318452	     -7.49999950	    -18.60739949	     -0.42679545	      7.10331416	      9.22357981	    -10.53348354	    -24.47949466	     52.96145302	     96.94957037	     -1.30291175	     -0.85757797	    -41.74195598	     35.43272967	     86.84424439
      1.42000000	      0.53173147	      3.74603949	     85.07978096	     -0.27256775	      0.95021519	     -0.58266524	     -8.56182805	      0.45863161	     -8.39645444	     21.55502708	      0.37620619	     16.46311689	      7.71764392	     -7.49999951	     21.89106590	     -2.89265018	    -19.99176700	      8.70755411	      0.15197549	      0.15939164	     12.70811635	     -7.49999951	    -18.22144512	     -0.50376003	      7.32718125	      9.70936932	    -10.69993875	    -24.08369851	     53.02409886	     96.18611191	     -1.58492562	     -0.52738385	    -42.89646691	     34.95832600	     86.32631780
      1.43000000	      0.47792984	      3.47438888	     84.83755976	     -0.27385310	      0.94799822	     -0.59425727	     -8.78606115	      0.19170736	     -8.00697310	     22.03713505	      0.38462056	     16.52089855	      7.54789986	     -7.49999952	     22.14415567	     -2.62025634	    -19.66410114	      7.38338780	      0.12886443	     -0.54841204	     12.55063138	     -7.49999952	    -17.86504265	     -0.54759966	      7.43462595	      9.97643914	    -10.88089782	    -23.64395834	     53.11593187	     95.78306872	     -1.96528424	     -0.29540257	    -43.91048560	     34.50020658	     86.15363332
      1.44000000	      0.35041559	      3.14219864	     84.50881143	     -0.27502072	      0.94588798	     -0.60587667	     -8.76727416	     -0.32227012	     -8.08862884	     22.85009061	      0.39880932	     16.57499148	      8.21443150	     -7.49999956	     22.54273374	     -2.45137873	    -19.85605167	      6.78624278	      0.11844228	     -1.37158330	     12.21338486	     -7.49999956	    -17.36561609	     -0.66121992	      7.43811441	     10.36312594	    -10.95171814	    -23.12830669	     52.95706918	     95.59558378	     -2.17648305	      0.01489110	    -45.63537119	     33.74417173	     86.17394240
      1.45000000	      0.33266146	      3.16809527	     84.12908729	     -0.27575247	      0.94422678	     -0.61812121	     -9.31796001	     -0.58247845	     -7.42545604	     23.33430455	      0.40726044	     16.27621688	      8.00976029	     -7.49999960	     22.71809189	     -2.57279710	    -20.24229442	      7.21907527	      0.12599663	     -1.29792295	     12.22731361	     -7.49999960	    -17.19786726	     -0.77146035	      7.61919535	     10.64747019	    -10.89131177	    -23.06968784	     52.84143295	     95.73291126	     -2.64403117	      0.16505764	    -46.50768627	     33.47743900	     85.58138719
      1.46000000	      0.21871343	      3.15025008	     83.88921188	     -0.27645587	      0.94254778	     -0.63079482	     -9.83709676	     -0.96369383	     -7.08991453	     23.82860969	      0.41588770	     16.00162489	      8.13728406	     -7.49999964	     23.05582550	     -2.62361269	    -20.27066076	      8.32077645	      0.14522495	     -1.29689409	     11.13497361	     -7.49999964	    -16.88199417	     -0.99962874	      7.59806592	     10.76486230	    -10.77247215	    -22.80782891	     52.70993326	     96.05355217	     -3.26340415	      0.10942813	    -46.87205080	     33.15622590	     85.19061279
      1.47000000	      0.07398193	      3.30154426	     83.68542492	     -0.27691992	      0.94117822	     -0.64397004	    -10.64187282	     -1.33560897	     -6.65708344	     24.15379068	      0.42156317	     15.50929293	      8.12355080	     -7.49999964	     22.91773814	     -2.61676232	    -20.42877580	      9.31293670	      0.16254141	     -1.20855358	     10.68584783	     -7.49999964	    -16.67916224	     -1.27749628	      7.52048398	     10.78857657	    -10.48207480	    -22.74164927	     52.66826666	     96.07430854	     -3.89533045	     -0.06700844	    -47.12046165	     32.80036262	     85.19295943
      1.48000000	     -0.03231131	      3.53461949	     83.44025701	     -0.27747926	      0.93996828	     -0.65757343	    -11.52426674	     -1.70847701	     -6.20135125	     24.50803149	      0.42774584	     14.73350210	      7.97354801	     -7.49999964	     22.71778548	     -2.70138394	    -20.36114959	     10.80703020	      0.18861826	     -0.61076826	      9.88138327	     -7.49999964	    -16.55129150	     -1.56107422	      7.52673779	     10.77575191	    -10.24051419	    -22.75584670	     52.49802867	     96.10471699	     -4.48450060	     -0.18367041	    -47.51545992	     32.36001791	     85.17270537
      1.49000000	     -0.10762029	      3.71684441	     83.31171815	     -0.27831483	      0.93890486	     -0.67145452	    -12.44241012	     -1.88117078	     -5.19390437	     24.70311334	      0.43115066	     13.64089117	      6.81040151	     -7.49999965	     22.35036617	     -2.65288708	    -19.74265916	     12.07685692	      0.21078092	     -0.71402699	      8.19834012	     -7.49999965	    -16.27190319	     -1.74016767	      7.40898583	     10.70956802	     -9.98395247	    -22.89596360	     52.19142099	     96.35021832	     -4.88546237	     -0.16468193	    -48.58558991	     31.85660996	     85.12065951
      1.50000000	     -0.34951014	      3.96899302	     83.09301311	     -0.27892685	      0.93784509	     -0.68598918	    -13.35934863	     -2.44473576	     -4.95791994	     25.06131660	      0.43740249	     12.67452190	      6.85985123	     -7.49999965	     21.88272361	     -2.52737078	    -19.80795503	     13.61175272	      0.23756990	     -0.85737113	      7.38635676	     -7.49999965	    -15.98682940	     -2.16257153	      7.39308926	     10.34877562	     -9.73344011	    -22.95079423	     52.13005240	     96.40734822	     -5.50060188	     -0.36183008	    -48.91747082	     31.50187181	     85.08869281
      1.51000000	     -0.34865174	      4.39427462	     83.10497074	     -0.28006290	      0.93726170	     -0.70035867	    -14.54690599	     -2.66629897	     -4.60423844	     25.26552679	      0.44096663	     11.03851918	      6.36516200	     -7.49999966	     21.33996780	     -2.44706180	    -19.88805021	     14.91277161	      0.26027697	     -3.41815849	      3.46882556	     -7.49999966	    -15.91279726	     -2.22082360	      7.17715090	     10.18123847	     -9.42053702	    -23.25382833	     51.90490164	     96.62686936	     -5.84914298	     -0.38800069	    -49.80296900	     30.89605962	     85.00419551
      1.52000000	     -0.64925539	      4.56085946	     83.33723449	     -0.28143015	      0.93670501	     -0.71467742	    -15.27367791	     -3.24104668	     -4.91300476	     25.77751710	      0.44990255	      9.35416061	      6.32747291	     -7.49999967	     21.15212763	     -1.94848231	    -19.45278839	     15.87793221	      0.27712220	     -4.84440973	      0.88505466	     -7.49999967	    -15.58739586	     -2.58323445	      6.72954145	      9.88981362	     -9.00332237	    -23.71515804	     51.71571496	     97.00155595	     -6.11806474	     -0.56934371	    -50.68415777	     30.19452620	     84.92163227
      1.53000000	     -1.12265709	      4.84923248	     83.49869563	     -0.28301083	      0.93651634	     -0.72866512	    -15.85728113	     -4.02015600	     -4.99250278	     26.70424287	      0.46607696	      7.53910248	      6.14629710	     -7.49999967	     20.95868122	     -1.30793716	    -18.79660275	     17.27381630	      0.30148497	     -5.22821083	      0.09871655	     -7.49999967	    -15.44043624	     -3.14522548	      6.30730254	      9.59588727	     -8.68532937	    -23.92615833	     51.55063974	     97.10780566	     -6.40230185	     -0.79529152	    -50.98658918	     29.73157057	     84.88553585
      1.54000000	     -1.90417290	      4.98554696	     83.94335507	     -0.28542251	      0.93662087	     -0.74292997	    -16.24393866	     -5.01729014	     -5.21107840	     27.68594208	      0.48321085	      5.44393614	      5.49005126	     -7.49999968	     20.63023430	     -0.01466662	    -17.33518180	     18.01948870	      0.31449941	     -6.69152480	     -0.51912699	     -7.49999968	    -15.06728494	     -3.91443678	      5.63559510	      9.36002433	     -8.10279176	    -24.90085861	     51.08635379	     97.57081935	     -6.43037539	     -1.01993966	    -51.87658576	     28.83833054	     84.81897987
      1.55000000	     -2.60419504	      5.24190515	     84.28851839	     -0.28769579	      0.93720908	     -0.75674481	    -16.53233377	     -5.98528573	     -5.40067981	     28.98113703	      0.50581626	      3.08375704	      5.10156037	     -7.49999968	     20.14301289	      1.00472152	    -16.81900511	     19.03181024	      0.33216775	     -6.97411698	     -0.41425429	     -7.49999968	    -14.96413152	     -4.66628163	      5.09571860	      8.99421783	     -7.87653544	    -25.15774639	     50.90489129	     97.66594491	     -6.50966970	     -1.23706234	    -52.03565628	     28.38511003	     84.80004358
      1.56000000	     -3.42838801	      5.61921376	     84.80269559	     -0.29052991	      0.93833534	     -0.77132227	    -16.94480124	     -7.11977992	     -6.04795570	     30.26801730	      0.52827656	     -0.04568848	      4.04457217	     -7.49999969	     19.45086922	      2.39937342	    -15.56654676	     19.93887623	      0.34799904	     -6.63852501	     -2.13171209	     -7.49999969	    -14.81851393	     -5.42241891	      4.42909541	      8.62396438	     -7.25558528	    -26.44254412	     50.46518815	     98.20150432	     -6.36208667	     -1.48947449	    -52.89099751	     27.32149106	     84.74840300
      1.57000000	     -4.05012576	      6.09427855	     85.05236823	     -0.29274316	      0.93946576	     -0.78594100	    -17.29067210	     -8.02443085	     -6.13413542	     31.71538030	      0.55353781	     -3.45393565	      2.87275642	     -7.49999971	     18.61164206	      3.42903888	    -14.76981425	     20.86960905	      0.36424339	     -6.01594041	     -5.59364894	     -7.49999971	    -14.84178359	     -6.08586886	      4.10159957	      8.12109799	     -6.87568817	    -27.36743112	     50.21553671	     98.98403847	     -6.36264284	     -1.59901894	    -53.37324966	     26.91300222	     84.26570738
      1.58000000	     -4.53299821	      6.32337407	     85.16759712	     -0.29502797	      0.94019868	     -0.80009841	    -16.96231445	     -8.66356835	     -5.36572157	     33.67286797	      0.58770241	     -7.56753734	      0.29339201	     -7.49999973	     17.91122170	      4.32827111	    -13.91182543	     21.65855042	      0.37801302	     -4.87432226	     -7.28526520	     -7.49999973	    -14.64158402	     -6.54450876	      4.04375226	      7.38965413	     -6.67086227	    -28.12195432	     50.33230552	     98.15306594	     -6.28519122	     -1.73771361	    -53.19423377	     26.47999895	     83.42325087
      1.59000000	     -5.03968094	      6.40040150	     85.43430540	     -0.29762661	      0.94079578	     -0.81365692	    -16.20962031	     -9.48326718	     -5.28988218	     35.96843419	      0.62776760	    -12.31852760	     -1.31360077	     -7.49999974	     17.42735306	      5.37215315	    -12.73609134	     22.47314305	      0.39223034	     -3.84924989	     -7.96374503	     -7.49999974	    -14.36178829	     -6.98014218	      3.68954040	      6.80604850	     -6.68798845	    -28.20098945	     50.13542512	     96.96953582	     -6.26449342	     -1.89588710	    -52.82013224	     26.12801001	     82.10893871
      1.60000000	     -5.38683248	      6.47916156	     85.50560829	     -0.29945433	      0.94153434	     -0.82692052	    -15.25865906	    -10.16293434	     -4.96838702	     38.28619459	      0.66822015	    -16.49688881	     -2.44516577	     -7.49999975	     16.78815363	      6.09011491	    -11.98957398	     23.02121074	      0.40179593	     -2.77237333	     -9.22311238	     -7.49999975	    -14.13020580	     -7.34003068	      3.44803096	      6.47165980	     -6.51781910	    -28.70343940	     49.72231845	     98.72085674	     -6.14166910	     -1.94783634	    -53.21288928	     26.02497640	     82.02957422
      1.61000000	     -5.63287125	      6.37035315	     85.45549351	     -0.30095651	      0.94201938	     -0.83943750	    -13.82243340	    -10.33357086	     -3.39069759	     40.86485659	      0.71322630	    -20.08822636	     -5.08407766	     -7.49999977	     16.30353253	      6.60382103	    -11.46833117	     23.46950127	      0.40962007	     -1.64921430	     -9.93848974	     -7.49999977	    -13.84439987	     -7.59865783	      3.47945720	      6.03554627	     -6.25496673	    -29.49632476	     49.64175070	     97.87965063	     -5.79922154	     -2.00333622	    -53.34777780	     25.94830042	     81.41088860
      1.62000000	     -5.99539213	      6.20347374	     85.33556161	     -0.30210708	      0.94274391	     -0.85164741	    -12.09402345	    -10.76434628	     -2.28880608	     43.69085969	      0.76254935	    -23.23414890	     -7.04874495	     -7.49999978	     15.82019332	      7.20788988	    -11.09610728	     23.67669820	      0.41323634	     -0.77043464	    -10.28910638	     -7.49999978	    -13.54119357	     -8.03720649	      3.48324142	      5.66273502	     -6.09717086	    -29.82898292	     49.36517161	     98.40602384	     -5.39026066	     -2.12264402	    -53.65169038	     25.92305514	     81.81052830
      1.63000000	     -6.32265550	      6.17451570	     85.14480597	     -0.30285408	      0.94391381	     -0.86329162	    -10.38102235	    -11.14959638	     -1.24872261	     46.51419377	      0.81182583	    -26.56244486	     -9.18422337	     -7.49999979	     15.00661634	      7.69143828	    -11.17919747	     23.51518187	      0.41041735	     -0.04681016	    -10.25456681	     -7.49999979	    -13.47978307	     -8.49353181	      3.50087181	      5.50545454	     -5.80324704	    -30.44083358	     48.96186101	     98.99055872	     -4.95211110	     -2.27645031	    -53.73531229	     26.10440809	     82.59266676
      1.64000000	     -6.72183500	      6.21461526	     84.84265045	     -0.30365843	      0.94526695	     -0.87463252	     -8.58333168	    -11.71276349	     -0.38228296	     49.39169689	      0.86204773	    -29.59425612	    -11.00293931	     -7.49999979	     14.06298449	      8.28116392	    -11.30540886	     23.12698853	      0.40364210	      0.64773710	    -10.20755408	     -7.49999979	    -13.55887406	     -9.03115295	      3.56232444	      5.34922740	     -5.58775967	    -30.80970275	     48.71090927	     99.02310030	     -4.55734178	     -2.34467571	    -53.58029155	     26.57324898	     82.90319215
      1.65000000	     -6.85822014	      6.12087611	     84.54732808	     -0.30430785	      0.94669831	     -0.88572657	     -6.59906118	    -11.92430397	      0.41572908	     52.09921455	      0.90930283	    -31.86429473	    -13.23212838	     -7.49999979	     13.22912998	      8.53911520	    -11.50334276	     22.74156749	      0.39691523	      1.30696435	     -9.80016441	     -7.49999979	    -13.51427639	     -9.27572902	      3.60202884	      5.26851475	     -5.40958592	    -31.05071441	     48.25023883	     99.06162184	     -4.10531695	     -2.43784428	    -53.36172766	     26.87798266	     83.23223658
      1.66000000	     -6.93661698	      5.95575194	     84.26803182	     -0.30512793	      0.94798388	     -0.89625785	     -4.46725584	    -12.08579637	      1.04874132	     54.73045269	      0.95522660	    -32.58033417	    -15.61214384	     -7.49999980	     12.52406489	      8.73791398	    -11.71467966	     22.40396861	      0.39102302	      1.97903003	     -9.42567318	     -7.49999980	    -13.54550798	     -9.40616591	      3.60027395	      5.28052051	     -5.38426465	    -31.23326360	     47.84545677	     98.92520721	     -3.57884605	     -2.49754928	    -53.03250712	     27.32733479	     83.42736866
      1.67000000	     -6.96536822	      5.79047185	     83.90602203	     -0.30576914	      0.94946691	     -0.90674552	     -2.27926337	    -12.09733508	      1.78751296	     57.19434860	      0.99822970	    -32.05735683	    -18.03729556	     -7.49999980	     11.65710241	      8.87934179	    -12.12501419	     21.75870624	      0.37976106	      2.57553530	     -8.88225719	     -7.49999980	    -13.53596809	     -9.50383930	      3.68462525	      5.29295199	     -5.32849655	    -31.39164366	     47.39261406	     98.80307163	     -3.04521088	     -2.55584803	    -52.62015865	     27.85669311	     83.61317455
      1.68000000	     -6.87685290	      5.32894977	     83.50377195	     -0.30606846	      0.95053116	     -0.91682569	      0.33030273	    -11.84983024	      2.48625447	     59.54718598	      1.03929446	    -30.60949407	    -20.22954356	     -7.49999981	     11.24880676	      8.75909539	    -12.77411077	     21.37474915	      0.37305975	      3.30706668	     -7.77983322	     -7.49999981	    -13.25714786	     -9.47161472	      3.82782189	      5.38103209	     -5.21025592	    -31.71196985	     46.72577205	     98.98368967	     -2.57272058	     -2.80194924	    -51.52401213	     28.22882623	     84.64331535
      1.69000000	     -6.81805448	      5.32684907	     83.34845619	     -0.30685976	      0.95224246	     -0.92703641	      2.29999104	    -11.73084850	      2.73490374	     61.51808956	      1.07369321	    -28.03372466	    -22.18021750	     -7.49999981	     10.18590275	      8.88787323	    -12.92645593	     20.62827537	      0.36003132	      3.72517205	     -7.43210561	     -7.49999981	    -13.54838099	     -9.43889243	      3.64347836	      5.44290260	     -5.19079212	    -31.64896853	     46.33996762	     98.75437562	     -1.86296198	     -2.88256708	    -51.22878068	     28.65497941	     84.61311299
      1.70000000	     -6.73886974	      5.26316366	     83.14294857	     -0.30757129	      0.95386822	     -0.93738540	      4.31937322	    -11.44674479	      3.16063932	     63.17251838	      1.10256844	    -25.46890043	    -24.16751306	     -7.49999981	      9.19010736	      8.98203845	    -13.11751046	     19.93407548	      0.34791525	      4.19364188	     -6.96198560	     -7.49999981	    -13.70506687	     -9.35883643	      3.49229151	      5.47380244	     -5.20932318	    -31.58836489	     45.88953120	     98.62556863	     -1.19926564	     -2.97590516	    -50.84585503	     29.11103087	     84.63798610
      1.71000000	     -6.65167695	      4.61653100	     82.70060130	     -0.30769706	      0.95446412	     -0.94741422	      7.16784281	    -10.95590864	      3.83169592	     64.76797270	      1.13041437	    -22.85053604	    -26.29923905	     -7.49999981	      8.99664514	      8.82550641	    -13.93168379	     19.56268661	      0.34143329	      4.79741376	     -5.57836950	     -7.49999981	    -13.19450245	     -9.32171982	      3.67864728	      5.52299533	     -5.17478726	    -31.77582123	     45.15360780	     98.99840099	     -1.01646298	     -3.38285609	    -48.88702143	     29.91859514	     85.44112717
      1.72000000	     -6.58518114	      4.34279357	     82.61751302	     -0.30867410	      0.95555672	     -0.95757772	      9.38612856	    -10.80937527	      3.74308979	     65.82874525	      1.14892835	    -20.19052125	    -27.88479950	     -7.49999982	      8.25798998	      8.95054516	    -13.99726505	     18.89114336	      0.32971265	      5.19634656	     -5.14671063	     -7.49999982	    -13.15463719	     -9.19920831	      3.48623882	      5.53949091	     -5.20618601	    -31.85291057	     44.65674088	     99.23674417	     -0.42767254	     -3.51090495	    -48.04957415	     30.55756883	     85.76585468
      1.73000000	     -6.28495659	      4.31063684	     82.71301301	     -0.30983242	      0.95710153	     -0.96765062	     11.14503258	    -10.39859798	      3.48428401	     66.43029997	      1.15942746	    -17.96809354	    -29.54287744	     -7.49999982	      7.20472265	      8.90054548	    -13.70312405	     18.17145976	      0.31715180	      5.38968473	     -4.92451298	     -7.49999982	    -13.48219533	     -8.77715888	      3.20259053	      5.52792861	     -5.32040592	    -31.85425873	     44.33533202	     99.45149248	      0.48511716	     -3.54962749	    -47.68747546	     30.84000780	     85.92541261
      1.74000000	     -6.18388206	      4.06791214	     82.85240349	     -0.31072836	      0.95811796	     -0.97837946	     13.00745558	    -10.30987113	      2.90603111	     66.68134978	      1.16380910	    -14.94174695	    -30.50065839	     -7.49999983	      6.34503948	      8.96367315	    -13.75769163	     17.44346855	      0.30444596	      5.87196230	     -4.01746538	     -7.49999983	    -13.41731639	     -8.64329478	      2.82876179	      5.47782766	     -5.23695507	    -32.12737432	     43.72511425	     99.78056550	      0.55627713	     -4.21299365	    -44.80293377	     31.69699657	     85.38606595
      1.75000000	     -5.78355069	      4.28215776	     83.33492397	     -0.31219225	      0.96004686	     -0.98931766	     14.04521678	     -9.97134847	      2.03770982	     66.36698476	      1.15832240	    -12.61828437	    -31.21646187	     -7.49999984	      4.79390337	      8.85150109	    -13.32806970	     16.44263833	      0.28697818	      6.08950909	     -3.39815547	     -7.49999984	    -13.91677806	     -8.10994623	      2.18448056	      5.33168718	     -5.42859328	    -31.71418564	     43.26585087	     97.61180902	      1.25173798	     -4.40179387	    -43.71532184	     32.20858934	     83.67969810
      1.76000000	     -5.64867166	      4.01348498	     83.50639223	     -0.31346059	      0.96069369	     -0.99966864	     15.82286743	     -9.97003849	      1.21163880	     66.00515392	      1.15200726	     -9.84740887	    -31.39250410	     -7.49999984	      4.04864359	      8.85852429	    -13.48634919	     15.83210744	      0.27632240	      6.59791776	     -2.43426715	     -7.49999984	    -13.87924441	     -7.83540316	      1.82006202	      5.15194752	     -5.50321155	    -31.78699713	     42.98557490	     98.02115293	      1.92337357	     -4.60632213	    -42.90124052	     32.72498585	     83.97240162
      1.77000000	     -5.24612770	      4.12639913	     83.91833580	     -0.31477057	      0.96199333	     -1.01023331	     16.86612864	     -9.67912016	      0.21583416	     65.11403006	      1.13645421	     -7.63161954	    -31.53707770	     -7.49999984	      2.80638705	      8.56689505	    -13.75763646	     15.17347804	      0.26482715	      7.11068593	     -0.86575729	     -7.49999984	    -14.32193894	     -7.31831480	      1.40677767	      4.93113614	     -5.67439717	    -31.72205338	     42.67879827	     97.06053705	      2.54698757	     -4.97620850	    -40.97377417	     33.45645470	     83.05328568
      1.78000000	     -5.09246777	      3.78750472	     84.52503176	     -0.31643421	      0.96240342	     -1.02080572	     18.38494865	     -9.73022041	     -0.97885498	     64.07748257	      1.11836305	     -5.99733818	    -31.51165859	     -7.49999985	      2.14620929	      8.52061021	    -13.57792841	     14.63989562	      0.25551438	      7.28430308	     -0.18441641	     -7.49999985	    -14.17371769	     -6.98494929	      0.72312988	      4.67379436	     -5.80569988	    -31.42989455	     42.18006805	     95.01407420	      3.42369812	     -5.30705926	    -39.93904585	     33.59215057	     81.52525588
      1.79000000	     -4.66809493	      3.95932452	     84.96035844	     -0.31755221	      0.96349272	     -1.03154524	     19.13185809	     -9.43512990	     -2.05885492	     62.52926715	      1.09134159	     -4.23393805	    -31.13048548	     -7.49999986	      0.78894466	      8.15359266	    -14.07301597	     13.90128540	      0.24262320	      7.96543343	      2.10606592	     -7.49999986	    -14.65122503	     -6.41649251	      0.26035567	      4.71825186	     -5.52964788	    -33.15469614	     41.83913368	    102.11266751	      3.93093429	     -5.81680313	    -38.25364628	     34.30636509	     85.29885102
      1.80000000	     -4.46763364	      4.00937519	     85.51301536	     -0.31898626	      0.96406768	     -1.04228993	     19.96820572	     -9.44980979	     -3.23877894	     60.83716884	      1.06180890	     -2.93486798	    -30.87211085	     -7.49999986	     -0.49581054	      8.09145695	    -14.14424268	     12.96207274	      0.22623085	      8.12861881	      3.42525561	     -7.49999986	    -14.95442035	     -6.06980041	     -0.29320027	      4.38711788	     -5.60273023	    -33.23106288	     41.67869420	    101.09585608	      4.67836801	     -6.19430631	    -36.85047571	     34.85218196	     84.83798101
      1.81000000	     -4.41713412	      3.83438178	     86.17754684	     -0.32071360	      0.96404540	     -1.05296673	     21.04372373	     -9.65261133	     -4.48632288	     59.01244597	      1.02996148	     -2.31167777	    -30.71810429	     -7.49999986	     -1.32855263	      8.15262628	    -13.85923892	     12.38079885	      0.21608570	      8.40360702	      4.17729383	     -7.49999986	    -14.94350629	     -5.85008299	     -0.95371235	      4.03780702	     -5.75011889	    -33.09149619	     41.30672071	     99.67339566	      5.61139477	     -6.44958658	    -35.99909331	     35.09897751	     83.77907951
      1.82000000	     -4.11460536	      4.17757499	     86.73920431	     -0.32203989	      0.96455424	     -1.06397091	     21.25451046	     -9.55581101	     -5.75232203	     56.67511537	      0.98916737	     -1.27365706	    -30.05608851	     -7.49999986	     -2.81526055	      7.88301176	    -14.33307693	     11.75491290	      0.20516193	      9.04836310	      6.29802972	     -7.49999986	    -15.56676567	     -5.39340671	     -1.43550931	      3.65037574	     -5.71669894	    -33.59386349	     41.43526088	     99.36853036	      6.40395955	     -6.79892579	    -34.56432614	     35.76677497	     83.47542031
      1.83000000	     -3.98709953	      4.17385224	     87.36046411	     -0.32338934	      0.96433108	     -1.07462171	     21.90054896	     -9.61609208	     -7.05428100	     54.29952124	      0.94770543	     -0.60650569	    -29.73562318	     -7.49999986	     -3.84507562	      7.79555028	    -14.36635586	     11.18309229	      0.19518178	      9.25554408	      7.42363217	     -7.49999986	    -15.80041788	     -5.11295446	     -2.04295088	      3.51689053	     -5.53690436	    -34.65941320	     41.13963231	    102.12819302	      7.08651605	     -7.36757160	    -33.00369550	     36.30314062	     85.44666773
      1.84000000	     -3.92436836	      4.38459108	     88.05038516	     -0.32496055	      0.96415847	     -1.08556239	     22.14873176	     -9.74864212	     -8.36719563	     51.65697456	      0.90158429	     -0.13071452	    -29.40153467	     -7.49999986	     -5.05936492	      7.82120198	    -13.82033897	     10.70982535	      0.18692171	      9.65858656	      7.66249556	     -7.49999986	    -16.17676844	     -4.87182883	     -2.77643415	      3.19633833	     -5.59376535	    -34.56800260	     40.87786250	     99.70255071	      7.95658252	     -7.65612386	    -32.08721594	     36.62174403	     83.83502366
      1.85000000	     -3.78079157	      4.57508180	     88.76357126	     -0.32625684	      0.96366623	     -1.09646055	     22.32623213	     -9.84012714	     -9.92340760	     48.80903872	      0.85187843	      0.37319177	    -28.58709843	     -7.49999987	     -6.19734843	      7.60539261	    -13.88858711	     10.44402972	      0.18228271	     10.21155284	      9.36140096	     -7.49999987	    -16.64178915	     -4.59164209	     -3.26820084	      2.67477892	     -5.46650937	    -35.27821011	     41.15647690	     99.78064625	      8.85762440	     -8.08890683	    -30.64408726	     37.22379978	     83.80636578
      1.86000000	     -3.65184012	      4.83225880	     89.53239377	     -0.32768846	      0.96311954	     -1.10764368	     22.26632652	     -9.89242240	    -11.50243846	     45.72180996	      0.79799612	      0.97168273	    -27.85781270	     -7.49999987	     -7.54443617	      7.44475203	    -13.68625568	      9.88455277	      0.17251799	     10.69361573	     10.07922811	     -7.49999987	    -17.08219425	     -4.26906528	     -3.94620203	      2.28054175	     -5.44797116	    -35.54542082	     41.05595991	     98.43333711	      9.73768892	     -8.37112258	    -29.63477661	     37.63818609	     82.80569474
      1.87000000	     -3.64258714	      4.78464426	     90.26175592	     -0.32895028	      0.96184134	     -1.11850215	     22.66210391	    -10.00781821	    -12.82584762	     42.76550428	      0.74639886	      0.99227015	    -26.80804155	     -7.49999987	     -8.29257236	      7.34631595	    -13.30040258	      9.86272383	      0.17213700	     11.47801724	     10.80867985	     -7.49999987	    -17.19421535	     -4.09615173	     -4.64430223	      1.91340012	     -5.32046052	    -36.03714943	     40.99947154	     98.91443871	     10.50595402	     -8.68472673	    -28.97916986	     38.15856032	     83.24985387
      1.88000000	     -3.54809021	      5.31776026	     91.02871683	     -0.32992961	      0.96131673	     -1.12958987	     22.24938993	    -10.01171708	    -14.29314427	     39.56244827	      0.69049498	      0.99904281	    -25.08559061	     -7.49999987	     -9.75426839	      7.07351364	    -13.27034799	      9.69236208	      0.16916363	     12.00333860	     11.99983930	     -7.49999987	    -17.97396019	     -3.85269761	     -5.31750681	      1.73971698	     -5.06622184	    -37.01100097	     40.82120283	     99.61158547	     11.41851589	     -9.22759065	    -27.69439515	     38.63404260	     84.02343922
      1.89000000	     -3.58540886	      5.46984286	     91.72444455	     -0.33093563	      0.95999454	     -1.14069770	     22.26447046	    -10.12150091	    -15.78133077	     36.38641282	      0.63506271	      0.96645134	    -23.18651896	     -7.49999987	    -10.77635784	      6.95129953	    -13.11362350	      9.58264949	      0.16724878	     12.63620343	     12.87756028	     -7.49999987	    -18.30159526	     -3.74720508	     -5.93625491	      1.41607832	     -4.88091050	    -37.72001413	     40.73029240	    100.03373677	     12.15716919	     -9.66430460	    -26.64959401	     39.07259127	     84.60983306
      1.90000000	     -3.65723360	      5.67391239	     92.47323785	     -0.33183923	      0.95854811	     -1.15185547	     22.19097874	    -10.21746023	    -17.22953877	     33.20756147	      0.57958128	      1.06775705	    -20.65445465	     -7.49999987	    -11.86642584	      6.81323895	    -12.89022309	      9.45382541	      0.16500038	     13.18062422	     13.83386622	     -7.49999987	    -18.69732713	     -3.67721956	     -6.57505576	      1.09218753	     -4.60509615	    -38.57637126	     40.68773777	    100.43594920	     12.90580966	    -10.14724654	    -25.52819601	     39.66796091	     85.26034314
      1.91000000	     -3.81086465	      5.74603254	     93.03858107	     -0.33237492	      0.95677159	     -1.16285644	     22.33918744	    -10.33905384	    -18.54742657	     30.14912507	      0.52620150	      0.90584709	    -17.45340740	     -7.49999987	    -12.77906750	      6.78693990	    -12.75534470	      9.37229377	      0.16357738	     13.71206532	     14.53181307	     -7.49999987	    -18.93640190	     -3.75403263	     -7.11843212	      0.84180459	     -4.35988496	    -39.30114200	     40.50337262	    100.94821320	     13.70896910	    -10.65209759	    -24.48912021	     39.98009529	     85.97785469
      1.92000000	     -3.75371517	      5.70374184	     93.45584951	     -0.33278597	      0.95520432	     -1.17326513	     22.95771825	    -10.23303018	    -19.66432819	     27.66098904	      0.48277533	     -1.73215502	    -15.53299566	     -7.49999987	    -13.40936892	      6.54503825	    -12.81728794	      9.47768716	      0.16541685	     14.12068616	     14.96641026	     -7.49999987	    -19.18544092	     -3.59866391	     -7.46929852	      0.77891203	     -4.16264058	    -40.06073176	     40.23676685	    100.78740196	     14.60693103	    -10.94987212	    -23.71840914	     40.22810649	     86.23576756
      1.93000000	     -3.83661155	      5.55450022	     93.87751337	     -0.33270412	      0.95294539	     -1.18420492	     23.40580417	    -10.12450275	    -20.67019473	     24.78474703	      0.43257544	     -1.25536713	    -11.31208454	     -7.49999987	    -13.98692338	      6.40700498	    -12.92952997	      9.56987017	      0.16702574	     14.85132725	     15.90350574	     -7.49999987	    -19.20471038	     -3.65996365	     -7.86969082	      0.62113875	     -3.82231469	    -41.08571124	     40.02856528	    102.16514719	     15.22100802	    -11.50881229	    -22.56006575	     40.78742919	     86.85014878
      1.94000000	     -3.96414879	      5.45814291	     94.31837183	     -0.33263088	      0.95085018	     -1.19513036	     23.72571138	    -10.04574774	    -21.59696700	     22.05457505	      0.38492495	     -0.28794112	     -6.18149650	     -7.49999987	    -14.55673225	      6.30087527	    -12.86338838	      9.76873579	      0.17049660	     15.36517460	     16.48322195	     -7.49999987	    -19.32129689	     -3.78404422	     -8.20289235	      0.34820298	     -3.60356677	    -41.51967375	     39.82349681	    100.87697646	     15.91903380	    -11.93684129	    -21.43634001	     41.27832283	     85.28068850
      1.95000000	     -3.99795244	      5.25844594	     94.73513903	     -0.33221786	      0.94853722	     -1.20627073	     24.10128101	     -9.78750821	    -22.36261443	     19.37936575	      0.33823374	      0.31046842	     -1.56857099	     -7.49999987	    -14.93178079	      6.03929775	    -12.97341103	     10.17199730	      0.17753484	     15.82269247	     17.01855277	     -7.49999987	    -19.24746385	     -3.82761731	     -8.56825597	      0.30419612	     -3.23714218	    -42.78311347	     39.40768501	    102.97276922	     16.61779025	    -12.30766801	    -20.97707835	     41.47819260	     87.01985685
      1.96000000	     -4.01621444	      5.07348571	     95.07641658	     -0.33162462	      0.94617686	     -1.21726362	     24.48101537	     -9.51374380	    -22.99932341	     16.93932472	      0.29564699	      0.60825704	      2.83490474	     -7.49999987	    -15.24350675	      5.74523995	    -13.09190910	     10.71513222	      0.18701434	     16.25754843	     17.51733094	     -7.49999987	    -19.23655646	     -3.87121660	     -8.87964771	      0.21827628	     -2.98401345	    -43.40624663	     39.05992040	    102.93302326	     17.29732092	    -12.70378904	    -20.32708003	     41.80844231	     86.92042115
      1.97000000	     -3.99738217	      4.76155281	     95.32721631	     -0.33094815	      0.94367251	     -1.22839333	     24.92403952	     -9.17660923	    -23.48978689	     14.62181010	      0.25519873	      0.57665239	      6.90029263	     -7.49999987	    -15.36118241	      5.44255604	    -13.31475116	     11.37117683	      0.19846448	     16.80802113	     17.88745471	     -7.49999987	    -19.06165888	     -3.89437860	     -9.00656811	      0.07841860	     -2.73880267	    -44.20058124	     38.72168101	    103.01610881	     17.91236772	    -12.98937737	    -19.58967630	     41.98182641	     86.62275280
      1.98000000	     -3.96337153	      4.37380766	     95.54717123	     -0.33033386	      0.94121339	     -1.23969484	     25.39024044	     -8.84064639	    -23.84808231	     12.56926824	      0.21937512	      0.25400802	     10.58500080	     -7.49999987	    -15.35826728	      5.13766978	    -13.50260856	     12.10152060	      0.21121138	     17.13914264	     18.19246029	     -7.49999987	    -18.78445795	     -3.88705911	     -9.11379552	     -0.00310324	     -2.57832243	    -44.94627133	     38.25711497	    103.52588150	     18.35417620	    -13.17991329	    -19.09043796	     42.40005544	     86.75971508
      1.99000000	     -3.86397133	      4.19336442	     95.76593387	     -0.32944608	      0.93911755	     -1.25136201	     25.60507392	     -8.42297028	    -24.04295394	     10.91115411	      0.19043556	     -0.08540478	     13.07962148	     -7.49999987	    -15.54374161	      4.70186504	    -13.66233845	     12.95286756	      0.22607019	     17.39420808	     18.34876963	     -7.49999987	    -18.73396659	     -3.84754694	     -9.15001983	     -0.11092438	     -2.37566225	    -45.74849273	     37.84351730	    103.71697178	     18.87225019	    -13.40490394	    -18.53743992	     42.74153551	     86.60228255
      2.00000000	     -3.63527341	      3.93471679	     96.04063259	     -0.32903157	      0.93690537	     -1.26334422	     26.01251598	     -8.08414063	    -24.66725373	     10.08512734	      0.17601868	     -0.27915534	     14.64989804	     -7.49999987	    -15.55365046	      4.13129904	    -13.65608919	     14.01017818	      0.24452374	     17.38996591	     18.02224329	     -7.49999987	    -18.46725738	     -3.54694529	     -9.30275551	     -0.33247148	     -2.37522254	    -45.99413104	     37.52159670	    103.58733019	     19.23385855	    -13.38635557	    -18.51414035	     42.85451753	     86.70281538
      2.01000000	     -3.57172973	      3.87477556	     96.16536021	     -0.32876548	      0.93511439	     -1.27571261	     26.33035259	     -7.94439153	    -24.99493133	     10.03189437	      0.17508959	     -0.38009647	     15.01932453	     -7.49999987	    -16.00628465	      3.82864697	    -13.61588095	     14.59730524	      0.25477104	     17.05118733	     18.01984101	     -7.49999987	    -18.44503563	     -3.39609022	     -9.22768671	     -0.62579746	     -2.50602842	    -46.17345718	     37.22321518	    103.57469537	     19.56910441	    -13.23327171	    -18.42924917	     43.05867580	     86.76037223
      2.02000000	     -3.51032157	      3.84564786	     96.30621826	     -0.32854259	      0.93348364	     -1.28901121	     26.43638555	     -7.81075392	    -24.84235913	     10.23884504	      0.17870156	     -0.46290231	     15.07574594	     -7.49999987	    -16.68210783	      3.55376683	    -13.44144554	     14.91305010	      0.26028183	     16.91117753	     18.04669564	     -7.49999987	    -18.24385550	     -3.25308630	     -9.31283996	     -1.00583110	     -2.56561616	    -46.29467100	     37.03832949	    103.56572354	     19.57096981	    -13.24709278	    -18.42427426	     43.10663156	     86.76849071
      2.03000000	     -3.05235064	      4.12748428	     96.74476904	     -0.32897931	      0.93256465	     -1.30252741	     26.15423133	     -7.50883360	    -25.52570914	     11.00294625	      0.19203764	     -0.50248322	     14.58459021	     -7.49999987	    -17.49007890	      2.69214519	    -13.12725767	     15.55415935	      0.27147129	     16.25628054	     18.12345163	     -7.49999987	    -18.41409735	     -2.47757355	     -9.39516605	     -1.08795570	     -2.77287224	    -46.99605319	     36.37785308	    103.49836095	     19.77108927	    -12.91810491	    -18.33785887	     43.03864777	     86.90148901
      2.04000000	     -2.74171293	      4.35465266	     96.91471044	     -0.32899105	      0.93159243	     -1.31656487	     25.84267889	     -7.14744024	    -25.04426651	     11.85865126	      0.20697251	     -0.43615466	     12.85649095	     -7.49999987	    -18.32288069	      2.07933056	    -12.86038955	     16.08652794	      0.28076288	     15.28730640	     17.76290084	     -7.49999987	    -18.42939381	     -1.94496793	     -9.31806737	     -1.31254467	     -2.96041808	    -47.60079870	     35.94656364	    103.54969139	     19.63365330	    -12.60273240	    -18.54416731	     43.16243214	     87.07575493
      2.05000000	     -2.46345154	      4.69496759	     97.08458455	     -0.32875286	      0.93088987	     -1.33115942	     25.32512661	     -6.80300301	    -24.54272897	     12.97186575	      0.22640177	     -0.29691769	     11.11529764	     -7.49999987	    -19.38370373	      1.47924584	    -12.56320284	     16.38334261	      0.28594327	     14.13751459	     17.73969091	     -7.49999987	    -18.50911937	     -1.47489946	     -9.30726111	     -1.57566624	     -3.10475716	    -47.90482882	     35.54636010	    103.61786599	     19.20809707	    -12.41314243	    -18.66971431	     43.53536330	     87.18042272
      2.06000000	     -2.09167684	      5.03380108	     97.19974034	     -0.32841377	      0.93022023	     -1.34620349	     24.72122191	     -6.28602535	    -23.65830411	     14.17294559	      0.24736457	     -0.47504177	      8.72781840	     -7.49999987	    -20.39197305	      0.75820318	    -12.46995088	     16.82432696	      0.29363990	     12.80125659	     17.49254233	     -7.49999987	    -18.52194522	     -0.88012308	     -9.18249421	     -1.94931466	     -3.36354072	    -48.11491574	     35.22816416	    103.76567117	     18.79358740	    -12.12078362	    -18.93361463	     43.76706475	     87.29741934
      2.07000000	     -1.76294189	      5.35947187	     97.38792470	     -0.32825248	      0.92961077	     -1.36180647	     24.10955348	     -5.93357112	    -23.40630476	     15.60810336	      0.27241279	     -0.77428564	      7.52265224	     -7.49999987	    -21.33925244	      0.03919432	    -12.22618536	     17.38765726	      0.30347187	     11.20943443	     17.38531709	     -7.49999987	    -18.40829272	     -0.32022536	     -9.17134986	     -2.41828252	     -3.62593124	    -48.26955915	     34.88417975	    103.79333508	     18.31265704	    -11.88613773	    -19.07270734	     43.68604252	     87.31541053
      2.08000000	     -1.35778857	      5.74573059	     97.25264252	     -0.32779186	      0.92957884	     -1.37709524	     23.49727946	     -5.11347903	    -22.09103736	     16.28180162	      0.28417105	     -3.63853205	      2.75673377	     -7.49999987	    -22.35519953	     -0.58258722	    -11.97479368	     17.81883729	      0.31099738	      9.32714349	     16.73256900	     -7.49999987	    -18.47035479	      0.31060771	     -8.89932133	     -2.60773886	     -3.94616740	    -48.51576838	     34.51362047	    103.94178819	     17.70346529	    -11.36189961	    -19.89860821	     43.79248034	     87.35774577
      2.09000000	     -1.14427622	      6.03068200	     96.85575945	     -0.32676141	      0.92989269	     -1.39231644	     23.15972423	     -4.52077856	    -20.59760982	     17.09647433	      0.29838977	     -5.08047351	      0.55648035	     -7.49999987	    -23.14761215	     -1.01023805	    -12.06174062	     18.53115857	      0.32342973	      7.25023638	     16.74188513	     -7.49999987	    -18.47031375	      0.61048540	     -8.39630584	     -2.73725333	     -4.22493041	    -48.77207494	     33.97712085	    104.15025576	     17.18546442	    -11.07248706	    -20.26436847	     43.73901710	     87.48975644
      2.10000000	     -0.66448070	      6.05431688	     96.42931867	     -0.32574391	      0.93003686	     -1.40735501	     23.09894084	     -3.65223951	    -18.49686970	     18.31404417	      0.31964037	     -5.86801580	     -1.63936416	     -7.49999987	    -23.47025784	     -1.59962741	    -11.97085059	     19.47561011	      0.33991352	      4.64706264	     15.75757273	     -7.49999987	    -18.17575327	      1.18971201	     -7.88769482	     -2.77948920	     -4.56511083	    -48.99884474	     33.46162294	    104.39090197	     16.55690068	    -10.50009729	    -21.23255515	     43.60128944	     87.60404492
      2.11000000	     -0.06492612	      6.18191679	     96.03005656	     -0.32494887	      0.93105521	     -1.42242031	     22.84520637	     -2.77900193	    -17.10653118	     19.65364330	      0.34302079	     -7.20570151	     -2.51858479	     -7.49999987	    -23.76089171	     -2.25893125	    -11.67872559	     20.49436931	      0.35769422	      1.92687855	     14.58758217	     -7.49999987	    -18.03632233	      1.95749055	     -7.48022147	     -2.70704107	     -4.99684328	    -49.07423532	     32.85879943	    104.53575420	     15.59707766	    -10.04027977	    -21.93734756	     43.75610238	     87.69510792
      2.12000000	      0.69790319	      6.34352392	     95.67840450	     -0.32378442	      0.93243830	     -1.43726727	     22.60340773	     -1.68553244	    -15.77474384	     21.09437575	      0.36816631	     -7.97552318	     -4.61506403	     -7.49999987	    -23.85410254	     -3.18777193	    -11.52795707	     21.86517753	      0.38161934	     -1.10861036	     12.90073419	     -7.49999987	    -17.94701576	      2.84402310	     -7.01330721	     -2.56338465	     -5.37191338	    -49.20809718	     32.19660470	    104.67455847	     15.00533986	     -9.51374064	    -22.81390715	     43.42817400	     87.77152608
      2.13000000	      1.46138570	      6.51117455	     95.28059484	     -0.32221019	      0.93410170	     -1.45220323	     22.21909958	     -0.42764727	    -14.14080267	     22.19740493	      0.38741780	     -8.49412679	     -6.80929302	     -7.49999987	    -23.75989745	     -4.12651028	    -11.39460136	     23.49234063	      0.41001869	     -4.66450568	     11.31968613	     -7.49999987	    -17.86749401	      3.68142387	     -6.58538585	     -2.34556123	     -5.64379529	    -49.41397529	     31.60802728	    104.83200957	     14.23340544	     -9.06075863	    -23.76291543	     43.12289800	     87.88157203
      2.14000000	      2.16263222	      6.57848000	     94.97116202	     -0.32051340	      0.93567774	     -1.46695582	     21.90523730	      0.86758760	    -12.19413121	     23.19721828	      0.40486784	     -9.18586304	    -10.16043100	     -7.49999987	    -23.35876411	     -5.05239056	    -11.14051745	     25.29939017	      0.44155766	     -8.33291389	      9.93550839	     -7.49999987	    -17.69318384	      4.43115396	     -6.27421669	     -2.16432077	     -5.81994657	    -49.48079460	     31.18735546	    103.97312071	     13.39573868	     -8.63546267	    -24.66678738	     42.85676621	     86.23156657
      2.15000000	      2.72779331	      6.51128265	     94.68155749	     -0.31875561	      0.93691932	     -1.48150181	     21.60395445	      2.05659925	    -10.29124272	     24.08570613	      0.42037487	     -9.23175477	    -13.03926135	     -7.49999987	    -22.48490182	     -5.86097513	    -10.68884118	     27.57661166	      0.48130267	    -12.69414429	      7.91996074	     -7.49999987	    -17.37906046	      4.97916101	     -5.99308568	     -2.01601986	     -5.96362765	    -49.47939261	     30.84609962	    104.29822069	     12.57471645	     -8.42269606	    -25.15267847	     42.55893904	     85.30277561
      2.16000000	      3.21719066	      6.38107293	     94.57378903	     -0.31736515	      0.93814435	     -1.49582871	     21.21838953	      3.03228246	     -8.93128291	     24.81889662	      0.43317146	     -8.48455229	    -14.77436829	     -7.49999987	    -21.33975879	     -6.56974849	     -9.69795327	     29.97491237	      0.52316091	    -16.60981678	      6.00703285	     -7.49999987	    -17.02036630	      5.50059026	     -5.86735737	     -1.91462947	     -6.03967950	    -49.45054580	     30.71080278	    103.95509798	     11.78648958	     -8.18853358	    -25.62591427	     42.22006955	     83.69872195
      2.17000000	      3.16854769	      6.27416446	     94.75508534	     -0.31674664	      0.93891130	     -1.50989637	     20.44981210	      3.31998137	     -7.46829449	     25.22865482	      0.44032309	     -4.12719867	    -12.91543494	     -7.49999987	    -19.97068026	     -6.62032607	     -7.81554268	     32.64202089	      0.56971074	    -19.83899917	      3.99874982	     -7.49999987	    -16.70312768	      5.48217793	     -6.06859751	     -1.93999775	     -5.98014184	    -49.15001731	     30.92654075	    102.22114139	     10.75550849	     -8.12536381	    -25.75901980	     42.32007732	     81.54496933
      2.18000000	      3.52373715	      5.81557539	     94.89589962	     -0.31620900	      0.93964945	     -1.52309508	     20.25745535	      3.86977123	     -7.03652287	     25.58661267	      0.44657064	     -3.11775320	    -13.70861506	     -7.49999987	    -17.81303098	     -7.07748860	     -6.31487561	     35.95050158	      0.62745462	    -22.30684473	      1.98456627	     -7.49999987	    -16.09324158	      5.93287679	     -6.08940115	     -1.51011729	     -5.95187677	    -50.31301396	     30.76336582	    106.09723653	     10.36175264	     -7.67915108	    -27.47819983	     41.42193999	     88.50551928
      2.19000000	      3.92997876	      5.64280585	     95.03495828	     -0.31582449	      0.94097867	     -1.53593988	     19.62711042	      4.42161922	     -7.02004809	     25.61187735	      0.44701159	     -2.21938558	    -14.00814648	     -7.49999987	    -15.90925478	     -7.57613849	     -5.06862884	     39.20885493	      0.68432361	    -25.06378374	     -1.24266138	     -7.49999987	    -15.88857617	      6.42596751	     -5.96110493	     -1.47738812	     -6.06153386	    -49.78597712	     31.13660096	    104.81716044	      9.88201580	     -7.34689952	    -27.75358728	     40.91660030	     86.11869424
      2.20000000	      4.38897168	      5.48175557	     95.23898542	     -0.31571157	      0.94254402	     -1.54856269	     18.82876642	      4.94659277	     -7.35710418	     25.35386307	      0.44250839	     -1.37519202	    -13.72243882	     -7.49999987	    -13.90335861	     -8.19571036	     -4.10661371	     42.48030478	      0.74142119	    -28.12711391	     -4.50332240	     -7.49999987	    -15.69148747	      7.03045928	     -5.92564270	     -1.34481530	     -6.20063173	    -49.19944476	     31.52285028	    103.83527190	      9.42850213	     -7.05838535	    -27.81723300	     40.24566771	     83.65205687
      2.21000000	      4.52219892	      5.33075335	     95.36736424	     -0.31576934	      0.94436956	     -1.56082543	     18.02568141	      5.10478674	     -7.64114847	     25.17159196	      0.43932716	     -0.29743689	    -13.15173073	     -7.49999987	    -11.91508241	     -8.34589982	     -3.20752725	     45.54474131	      0.79490569	    -31.01966034	     -7.46802937	     -7.49999987	    -15.59934739	      7.25341644	     -5.71455178	     -0.89197896	     -6.18076556	    -49.96298886	     31.70170790	    105.53569579	      9.37882450	     -6.48569502	    -29.09775283	     39.28877275	     85.15396976
      2.22000000	      4.67038289	      5.39530459	     95.64200461	     -0.31594494	      0.94677299	     -1.57275423	     16.88991558	      5.24618821	     -8.31749725	     24.70622716	      0.43120501	      0.39562696	    -12.37951558	     -7.49999987	    -10.07957987	     -8.62733675	     -2.46004714	     48.38325654	      0.84444713	    -32.96820830	    -10.28449709	     -7.49999987	    -15.79262477	      7.49790385	     -5.63275647	     -0.67151850	     -6.24830703	    -49.31602864	     32.19104065	    104.54169854	      9.18456012	     -6.27871214	    -29.10475966	     38.49221631	     83.16288732
      2.23000000	      4.71303662	      5.46761200	     95.81142111	     -0.31607382	      0.94934923	     -1.58462327	     15.67492231	      5.29662359	     -8.89370778	     24.16917854	      0.42183174	      1.21410498	    -11.34035341	     -7.49999987	     -8.31259492	     -8.74990950	     -1.96603145	     50.95355294	      0.88930726	    -33.89168622	    -13.03275506	     -7.49999987	    -16.01347566	      7.60335154	     -5.39882894	     -0.39250446	     -6.31304747	    -48.81594431	     32.64219808	    103.44636649	      9.06023818	     -6.00893750	    -29.34306500	     37.58081630	     81.33656224
      2.24000000	      4.77219816	      5.33206033	     96.01966298	     -0.31607623	      0.95171671	     -1.59598062	     14.62916097	      5.37334227	     -9.47592860	     23.43031295	      0.40893611	      1.86566124	    -10.39755741	     -7.49999987	     -6.21084110	     -8.90385971	     -1.65664262	     53.46383245	      0.93311991	    -32.88008594	    -15.27205512	     -7.49999987	    -16.05372974	      7.66814153	     -5.15247945	     -0.10551064	     -6.37871627	    -48.16668767	     33.07749797	    102.23896662	      9.01427201	     -5.73234472	    -29.61748411	     36.65718761	     79.68830300
      2.25000000	      4.68414248	      4.93566329	     96.24249208	     -0.31615897	      0.95363746	     -1.60685301	     14.01909135	      5.18654890	    -10.29176752	     22.93411168	      0.40027576	      2.52184808	     -9.18947158	     -7.49999987	     -3.75113109	     -8.76405698	     -1.28333126	     55.86230864	      0.97498121	    -30.48752998	    -17.36483468	     -7.49999987	    -15.85436743	      7.54597758	     -4.99204622	      0.51751396	     -6.33106055	    -48.52660201	     33.25030125	    105.21288729	      9.19173923	     -5.31182154	    -31.96901379	     35.40649261	     89.53386195
      2.26000000	      4.57597857	      4.75770594	     96.34650578	     -0.31625233	      0.95581211	     -1.61812081	     13.08766344	      5.08990175	    -10.65776308	     22.37677800	      0.39054845	      3.12837941	     -8.17164212	     -7.49999987	     -1.62950673	     -8.50529814	     -0.97079108	     57.90129734	      1.01056828	    -27.41381901	    -19.17797326	     -7.49999987	    -15.84599846	      7.39475030	     -4.66662816	      0.78029274	     -6.44223919	    -47.59432924	     33.72309169	    102.69700900	      9.05968887	     -5.20722295	    -31.63442770	     34.46739127	     86.30468998
      2.27000000	      4.28884392	      4.51258462	     96.55124276	     -0.31630521	      0.95793357	     -1.62900637	     12.28543645	      4.75726061	    -11.31620858	     21.86073783	      0.38154185	      3.82905787	     -7.11832767	     -7.49999987	      0.54610589	     -8.07718470	     -0.74030440	     59.69387079	      1.04185459	    -23.60363907	    -20.80320311	     -7.49999987	    -15.81746116	      7.02095871	     -4.48768535	      1.33310306	     -6.38358044	    -47.58755459	     34.04077806	    104.67303814	      9.03247587	     -4.99716407	    -32.71094607	     33.57682074	     88.61625210
      2.28000000	      4.03729895	      4.17876667	     96.70545886	     -0.31640713	      0.95982578	     -1.63995408	     11.56310219	      4.49245198	    -11.74328908	     21.32679031	      0.37222271	      4.35845334	     -6.12057296	     -7.49999987	      2.88371161	     -7.64798903	     -0.60408130	     61.29990172	      1.06988512	    -20.34235044	    -21.97898852	     -7.49999987	    -15.68211312	      6.67567228	     -4.27340033	      1.71429736	     -6.39947226	    -46.94881993	     34.50900572	    104.31896757	      8.86632793	     -4.85092164	    -33.09912783	     32.82355824	     88.35190634
      2.29000000	      3.73244105	      3.85454715	     96.59154879	     -0.31607081	      0.96152864	     -1.65069944	     10.92110502	      4.26782434	    -11.65376041	     20.90811019	      0.36491536	      4.90595109	     -5.61589306	     -7.49999987	      5.09579629	     -7.21129577	     -0.81423039	     62.46199039	      1.09016739	    -17.57419074	    -23.24094668	     -7.49999987	    -15.59519144	      6.19022599	     -3.84116630	      2.15245521	     -6.49114074	    -46.15825138	     34.94777840	    103.87853945	      8.61345274	     -4.78245964	    -33.34090566	     32.28246030	     88.11395484
      2.30000000	      3.33577759	      3.73182757	     96.44608306	     -0.31575764	      0.96340318	     -1.66180149	      9.97812735	      3.99523105	    -11.45793432	     20.39275597	      0.35592074	      5.30933123	     -5.31603253	     -7.49999987	      6.92777535	     -6.71266248	     -1.14205023	     63.12573560	      1.10175193	    -15.51396888	    -24.41836894	     -7.49999987	    -15.72251493	      5.60904583	     -3.45853184	      2.73937412	     -6.46237191	    -45.80552341	     35.37943593	    103.93126293	      8.16096141	     -4.76861719	    -33.53638194	     32.00117986	     88.09896298
      2.31000000	      2.96410829	      3.47933863	     96.24498444	     -0.31513987	      0.96483157	     -1.67254442	      9.26828778	      3.75593386	    -11.08963180	     19.97256244	      0.34858697	      5.65862783	     -4.92285871	     -7.49999987	      8.91598212	     -6.33653139	     -1.70855670	     63.61873484	      1.11035639	    -12.86089088	    -25.37212654	     -7.49999987	    -15.75465068	      5.01020196	     -3.06489568	      3.33317355	     -6.39580071	    -45.36222343	     35.89385392	    103.82858707	      7.75871836	     -4.82893801	    -33.72431095	     31.74179534	     87.97097216
      2.32000000	      2.71739078	      2.88425723	     95.86494791	     -0.31455620	      0.96543535	     -1.68358703	      9.02111925	      3.56321161	    -10.99537360	     19.70909324	      0.34398857	      6.54723300	     -4.23642927	     -7.49999987	     11.16593287	     -6.09175872	     -2.47445247	     63.87952350	      1.11490801	    -10.95427861	    -25.86186478	     -7.49999987	    -15.29570548	      4.50524855	     -2.46006495	      3.35691825	     -6.76204313	    -43.18922153	     36.68146187	    103.46994102	      7.39753170	     -4.65146591	    -34.66758744	     31.23799152	     87.51975312
      2.33000000	      2.55370571	      2.63895532	     95.56699418	     -0.31374230	      0.96650619	     -1.69457340	      8.29160404	      3.49103697	    -11.02635434	     19.23506750	      0.33571526	      6.77949450	     -3.55539540	     -7.49999987	     12.98598199	     -6.05851817	     -3.22559546	     63.74644944	      1.11258543	     -8.74339427	    -26.29703526	     -7.49999987	    -15.22759608	      4.11384504	     -1.99852509	      3.93911656	     -6.74734612	    -42.64558290	     37.19630258	    102.86340940	      6.78727805	     -4.66325879	    -34.84332541	     31.13693478	     87.12700962
      2.34000000	      2.15442778	      2.51414106	     95.16519614	     -0.31345018	      0.96742838	     -1.70602930	      7.39640164	      3.23853048	    -10.50167501	     18.79939174	      0.32811128	      7.52148665	     -3.10502863	     -7.49999987	     14.41572230	     -5.73406656	     -4.09530074	     63.17198534	      1.10255914	     -6.81602028	    -26.06034056	     -7.49999987	    -15.29042267	      3.50158645	     -1.38837618	      4.20975652	     -6.93900481	    -41.48742512	     37.95523071	    102.28127641	      6.25965677	     -4.54047244	    -35.23689868	     31.04830042	     86.64487931
      2.35000000	      2.10024876	      2.24141343	     94.97072797	     -0.31263471	      0.96797629	     -1.71703538	      6.71191089	      3.24931541	    -10.84862075	     18.30695446	      0.31951663	      7.75364381	     -2.49220406	     -7.49999987	     16.14675946	     -5.85124871	     -4.74816121	     62.45215905	      1.08999580	     -5.62145430	    -26.08236605	     -7.49999987	    -15.15991592	      3.23231517	     -1.07940125	      4.84565365	     -6.88290992	    -40.91641089	     38.54219227	    101.65374902	      5.63206436	     -4.68184282	    -35.39865802	     30.94719058	     86.23359934
      2.36000000	      1.71144991	      2.36860012	     94.39771685	     -0.31223375	      0.96879125	     -1.72841475	      5.63910450	      2.97880063	    -10.33499499	     18.00252322	      0.31420330	      8.55790066	     -1.69908911	     -7.49999987	     17.09474415	     -5.70673579	     -5.92877886	     61.23847006	      1.06881293	     -3.99585501	    -25.37667520	     -7.49999987	    -15.56405412	      2.64685395	     -0.48640641	      4.90620802	     -7.40601480	    -38.40100875	     39.72186111	    102.25822692	      5.12923706	     -4.43986592	    -36.59711544	     30.92777625	     86.09176663
      2.37000000	      1.74584427	      1.99870491	     94.02487608	     -0.31132863	      0.96857735	     -1.73954742	      5.10476340	      3.05701545	    -10.65271411	     17.58872500	      0.30698116	      8.91866411	     -1.16014159	     -7.49999987	     18.69826691	     -6.08545880	     -6.92273410	     59.93844052	      1.04612314	     -3.25122139	    -25.00016252	     -7.49999987	    -15.29889959	      2.44032977	      0.01908570	      5.55290557	     -7.39032255	    -38.03942647	     40.22650503	    101.82200427	      4.45370516	     -4.51180897	    -36.77991674	     30.85618375	     85.84079165
      2.38000000	      1.51613419	      2.26399169	     93.48621079	     -0.31078686	      0.96909394	     -1.75118378	      3.80096029	      2.83614879	    -10.98623233	     17.11753709	      0.29875738	      9.92793271	      1.03258542	     -7.49999987	     19.30574298	     -6.21053046	     -8.16371124	     58.18300207	      1.01548495	     -2.19262692	    -24.01133459	     -7.49999987	    -15.79046197	      2.00792216	      0.63815544	      5.83165333	     -7.75550713	    -36.39793055	     41.20707216	    101.98025278	      3.97001838	     -4.37026307	    -37.71162106	     30.84978072	     85.68537162
      2.39000000	      1.63197449	      1.73865503	     93.25545907	     -0.31052810	      0.96796314	     -1.76266669	      3.51654728	      2.96898456	    -11.13797148	     16.93748594	      0.29561490	     10.58487395	      1.14942981	     -7.49999987	     20.97632419	     -6.46715196	     -8.76031469	     56.44413052	      0.98513592	     -1.46818898	    -23.42568387	     -7.49999987	    -15.26322044	      1.94366340	      1.06677377	      6.23115759	     -7.79559185	    -35.97423312	     41.82239371	    100.65916448	      3.11401062	     -4.34198680	    -37.79710478	     31.01133357	     84.94221266
      2.40000000	      1.19099164	      2.50734447	     92.70894453	     -0.31068873	      0.96889374	     -1.77440905	      1.70370754	      2.57773817	    -10.63937463	     16.59627746	      0.28965969	     11.14110052	      1.97142372	     -7.49999987	     20.69933146	     -6.18934345	     -9.89318614	     53.87920647	      0.94036955	     -1.16828344	    -23.14730842	     -7.49999987	    -16.32385219	      1.38806429	      1.50102266	      6.76607205	     -8.25738453	    -34.35384034	     42.74568941	    101.49229112	      2.71423827	     -4.19452865	    -38.78357390	     30.87686488	     85.14412880
      2.41000000	      1.29782708	      2.32486523	     92.35050067	     -0.31030772	      0.96791308	     -1.78593786	      0.95884183	      2.71464934	    -10.65082055	     16.24926724	      0.28360321	     11.59655406	      2.55150332	     -7.49999987	     21.72148180	     -6.49399125	    -10.64402882	     51.58485515	      0.90032557	     -0.87422571	    -22.69938150	     -7.49999987	    -16.25997680	      1.31152324	      1.95120906	      7.26555627	     -8.31848204	    -33.72422620	     43.51264716	    101.70589703	      2.06712234	     -4.19107356	    -39.19586676	     30.82328972	     85.18482814
      2.42000000	      1.33832868	      2.32769918	     92.03580086	     -0.31021886	      0.96712181	     -1.79759315	      0.05228184	      2.77432404	    -10.65246225	     15.98833185	      0.27904903	     12.17748389	      3.01414925	     -7.49999987	     22.36561332	     -6.64888792	    -11.38305942	     48.82765108	      0.85220328	     -0.48210737	    -22.41523488	     -7.49999987	    -16.36377416	      1.17444613	      2.40374031	      7.77579490	     -8.47558583	    -33.10953460	     44.19247112	    102.03411210	      1.49457912	     -4.16021192	    -39.62242589	     30.68231047	     85.27974183
