Coordinates
version=1
nRows=232
nColumns=36
inDegrees=yes

Units are S.I. units (second, meters, Newtons, ...)
If the header above contains a line with 'inDegrees', this indicates whether rotational values are in degrees (yes) or radians (no).

endheader
time	pelvis_tilt	pelvis_list	pelvis_rotation	pelvis_tx	pelvis_ty	pelvis_tz	hip_flexion_r	hip_adduction_r	hip_rotation_r	knee_angle_r	knee_angle_r_beta	ankle_angle_r	subtalar_angle_r	mtp_angle_r	hip_flexion_l	hip_adduction_l	hip_rotation_l	knee_angle_l	knee_angle_l_beta	ankle_angle_l	subtalar_angle_l	mtp_angle_l	lumbar_extension	lumbar_bending	lumbar_rotation	arm_flex_r	arm_add_r	arm_rot_r	elbow_flex_r	pro_sup_r	arm_flex_l	arm_add_l	arm_rot_l	elbow_flex_l	pro_sup_l
      0.00000000	      1.64624357	      3.42167724	     92.20319656	     -0.24287913	      0.92835437	      1.01756634	     23.92553156	      1.47386402	    -11.18189987	     22.07790573	      0.38533215	     -5.35500457	     -2.69038310	     -7.58061424	    -18.21162565	     -2.74821979	    -11.61903606	     27.46545531	      0.47936263	     -3.82598595	      9.57409483	     -7.58061424	    -14.53203316	      2.74558012	     -5.15796338	     -7.86856896	     -6.71850282	    -28.77242971	     58.51107348	    103.21224522	     19.61882485	     -9.92783450	    -15.52728504	     49.05521464	     88.66023051
      0.01000000	      2.24797755	      3.97458838	     91.84157519	     -0.24074202	      0.92995940	      1.00160362	     23.12142624	      2.64243767	     -9.33015168	     23.50062759	      0.41016333	     -5.01791086	     -5.13188664	     -7.55968350	    -18.25545849	     -3.67031362	    -11.52630874	     29.56427287	      0.51599390	     -8.08940264	      8.04419446	     -7.55968350	    -14.86441622	      3.31772789	     -4.77830577	     -7.40628472	     -6.71928697	    -28.77433857	     57.59296056	    104.12209247	     18.83200332	     -9.66752602	    -16.00395308	     49.25475752	     86.91084365
      0.02000000	      2.94928818	      4.26075397	     91.52054735	     -0.23838883	      0.93127383	      0.98629921	     22.45746331	      4.03743457	     -7.43381384	     24.66086364	      0.43041327	     -4.25182083	     -6.83935277	     -7.53662664	    -17.67472588	     -4.83758295	    -11.43588756	     32.07842033	      0.55987405	    -13.24698021	      6.80651075	     -7.53662664	    -14.98898138	      3.91567254	     -4.36240345	     -6.94278151	     -6.58487694	    -28.94344980	     56.75594173	    106.16628772	     18.16838814	     -9.36491762	    -16.92784995	     49.35974354	     89.88210539
      0.03000000	      3.49864441	      4.62572976	     91.18095887	     -0.23649689	      0.93288038	      0.97106382	     21.45666130	      5.13574748	     -6.20432715	     25.42543329	      0.44375752	     -3.08868862	     -8.47890768	     -7.52974591	    -17.04052711	     -5.74573377	    -11.09335111	     34.61953576	      0.60422488	    -17.74725736	      5.71719477	     -7.52974591	    -15.18362845	      4.42946552	     -4.01248384	     -6.51345299	     -6.62393336	    -28.68718202	     56.09705889	    105.62522714	     17.35442391	     -9.16458978	    -17.26827404	     49.39652940	     88.75160039
      0.04000000	      3.87409364	      4.75658191	     91.06186560	     -0.23545722	      0.93419292	      0.95652823	     20.65861026	      5.76391139	     -5.67906115	     26.06869325	      0.45498453	     -2.02991937	     -9.21237043	     -7.52746304	    -15.81836818	     -6.36144496	    -10.05748049	     37.50912657	      0.65465776	    -21.24750156	      4.86011905	     -7.52746304	    -15.21972690	      4.82577995	     -3.73721718	     -6.18230111	     -6.70439148	    -28.47315753	     55.64888317	    104.70445013	     16.63399682	     -8.92839964	    -17.46502294	     49.42869158	     88.32325760
      0.05000000	      4.21677111	      4.65480310	     91.16661325	     -0.23470505	      0.93511255	      0.94228516	     20.05095574	      6.22381401	     -5.59691195	     26.57580601	      0.46383532	     -0.71085093	     -9.19666964	     -7.52243777	    -14.08642997	     -7.00521007	     -8.97173743	     40.68516110	      0.71009002	    -24.29774253	      3.62109829	     -7.52243777	    -14.95168327	      5.18248770	     -3.64637430	     -5.84910980	     -6.64658821	    -28.49792204	     55.27349424	    107.00689286	     16.14041345	     -8.40061502	    -18.32839983	     48.95838576	     89.75305700
      0.06000000	      4.54452995	      4.80042577	     91.35961364	     -0.23447515	      0.93677487	      0.92831175	     18.91139951	      6.61581177	     -5.80408068	     26.53537282	      0.46312962	      0.15235051	     -9.29815532	     -7.52142714	    -12.55889741	     -7.64672804	     -8.02649472	     43.79683381	      0.76439895	    -27.51823019	      1.09287252	     -7.52142714	    -15.04465141	      5.58618089	     -3.49016555	     -5.64914839	     -6.70237317	    -28.37167117	     55.22204185	    106.68300317	     15.69388167	     -8.08584123	    -18.37646772	     48.55158762	     89.64681845
      0.07000000	      4.64298598	      4.82235378	     91.65612430	     -0.23446959	      0.93867222	      0.91466627	     17.82531869	      6.68110784	     -6.32217393	     26.31946555	      0.45936133	      1.17001111	     -8.81636307	     -7.52038481	    -10.77443189	     -8.00975156	     -7.02459192	     46.88525818	      0.81830213	    -30.76875057	     -2.12123733	     -7.52038481	    -15.00208246	      5.73606309	     -3.47280022	     -5.31664492	     -6.68503621	    -28.29276152	     54.98412355	    106.79392632	     15.33978688	     -7.67358942	    -18.74365640	     47.87981756	     89.74649950
      0.08000000	      4.75636083	      4.92831270	     92.05927312	     -0.23443408	      0.94087900	      0.90115057	     16.48580986	      6.75891619	     -6.97095803	     25.73835019	      0.44921895	      2.17894130	     -8.16222182	     -7.51980949	     -8.95358511	     -8.45217532	     -6.16998223	     49.86245042	      0.87026393	    -32.68538502	     -4.42314412	     -7.51980949	    -15.05905901	      5.88678067	     -3.43138319	     -5.11284377	     -6.61738210	    -28.24583268	     54.93974465	    106.90003343	     15.00358911	     -7.34320477	    -18.88795671	     47.23159166	     89.80474810
      0.09000000	      4.45631036	      4.88276203	     92.53499442	     -0.23518158	      0.94330792	      0.88835604	     15.37309598	      6.29103288	     -7.74797378	     25.32192357	      0.44195094	      3.08884905	     -7.14573173	     -7.51879497	     -6.92517147	     -8.24738650	     -5.13272802	     52.58467171	      0.91777566	    -33.00166190	     -7.24330673	     -7.51879497	    -15.06084475	      5.62893503	     -3.52369330	     -4.73332328	     -6.54358019	    -28.22103272	     54.75471909	    107.00592991	     14.72810311	     -6.94154309	    -19.22329141	     46.49906172	     89.87681840
      0.10000000	      4.28213575	      4.95748965	     92.81731900	     -0.23532807	      0.94617097	      0.87571128	     13.96180831	      6.14638606	     -8.01710597	     24.47775713	      0.42721746	      3.98146445	     -6.63369861	     -7.51828134	     -5.17613068	     -8.33749416	     -4.86359075	     54.93932067	      0.95887203	    -31.33474504	     -9.70563994	     -7.51828134	    -15.23080580	      5.41290914	     -3.38426344	     -4.27379439	     -6.50170471	    -28.09316975	     54.51246119	    106.79903232	     14.48654386	     -6.63325199	    -19.33199643	     45.70405598	     89.71265086
      0.11000000	      4.19650775	      4.80723799	     93.24086192	     -0.23561099	      0.94862831	      0.86345341	     12.82793767	      6.00802697	     -8.68703667	     23.61183566	      0.41210427	      4.38983411	     -5.76150471	     -7.51758852	     -2.96730445	     -8.32126609	     -4.18712601	     57.33326192	      1.00065419	    -28.20408002	    -12.37536883	     -7.51758852	    -15.14050625	      5.28582697	     -3.28449849	     -3.98589606	     -6.43764934	    -27.95229174	     54.46877642	    106.40033735	     14.38762492	     -6.22647210	    -19.61635714	     44.75642122	     89.41216627
      0.12000000	      3.97816851	      4.52536302	     93.65701020	     -0.23596064	      0.95092831	      0.85153053	     11.90048174	      5.76662449	     -9.05879356	     22.84495724	      0.39871972	      4.86017826	     -5.08640312	     -7.51689159	     -0.61173888	     -8.13325219	     -3.63653417	     59.49756212	      1.03842836	    -24.34212086	    -14.59006290	     -7.51689159	    -14.98510003	      5.03782580	     -3.20377105	     -3.65651869	     -6.37719205	    -27.84041154	     54.53831146	    105.92871172	     14.13354744	     -5.87916039	    -19.87683065	     43.99518590	     89.08437636
      0.13000000	      3.70932376	      4.31461149	     93.87286906	     -0.23567669	      0.95330880	      0.83977258	     10.95728830	      5.59395378	     -8.99427067	     22.17396002	      0.38700861	      5.11078457	     -4.57122186	     -7.51644858	      1.66473278	     -7.79941306	     -3.17301566	     61.34903362	      1.07074263	    -21.03721953	    -16.75753803	     -7.51644858	    -14.95621984	      4.63877103	     -2.98859527	     -3.30275541	     -6.25262902	    -27.63100959	     54.67264040	    105.58664707	     13.78090838	     -5.73276336	    -19.94979016	     43.51593907	     88.83625506
      0.14000000	      3.73395591	      3.76998278	     94.56067694	     -0.23631793	      0.95496871	      0.82818826	     10.44861368	      5.50565442	     -9.95627885	     21.55592057	      0.37622179	      5.27605289	     -3.87277088	     -7.51601187	      4.54498518	     -7.80666904	     -2.48203222	     63.07262901	      1.10082504	    -18.30330707	    -19.52859551	     -7.51601187	    -14.44016397	      4.67802688	     -3.16235836	     -3.02709140	     -6.24117414	    -27.44601784	     54.88115588	    105.92888887	     13.49893709	     -5.46781037	    -20.22011524	     42.59960647	     88.96146512
      0.15000000	      3.32704765	      3.64342538	     94.72636047	     -0.23625546	      0.95734824	      0.81628002	      9.42726290	      5.24472012	     -9.46954644	     20.93639232	      0.36540898	      5.63553165	     -3.65017720	     -7.51584917	      6.52846857	     -7.29923657	     -2.24128990	     64.00556956	      1.11710793	    -15.85988940	    -21.37136979	     -7.51584917	    -14.45083268	      4.15385137	     -3.01419127	     -2.64768706	     -6.15381380	    -27.24545189	     55.08983706	    106.01778345	     12.99366157	     -5.42343806	    -20.30367868	     42.11657832	     88.97244576
      0.16000000	      3.16586050	      2.90916143	     94.96528107	     -0.23646024	      0.95840869	      0.80491001	      9.26544486	      5.03632805	     -9.77997484	     20.58521102	      0.35927971	      6.00748502	     -3.09143248	     -7.51525098	      9.34079215	     -6.97484736	     -2.04038138	     64.95424408	      1.13366542	    -13.61845555	    -23.50017227	     -7.51525098	    -13.81108462	      3.88349803	     -2.87680148	     -2.44274874	     -6.27463955	    -26.81668919	     55.54754434	    106.42398438	     12.45921265	     -5.26183799	    -20.59662501	     41.62711606	     89.23146236
      0.17000000	      2.81190870	      2.74125298	     94.93257958	     -0.23622949	      0.96038847	      0.79324430	      8.34829554	      4.80919220	     -9.47109116	     20.02397794	      0.34948434	      6.12303146	     -2.90075842	     -7.51511160	     11.22832111	     -6.52733240	     -2.21045814	     65.29304076	      1.13957854	    -11.31165658	    -25.15888982	     -7.51511160	    -13.84353885	      3.38333381	     -2.57421000	     -2.02849030	     -6.25009461	    -26.56054621	     55.92340944	    106.64237491	     11.90497179	     -5.23487070	    -20.71783806	     41.30949556	     89.35075721
      0.18000000	      2.54651496	      2.42778769	     94.77672732	     -0.23583669	      0.96190162	      0.78158462	      7.63372696	      4.64623158	     -9.26113718	     19.50156035	      0.34036644	      6.33925353	     -2.56655210	     -7.51477046	     13.21247024	     -6.16466057	     -2.43628679	     65.37593824	      1.14102537	     -9.16572267	    -26.15438056	     -7.51477046	    -13.70138015	      2.96287276	     -2.15724662	     -1.76260917	     -6.38134839	    -26.09480081	     56.49918761	    106.76338510	     11.22891921	     -5.17158530	    -20.95438071	     41.12397209	     89.42759488
      0.19000000	      2.41164526	      2.25010109	     94.54744634	     -0.23524152	      0.96349544	      0.76999679	      6.74203593	      4.62035824	     -9.15902722	     18.88566861	      0.32961710	      6.35512303	     -1.94325839	     -7.51427364	     14.93640270	     -6.10578371	     -2.89199284	     65.05621985	      1.13544524	     -7.09364515	    -26.56505299	     -7.51427364	    -13.68782819	      2.68291717	     -1.74769486	     -1.39455543	     -6.55690223	    -25.35785543	     57.01772839	    106.85762568	     10.53187240	     -5.13968798	    -21.32007105	     40.96027009	     89.57319710
      0.20000000	      1.99349286	      2.12897245	     94.31637792	     -0.23495848	      0.96505964	      0.75850631	      5.82804542	      4.31072974	     -8.75028343	     18.43383986	      0.32173120	      6.53059647	     -1.96322763	     -7.51389722	     16.44931991	     -5.61928232	     -3.32966789	     64.36164289	      1.12332258	     -5.47789872	    -26.91929174	     -7.51389722	    -13.82981332	      2.11116535	     -1.30450903	     -1.04607079	     -6.68094956	    -24.87289621	     57.64181254	    106.81134119	      9.88831293	     -5.13271933	    -21.57146590	     40.86987824	     89.62609501
      0.21000000	      1.88952582	      1.90658774	     93.97443048	     -0.23406143	      0.96639378	      0.74698693	      4.97326784	      4.28991514	     -8.85096131	     17.73324584	      0.30950353	      6.44253039	     -1.34158383	     -7.51370866	     17.98183719	     -5.61905005	     -3.92313138	     63.31142822	      1.10499288	     -4.45473527	    -27.11213713	     -7.51370866	    -13.79760202	      1.81820591	     -0.77688678	     -0.61615080	     -6.70730643	    -24.58211757	     58.18839196	    106.62243463	      9.16893870	     -5.20708458	    -21.70511373	     40.68116942	     89.51792793
      0.22000000	      1.57129050	      1.77215531	     93.60034395	     -0.23348904	      0.96742589	      0.73515732	      4.10174506	      4.05420055	     -8.60116693	     17.30698902	      0.30206394	      6.61990641	     -0.81549628	     -7.51332683	     19.16950989	     -5.33101629	     -4.57013135	     61.77773957	      1.07822496	     -3.15152479	    -26.52895270	     -7.51332683	    -13.81230623	      1.29931109	     -0.23326382	     -0.35192413	     -6.84769599	    -24.04128021	     58.90159093	    106.15232530	      8.34864434	     -5.25333684	    -21.94387743	     40.74470473	     89.23984849
      0.23000000	      1.34066581	      2.27872214	     93.02959978	     -0.23278778	      0.96940038	      0.72331431	      2.47429316	      3.87250997	     -8.69381638	     16.72635150	      0.29192991	      6.70336809	      0.37159848	     -7.51285324	     19.39671064	     -5.35178918	     -5.64538022	     59.70586105	      1.04206386	     -1.99712570	    -25.31644579	     -7.51285324	    -14.63208468	      0.93072987	      0.41900423	      0.08795908	     -7.33774067	    -22.95681633	     59.58748795	    106.11682517	      7.62889725	     -5.18394281	    -22.49273815	     40.87275960	     89.21162604
      0.24000000	      1.19090921	      2.05512659	     92.82966526	     -0.23262047	      0.96985054	      0.71168088	      1.75574869	      3.75785491	     -8.70769250	     16.36805189	      0.28567640	      6.90825212	      0.61882554	     -7.51262662	     20.55706845	     -5.12931013	     -6.07893733	     57.61670767	      1.00560125	     -1.29305291	    -25.02314346	     -7.51262662	    -14.53761607	      0.66683700	      0.77560530	      0.46304457	     -7.43543052	    -22.64826240	     60.17623026	    105.82293420	      6.88971208	     -5.24629959	    -22.69778642	     40.76030328	     89.04476933
      0.25000000	      0.94116379	      2.72078770	     92.28364897	     -0.23181239	      0.97173351	      0.69974763	      0.03284260	      3.46048361	     -9.26451396	     15.96106231	      0.27857309	      6.92651618	      2.32320372	     -7.51211051	     20.31769127	     -5.09372723	     -7.21146492	     54.81434794	      0.95669085	     -0.23048329	    -23.49889025	     -7.51211051	    -15.50413079	      0.23691459	      1.35071048	      0.96321165	     -7.82004843	    -21.68226898	     60.79094497	    105.80533761	      6.19699264	     -5.18908915	    -23.52286780	     40.87728840	     89.08513033
      0.26000000	      1.18665716	      2.47890767	     92.19908041	     -0.23191851	      0.97140476	      0.68799974	     -0.54437404	      3.74330389	     -9.46181882	     15.86265905	      0.27685563	      7.02248888	      2.35185193	     -7.51197160	     21.34798109	     -5.22411373	     -7.44423655	     52.22965068	      0.91157937	      0.20105051	    -23.34808246	     -7.51197160	    -15.31558965	      0.45426146	      1.67052133	      1.33944117	     -7.99537899	    -21.54021164	     61.29211304	    105.56534493	      5.38935895	     -5.19640741	    -23.67280096	     40.70713344	     88.95091201
      0.27000000	      0.84707940	      3.31466803	     91.44104254	     -0.23095929	      0.97315125	      0.67611129	     -2.40825046	      3.29672082	     -9.85214448	     15.51319396	      0.27075631	      6.93576144	      3.89976625	     -7.51145086	     20.50701534	     -5.09862293	     -8.90632288	     48.61442368	      0.84848176	      1.06335819	    -21.95116107	     -7.51145086	    -16.43747252	     -0.11632916	      2.26408620	      1.98077512	     -8.43089503	    -20.34936940	     61.82610433	    105.69380432	      4.70412538	     -5.09355589	    -24.87369708	     40.84315084	     89.17871762
      0.28000000	      0.86784972	      3.41133265	     91.04237734	     -0.23058182	      0.97303667	      0.66430703	     -3.36952632	      3.30924863	     -9.95221116	     15.35549646	      0.26800397	      6.92912666	      4.20340601	     -7.51116426	     20.69849527	     -5.12893097	     -9.76105899	     45.16458769	      0.78827076	      1.55447522	    -21.14400746	     -7.51116426	    -16.67855845	     -0.23283678	      2.79195585	      2.39008333	     -8.69437185	    -19.86984989	     62.36266183	    105.61594573	      4.01045080	     -5.07146850	    -25.36827337	     40.78313500	     89.27623649
      0.29000000	      1.34040240	      3.21967458	     90.79723792	     -0.23031016	      0.97223524	      0.65249208	     -4.00721178	      3.78353705	    -10.30373885	     15.19939213	      0.26527944	      6.85484849	      4.63651123	     -7.51112352	     21.23396760	     -5.50861050	    -10.20222836	     41.74901564	      0.72865778	      1.88978924	    -20.71766804	     -7.51112352	    -16.47786235	      0.20393712	      3.25227052	      2.77632303	     -8.88705124	    -19.64878533	     62.84229241	    105.65685921	      3.25068271	     -5.05329260	    -25.63811683	     40.53422930	     89.34713347
      0.30000000	      0.98088290	      4.10160975	     90.18831243	     -0.23045465	      0.97298662	      0.63998968	     -5.90282408	      3.26181377	    -10.39337348	     15.00328564	      0.26185673	      7.14184249	      5.72886083	     -7.51086091	     20.02815575	     -5.05255982	    -11.48496625	     37.52284676	      0.65489722	      2.54797755	    -18.55670353	     -7.51086091	    -17.52276413	     -0.26690392	      3.76166515	      3.25399362	     -9.44447484	    -18.79020738	     63.34258160	    105.76318202	      2.59330579	     -4.84713593	    -26.75310183	     40.40902173	     89.64207917
      0.31000000	      1.23237225	      3.91994013	     89.54490465	     -0.23008694	      0.97175890	      0.62854369	     -6.34436999	      3.36319245	    -10.52074174	     15.22209284	      0.26567564	      6.99235618	      6.29363130	     -7.51061073	     20.31422772	     -5.24181202	    -12.33700553	     33.80808187	      0.59006234	      2.59515406	    -16.67851089	     -7.51061073	    -17.39171792	     -0.13938364	      4.47397612	      3.69564233	     -9.75237808	    -18.26665489	     63.76679627	    105.43026188	      1.84710073	     -4.74917585	    -27.30054284	     40.32149989	     89.60146480
      0.32000000	      1.26008414	      4.36245884	     89.01334142	     -0.23022531	      0.97128693	      0.61624991	     -7.61976953	      3.20769243	    -10.65300389	     15.24483704	      0.26607260	      7.37705288	      7.20650441	     -7.51030340	     19.65465585	     -5.13606640	    -13.46821598	     29.77990039	      0.51975731	      3.11612168	    -13.23513719	     -7.51030340	    -17.87265176	     -0.18552374	      4.99499166	      4.16347455	    -10.16155031	    -17.64764548	     64.11734033	    105.33252339	      1.25498555	     -4.51048892	    -28.22175199	     40.04671705	     89.80614249
      0.33000000	      1.31727585	      4.44562477	     88.47102543	     -0.23043625	      0.97012920	      0.60402109	     -8.41387265	      3.03972041	    -10.74771375	     15.46103206	      0.26984592	      7.62250949	      7.90323959	     -7.50985852	     19.39671924	     -5.04789065	    -14.65611513	     25.89296738	      0.45191753	      3.45944976	     -9.32004931	     -7.50985852	    -17.94505889	     -0.19330837	      5.52749883	      4.51028194	    -10.47407722	    -17.21410217	     64.52696703	    105.10891508	      0.55640516	     -4.28033252	    -29.15246880	     39.86379614	     89.99516162
      0.34000000	      1.43612077	      4.29245670	     88.09331776	     -0.23097569	      0.96836594	      0.59228202	     -8.86508636	      2.98853666	    -10.72373469	     15.81153252	      0.27596330	      7.85394181	      8.04629284	     -7.50956573	     19.49599361	     -4.92497146	    -15.50318860	     22.25734610	      0.38846397	      3.81063171	     -5.33932532	     -7.50956573	    -17.80132250	     -0.06645715	      5.90413488	      4.94593051	    -10.78345680	    -16.78460647	     64.81626474	    105.19934927	     -0.06399483	     -4.08614465	    -29.92114031	     39.57871550	     90.27947266
      0.35000000	      1.47897464	      4.11432183	     87.70580796	     -0.23147401	      0.96655598	      0.58066367	     -9.19747230	      2.81250859	    -10.69818626	     16.32462045	      0.28491838	      8.11277524	      8.13857144	     -7.50925725	     19.58199375	     -4.72269417	    -16.43086391	     18.75329751	      0.32730679	      3.82545417	     -1.17881518	     -7.50925725	    -17.64356084	     -0.03657891	      6.25105977	      5.40922414	    -11.00640903	    -16.40929952	     65.01965191	    105.15773130	     -0.63401160	     -3.90504270	    -30.73200997	     39.34518773	     90.53281906
      0.36000000	      1.40309206	      3.88882678	     87.31827986	     -0.23222745	      0.96451578	      0.56903914	     -9.39332495	      2.47054815	    -10.63948491	     16.97989270	      0.29635503	      8.46283732	      8.38118167	     -7.50898583	     19.65795174	     -4.34856528	    -17.22981652	     15.36729367	      0.26820987	      3.55802204	      2.82689951	     -7.50898583	    -17.43970749	     -0.12600632	      6.58449130	      5.81795697	    -11.19580446	    -16.11194644	     65.22159738	    105.15639381	     -1.09785274	     -3.69735208	    -31.64374167	     39.06014825	     90.80380840
      0.37000000	      1.34549506	      3.52428063	     86.94251591	     -0.23332183	      0.96213162	      0.55744656	     -9.39319512	      2.13291974	    -10.44862082	     17.72758307	      0.30940469	      8.75578590	      8.47950702	     -7.50859218	     19.87762685	     -3.98315916	    -17.82853684	     12.28712507	      0.21445079	      3.00477444	      6.59145521	     -7.50859218	    -17.07822672	     -0.11575504	      6.89098290	      6.19289286	    -11.42788115	    -15.84462322	     65.46553628	    105.01963377	     -1.62972488	     -3.42215462	    -32.48284047	     38.73585579	     91.03406834
      0.38000000	      1.18230047	      3.17988588	     86.69111133	     -0.23475350	      0.95962086	      0.54579684	     -9.33056093	      1.65427237	    -10.36532459	     18.65086861	      0.32551907	      9.11745308	      8.44610277	     -7.50810515	     20.07538534	     -3.42170659	    -18.06337005	      9.50101596	      0.16582401	      2.18196744	      9.35966278	     -7.50810515	    -16.71022668	     -0.20485923	      7.08263681	      6.49283189	    -11.66031539	    -15.45619871	     65.67359257	    102.88782697	     -2.12981200	     -3.28991394	    -32.79318175	     38.40004200	     88.90584431
      0.39000000	      0.93454768	      2.76180075	     86.30048254	     -0.23623720	      0.95690989	      0.53402038	     -9.06988224	      0.99648937	    -10.23961800	     19.82353286	      0.34598592	      9.54368104	      8.79297147	     -7.50735147	     20.26745999	     -2.82714133	    -18.47435071	      7.10671537	      0.12403558	      1.44719910	     11.81737974	     -7.50735147	    -16.25173027	     -0.35444321	      7.25889458	      6.89868611	    -11.82149659	    -15.20371742	     65.75593385	    103.66700246	     -2.51452688	     -2.91739437	    -34.13305592	     37.95644738	     89.37247123
      0.40000000	      0.76859442	      2.38308373	     85.91097002	     -0.23750389	      0.95410460	      0.52207291	     -8.84537412	      0.47167109	     -9.86912382	     21.01375058	      0.36675914	      9.79948279	      8.85380841	     -7.50666349	     20.58401423	     -2.43398503	    -19.01685976	      5.57804323	      0.09735522	      0.95686281	     13.85334242	     -7.50666349	    -15.78076394	     -0.46575946	      7.45313564	      7.25630166	    -11.94766641	    -14.90369275	     65.73722069	    104.02907087	     -3.02371872	     -2.73496938	    -34.93233082	     37.64758859	     89.82229935
      0.41000000	      0.55533138	      2.12293497	     85.62569713	     -0.23884096	      0.95144266	      0.50974799	     -8.83477997	     -0.08969861	     -9.54484533	     22.04798084	      0.38480986	      9.94892815	      8.95919755	     -7.50608973	     21.00605863	     -2.09233218	    -19.30923505	      5.11615640	      0.08929377	      0.61629626	     14.75762378	     -7.50608973	    -15.42077268	     -0.62543115	      7.53891377	      7.51125235	    -11.95557828	    -14.78123820	     65.81626790	    104.13179296	     -3.43634936	     -2.60650264	    -35.73540884	     37.19703960	     90.09452183
      0.42000000	      0.27782913	      2.11763054	     85.28063798	     -0.23992241	      0.94902201	      0.49663477	     -9.19430984	     -0.61922803	     -8.60730898	     22.92446663	      0.40010742	      9.97768552	      8.29659869	     -7.50596881	     21.34789409	     -1.85432030	    -19.75563044	      5.74489709	      0.10026737	      0.88632149	     15.32701431	     -7.50596881	    -15.22095061	     -0.91523544	      7.62084869	      7.68547457	    -11.87018568	    -14.69903955	     65.84496498	    104.51180786	     -3.92256198	     -2.46719740	    -36.76080150	     36.88328511	     90.71691017
      0.43000000	      0.16974434	      2.19863507	     84.99044672	     -0.24053190	      0.94682473	      0.48328845	     -9.74659148	     -1.03492365	     -8.23522579	     23.63902830	      0.41257888	      9.62937722	      8.42726460	     -7.50581060	     21.66644034	     -1.91709384	    -20.21001552	      7.07764996	      0.12352830	      1.41448189	     15.69369375	     -7.50581060	    -15.10717750	     -1.09495402	      7.74459562	      7.72406896	    -11.64733357	    -14.78271996	     65.92942173	    104.12223832	     -4.36376964	     -2.53345660	    -37.33971716	     36.49068305	     91.01910969
      0.44000000	      0.01969887	      2.49198047	     84.80932063	     -0.24105406	      0.94491522	      0.46945200	    -10.60180944	     -1.44868335	     -7.76740126	     24.24062682	      0.42307875	      9.18069881	      8.36684563	     -7.50554800	     21.54031340	     -1.87531345	    -20.40865142	      8.42863840	      0.14710749	      1.67438434	     15.52061943	     -7.50554800	    -15.14739010	     -1.34604330	      7.65317422	      7.81479970	    -11.36320846	    -14.71528810	     65.84432165	    103.55782535	     -4.88043158	     -2.69995820	    -37.79297604	     36.15988621	     91.07196103
      0.45000000	     -0.10379432	      2.87898610	     84.74287719	     -0.24140875	      0.94328284	      0.45510802	    -11.63505129	     -1.85625099	     -7.68650462	     24.71548912	      0.43136666	      8.44685406	      8.69193037	     -7.50537539	     21.23917693	     -1.85211080	    -20.33628607	     10.05181692	      0.17543730	      1.70216959	     14.74434261	     -7.50537539	    -15.26566642	     -1.61414237	      7.51619106	      7.73863337	    -10.91199154	    -14.94063308	     65.81816200	    103.36677807	     -5.34381147	     -2.94008614	    -38.21475614	     35.79256114	     91.22924632
      0.46000000	     -0.46955963	      3.42830489	     84.57281962	     -0.24234670	      0.94174391	      0.44026032	    -12.75142711	     -2.52046810	     -7.01700921	     25.38073087	      0.44297732	      7.61327113	      8.34060103	     -7.50496970	     20.61616048	     -1.48026532	    -20.51019727	     11.57272581	      0.20198217	     -0.44499120	     12.19540951	     -7.50496970	    -15.44842567	     -2.09398593	      7.36770238	      7.58583668	    -10.63307451	    -14.95634399	     65.79651341	    102.99678915	     -5.88382019	     -3.09981875	    -38.52243516	     35.52203064	     90.90133380
      0.47000000	     -0.73729043	      3.93373073	     84.78231498	     -0.24310464	      0.94058186	      0.42537494	    -13.90174210	     -2.94677930	     -6.81160871	     25.89747691	      0.45199624	      6.35769311	      8.02397233	     -7.50431833	     20.11929413	     -1.16425482	    -20.59802097	     12.97982851	      0.22654074	     -2.84604497	      9.41933914	     -7.50431833	    -15.61829152	     -2.48768043	      6.93542169	      7.39237165	    -10.09587651	    -15.24386830	     65.68924982	    103.39027313	     -6.23478635	     -3.44391843	    -38.70788080	     34.98569883	     90.23451351
      0.48000000	     -1.19546622	      4.27540600	     85.13140764	     -0.24411834	      0.93981019	      0.41121405	    -14.64636578	     -3.51650277	     -6.60147528	     26.73457582	      0.46660637	      4.85994225	      7.37476085	     -7.50368895	     19.94065601	     -0.61500907	    -19.79927765	     14.66116693	      0.25588564	     -3.49320338	      7.40567896	     -7.50368895	    -15.74753709	     -3.06003006	      6.42011113	      7.18948858	     -9.42091660	    -15.86203738	     65.52675723	    103.86687949	     -6.35606972	     -3.80940734	    -38.89806759	     34.42301033	     89.96469373
      0.49000000	     -1.83164743	      4.60026212	     85.61877632	     -0.24559002	      0.93979736	      0.39746183	    -15.15903216	     -4.24313566	     -6.52965442	     27.86768523	      0.48638286	      2.92314684	      6.51937360	     -7.50227803	     19.72569308	      0.19966642	    -18.81491739	     16.29395092	      0.28438309	     -4.18091523	      6.80256328	     -7.50227803	    -15.90716135	     -3.76508935	      5.55874712	      7.23901442	     -8.62366328	    -16.45355987	     65.04965678	    105.95859076	     -6.36953767	     -4.24447768	    -39.14663245	     33.65206101	     91.03713999
      0.50000000	     -2.54706463	      5.09002555	     86.04991710	     -0.24675848	      0.94068394	      0.38326822	    -15.87054843	     -5.08072142	     -6.67190994	     28.87930975	      0.50403904	      0.36637637	      5.68259404	     -7.50201433	     19.13074214	      1.07349934	    -18.00588540	     17.67513812	      0.30848936	     -5.22041219	      6.56446416	     -7.50201433	    -16.20162465	     -4.63384621	      4.93553183	      7.01336926	     -7.77534547	    -17.26026755	     64.60716760	    105.16142710	     -6.11895358	     -4.57747865	    -39.69356633	     32.71577493	     90.01654821
      0.51000000	     -3.44218911	      5.58140344	     86.22512682	     -0.24870196	      0.94179563	      0.36897131	    -16.26179750	     -6.16364823	     -6.23619232	     30.34033890	      0.52953881	     -2.57633739	      3.98291488	     -7.50174942	     18.42189796	      2.31266568	    -16.73020204	     18.76926869	      0.32758554	     -5.76752293	      3.76766826	     -7.50174942	    -16.49153110	     -5.55410826	      4.62304399	      6.63085597	     -7.12928796	    -18.25111052	     64.41279404	    104.21255332	     -5.71995848	     -4.82282649	    -39.72991523	     31.51288800	     88.89685654
      0.52000000	     -4.23107797	      6.02555795	     86.66185946	     -0.25126614	      0.94276756	      0.35409067	    -16.56247622	     -7.23636814	     -6.67291305	     31.96122381	      0.55782859	     -5.86731997	      3.07348567	     -7.50140975	     17.77907607	      3.63515142	    -15.03225148	     19.92227413	      0.34770928	     -5.46223431	      0.88099872	     -7.50140975	    -16.62419483	     -6.25675036	      3.81990066	      6.27524924	     -6.85697722	    -18.29008828	     63.90379069	    105.46179365	     -5.78865173	     -4.99175743	    -39.97186733	     30.86802858	     89.28432335
      0.53000000	     -4.61520856	      6.41380278	     87.10934714	     -0.25363391	      0.94381191	      0.33933809	    -16.69800888	     -7.76825329	     -6.74402542	     33.57728334	      0.58603415	    -10.22471462	      1.36120254	     -7.50128333	     17.05660897	      4.54570405	    -13.35598886	     21.09266361	      0.36813643	     -4.56732766	     -2.08460961	     -7.50128333	    -16.72212740	     -6.51537570	      3.23439817	      5.79229073	     -6.45977863	    -18.91424342	     63.61260774	    105.67802388	     -5.70519665	     -5.14451081	    -39.83049052	     30.09326255	     88.90458720
      0.54000000	     -4.98253791	      6.68508282	     87.51612051	     -0.25595494	      0.94485311	      0.32489429	    -16.42688780	     -8.30555092	     -6.69091238	     35.50627344	      0.61970138	    -15.20186050	     -0.64874399	     -7.50115255	     16.26086469	      5.44733647	    -11.94427157	     21.96545088	      0.38336944	     -3.13803413	     -2.89220632	     -7.50115255	    -16.73614873	     -6.74515682	      2.71868402	      5.25924050	     -6.08175447	    -19.54736517	     63.37984890	    105.42079919	     -5.50956324	     -5.22570681	    -39.89068840	     29.39460047	     88.22884359
      0.55000000	     -5.25382868	      6.62934819	     87.62765836	     -0.25786544	      0.94549534	      0.31124717	    -15.37234714	     -8.76682244	     -5.97689373	     37.80588801	      0.65983722	    -19.48325841	     -2.85887647	     -7.50106106	     15.75446346	      6.09633336	    -10.97285237	     22.59867340	      0.39442126	     -2.01774775	     -4.02082340	     -7.50106106	    -16.46743070	     -6.92233252	      2.50064445	      4.71685803	     -5.91592552	    -19.89788699	     63.19516565	    105.37957726	     -5.26579513	     -5.28075696	    -39.79474356	     28.79263501	     88.17044999
      0.56000000	     -5.51930220	      6.56867020	     87.58152349	     -0.25927034	      0.94626022	      0.29791233	    -14.07240910	     -9.18293845	     -4.95964746	     40.28851855	      0.70316730	    -22.52536940	     -3.67608232	     -7.50099228	     15.09222470	      6.64638839	    -10.45589523	     22.85755787	      0.39893964	     -1.13169222	     -5.11571020	     -7.50099228	    -16.24200106	     -7.15314684	      2.39735744	      4.17857758	     -5.79418731	    -20.06024737	     63.07763361	    105.06678800	     -5.02787288	     -5.31772173	    -39.71272850	     28.46228473	     87.96567599
      0.57000000	     -5.71835943	      6.38604884	     87.44723886	     -0.26022209	      0.94708104	      0.28523150	    -12.42929744	     -9.48888591	     -3.89378367	     42.93273297	      0.74931755	    -25.50227857	     -4.97396730	     -7.50094859	     14.41860116	      7.02983556	    -10.34863138	     22.78350122	      0.39764711	     -0.21601001	     -5.02965408	     -7.50094859	    -15.95497773	     -7.35602609	      2.25891256	      3.84266693	     -5.57921606	    -20.22340477	     62.81855250	    104.86569765	     -4.76722264	     -5.38104254	    -39.65017054	     28.22769182	     87.79246235
      0.58000000	     -5.75700780	      6.21222959	     87.13932059	     -0.26063912	      0.94822396	      0.27298085	    -10.63652805	     -9.77860483	     -3.12441933	     45.59722400	      0.79582169	    -28.92037330	     -6.83350179	     -7.50090440	     13.67379797	      7.13838590	    -10.56370047	     22.58855348	      0.39424463	      0.65142862	     -4.86326820	     -7.50090440	    -15.69965609	     -7.43673580	      2.25974635	      3.64672787	     -5.38976730	    -20.34491129	     62.40543777	    105.06537040	     -4.38457568	     -5.43802927	    -39.67699908	     27.94886687	     87.82203031
      0.59000000	     -5.93132416	      6.07482930	     86.80904598	     -0.26119819	      0.94951864	      0.26078954	     -8.77207064	    -10.15194849	     -2.20747294	     48.39214333	      0.84460223	    -31.41132883	     -8.89685686	     -7.50087638	     12.77384949	      7.41579579	    -10.87725583	     22.11824927	      0.38603627	      1.40905716	     -4.52428610	     -7.50087638	    -15.53188296	     -7.64794614	      2.26836489	      3.39583999	     -5.24308240	    -20.43764453	     62.13699642	    105.43522762	     -4.00144200	     -5.43984228	    -39.73226305	     27.88892252	     87.99330816
      0.60000000	     -5.94618418	      6.07791408	     86.37600535	     -0.26148718	      0.95133536	      0.24907073	     -6.97178347	    -10.50369791	     -1.69213230	     51.02659880	      0.89058216	    -32.46030391	    -10.56569910	     -7.50085371	     11.66602672	      7.50112446	    -11.33477381	     21.52681289	      0.37571376	      2.10671525	     -3.97224753	     -7.50085371	    -15.58282428	     -7.70747079	      2.29530903	      3.32124007	     -5.15670141	    -20.38249584	     61.76361077	    105.64941235	     -3.52210533	     -5.39138662	    -39.81681850	     27.88259107	     88.10353248
      0.61000000	     -5.90406799	      5.89881908	     85.89372340	     -0.26162925	      0.95304961	      0.23770102	     -4.91083167	    -10.72664961	     -1.11613975	     53.51389571	      0.93399368	    -32.42852463	    -12.88407367	     -7.50080820	     10.73671382	      7.49628932	    -11.91894293	     20.85284659	      0.36395083	      2.71333449	     -3.23558732	     -7.50080820	    -15.48300107	     -7.68033172	      2.33322319	      3.29774431	     -5.10050866	    -20.30345359	     61.38182319	    105.31644191	     -3.00460144	     -5.36099035	    -39.80968987	     27.85576964	     87.92351672
      0.62000000	     -5.93803194	      5.84144809	     85.55164443	     -0.26197947	      0.95498594	      0.22622164	     -3.06768825	    -11.04566534	     -0.94155682	     55.74237105	      0.97288791	    -30.74772389	    -15.55343156	     -7.50077686	      9.55838014	      7.66901698	    -12.26409467	     19.94528521	      0.34811090	      3.20633052	     -2.62983887	     -7.50077686	    -15.51827583	     -7.74102721	      2.24348439	      3.23645372	     -5.11325770	    -20.14552057	     60.91942106	    104.87622751	     -2.48613747	     -5.41578727	    -39.63204654	     27.87277513	     87.67821082
      0.63000000	     -5.87525024	      5.72114677	     85.17823018	     -0.26209744	      0.95681995	      0.21517628	     -1.05620561	    -11.14382170	     -0.72172673	     57.81914490	      1.00913445	    -27.92632856	    -18.26916179	     -7.50074685	      8.50298502	      7.71360228	    -12.56929043	     19.07758774	      0.33296672	      3.64957658	     -2.04840612	     -7.50074685	    -15.54804167	     -7.69163991	      2.16290893	      3.24838367	     -5.02185755	    -19.97091786	     60.55785838	    104.30738962	     -1.90655508	     -5.38628179	    -39.40324125	     28.10579528	     87.36188899
      0.64000000	     -5.95816529	      5.38722977	     84.28172501	     -0.26186455	      0.95811865	      0.20408786	      1.48824985	    -11.30241256	      0.15353162	     59.84777141	      1.04454066	    -25.67782934	    -21.47487387	     -7.50072507	      7.68455515	      7.81024180	    -13.80312714	     18.14009389	      0.31660436	      3.87073189	     -0.99438596	     -7.50072507	    -15.22602767	     -7.81271343	      2.53189363	      3.11773511	     -5.15237428	    -19.73943220	     60.38293219	    104.96577253	     -1.56562882	     -5.28198306	    -39.12985215	     28.62952666	     87.74370569
      0.65000000	     -5.82196092	      5.32095943	     84.16256768	     -0.26254187	      0.95985051	      0.19347982	      3.40189733	    -11.20584418	      0.21741315	     61.29117252	      1.06973276	    -23.05502019	    -24.40046560	     -7.50071436	      6.66933934	      7.84585530	    -13.86784676	     17.42455208	      0.30411580	      4.24466033	     -0.53976651	     -7.50071436	    -15.42469417	     -7.57630428	      2.20193008	      3.19688258	     -5.23014586	    -19.61582625	     60.09886966	    104.93279386	     -0.84573144	     -5.33096128	    -38.82113549	     28.77751714	     87.74545521
      0.66000000	     -5.68875566	      4.79035270	     83.71518561	     -0.26235480	      0.96064166	      0.18267491	      5.97679339	    -10.90298758	      0.64962416	     62.71348137	      1.09455674	    -21.11181997	    -27.67102074	     -7.50059406	      6.23699596	      7.66618372	    -14.74324106	     16.93615372	      0.29559164	      4.77776730	      0.80131578	     -7.50059406	    -14.96519147	     -7.42816112	      2.29782610	      3.06067917	     -5.14062985	    -19.72682715	     59.87029782	    106.16495996	     -0.68513540	     -5.60927500	    -37.01440605	     29.51827842	     88.05029037
      0.67000000	     -5.60964953	      4.62596413	     83.52695821	     -0.26275667	      0.96200888	      0.17162453	      7.95273264	    -10.82078742	      0.62923566	     63.58425665	      1.10975463	    -18.81080145	    -29.86844216	     -7.50055078	      5.26977375	      7.77825012	    -14.85880756	     16.10430192	      0.28107309	      4.95034339	      1.20716051	     -7.50055078	    -14.96729822	     -7.27338758	      2.24568432	      2.74398582	     -5.30189083	    -19.61349618	     59.95359281	    105.70951046	     -0.05158609	     -5.64774464	    -36.33057729	     29.96522197	     87.18762788
      0.68000000	     -5.48176373	      4.49939168	     83.47526178	     -0.26332013	      0.96331837	      0.16056656	      9.76017048	    -10.72239567	      0.39343705	     64.13447069	      1.11935768	    -16.49855082	    -31.40875819	     -7.50053210	      4.29064663	      7.83997276	    -14.90552337	     15.35595084	      0.26801190	      5.13009553	      1.66790030	     -7.50053210	    -14.95591427	     -7.05792876	      1.91924856	      2.63539707	     -5.37205164	    -19.53310085	     59.72517636	    105.63584068	      0.51891491	     -5.70276827	    -35.88357991	     30.42882600	     86.91019264
      0.69000000	     -5.26027357	      4.44339750	     83.44576978	     -0.26370691	      0.96462310	      0.14951904	     11.37466707	    -10.45666030	      0.16188374	     64.31963389	      1.12258939	    -13.90819913	    -32.15307313	     -7.50048325	      3.19557162	      7.79484339	    -14.98208064	     14.55943106	      0.25411001	      5.23387525	      2.24849883	     -7.50048325	    -15.06599653	     -6.74758206	      1.70110845	      2.38109013	     -5.54938210	    -19.32419646	     59.68203906	    104.57285276	      1.11420435	     -5.85491160	    -34.86990598	     30.89048321	     85.78476359
      0.70000000	     -5.03565239	      4.48440035	     83.55753987	     -0.26430245	      0.96591859	      0.13855655	     12.78644153	    -10.27394288	     -0.30828994	     64.22021629	      1.12085422	    -11.15554715	    -32.36156016	     -7.50045665	      1.93210565	      7.81319406	    -14.73615198	     13.61019165	      0.23754266	      5.48491098	      2.88002539	     -7.50045665	    -15.33092201	     -6.41004646	      1.39101460	      2.10639823	     -5.64185893	    -19.44473780	     59.88484337	    104.56099860	      1.75180857	     -6.01400589	    -33.87296355	     31.44093788	     85.68383694
      0.71000000	     -4.64296355	      4.39320683	     83.67872900	     -0.26474983	      0.96691060	      0.12777916	     14.21107318	     -9.81982693	     -0.76533947	     63.73143380	      1.11232336	     -9.13695315	    -32.41582572	     -7.50036982	      0.95794761	      7.55017185	    -14.65712188	     13.01916739	      0.22722734	      5.84749552	      3.62124667	     -7.50036982	    -15.48499310	     -5.89309102	      1.14685867	      1.80478070	     -5.81328828	    -19.48598203	     60.00417222	    105.00119133	      2.23368278	     -6.34931860	    -32.10186093	     32.21740572	     85.76132425
      0.72000000	     -4.27144497	      4.13661771	     83.97357728	     -0.26533965	      0.96763959	      0.11707491	     15.70153314	     -9.32725201	     -1.27427768	     62.94527074	      1.09860222	     -7.55609689	    -32.40710176	     -7.50036522	      0.19079113	      7.29082765	    -14.26668170	     12.45647437	      0.21740649	      6.05575131	      3.88263831	     -7.50036522	    -15.44166896	     -5.36258910	      0.75719032	      1.54015854	     -5.91234028	    -19.59463747	     59.99090316	    104.94977803	      3.09095285	     -6.35774172	    -31.91232328	     32.63584188	     85.80165308
      0.73000000	     -3.89642348	      4.15193756	     84.36984286	     -0.26595794	      0.96846768	      0.10661629	     16.74417606	     -9.00216944	     -2.14943402	     61.75693968	      1.07786193	     -5.85441783	    -31.74755443	     -7.50034611	     -0.79935527	      6.98879032	    -14.07795102	     12.02579701	      0.20988975	      6.41436314	      4.62904114	     -7.50034611	    -15.74614102	     -4.82637735	      0.27171939	      1.34730339	     -5.96599028	    -19.75100359	     60.05320580	    104.53240280	      4.04032405	     -6.56149655	    -31.19224191	     32.85513690	     85.61135680
      0.74000000	     -3.62012344	      4.17349458	     84.55198214	     -0.26640379	      0.96904605	      0.09600401	     17.76286010	     -8.70129121	     -2.72977247	     60.29744691	      1.05238898	     -4.69928027	    -31.10689727	     -7.50031739	     -1.80050199	      6.77934239	    -14.26681823	     11.54483517	      0.20149539	      6.72966475	      5.57444771	     -7.50031739	    -16.03244304	     -4.43892201	      0.06857101	      0.99806230	     -6.08684187	    -19.99894172	     60.34093105	    104.10542803	      4.86847249	     -6.72278457	    -30.23208075	     33.46116544	     85.44718766
      0.75000000	     -3.37066165	      4.21730229	     84.87314783	     -0.26702837	      0.96938223	      0.08532605	     18.59803650	     -8.50053321	     -3.53626401	     58.51279024	      1.02124084	     -3.98987222	    -30.18330763	     -7.50027965	     -2.78751640	      6.59012347	    -14.26492215	     11.17838929	      0.19509970	      7.13477035	      6.52038391	     -7.50027965	    -16.31467562	     -4.05846577	     -0.30515543	      0.69041574	     -6.19738881	    -20.22161174	     60.55888176	    103.70735872	      5.58873434	     -6.99016416	    -29.07028106	     34.10035610	     85.22434613
      0.76000000	     -3.16970912	      4.18635854	     85.20802034	     -0.26751374	      0.96952825	      0.07465056	     19.41156081	     -8.30490580	     -4.35309119	     56.42108383	      0.98473368	     -3.26687891	    -29.24949318	     -7.50026816	     -3.66706380	      6.40208037	    -14.47431126	     10.82017326	      0.18884765	      7.34218102	      7.37658185	     -7.50026816	    -16.48872970	     -3.71821125	     -0.70403609	      0.50042238	     -6.21611729	    -20.59050517	     60.50572118	    103.70483564	      6.56548297	     -7.16202947	    -28.57383946	     34.32501050	     85.30326636
      0.77000000	     -3.07923250	      4.34116639	     85.52364199	     -0.26815629	      0.96948736	      0.06386660	     19.92263442	     -8.26769990	     -5.18062195	     54.01867722	      0.94280378	     -2.31307814	    -28.12652993	     -7.50025097	     -4.76460565	      6.36593242	    -14.68369797	     10.47008013	      0.18273737	      7.82963671	      8.60274544	     -7.50025097	    -16.83982413	     -3.51368614	     -1.06284611	      0.15315624	     -6.27542352	    -20.90074033	     60.79901575	    104.20153820	      7.41331978	     -7.36828337	    -27.71172283	     34.90056948	     86.07661515
      0.78000000	     -3.38469097	      3.82564769	     85.81074144	     -0.26863952	      0.96811890	      0.05326186	     21.29405816	     -8.51367112	     -5.74976684	     51.64997104	      0.90146205	     -1.89468778	    -27.65872912	     -7.50024367	     -4.95744673	      6.69981163	    -14.64954917	     10.36436310	      0.18089226	      8.18845722	      8.49564506	     -7.50024367	    -16.35596401	     -3.72727579	     -1.59895720	     -0.16369623	     -6.24688808	    -20.96381568	     60.73594834	    103.63535986	      8.06999945	     -7.54106285	    -27.51092036	     35.49214342	     85.68276695
      0.79000000	     -2.99646733	      4.61301906	     86.31638608	     -0.26927465	      0.96898176	      0.04207133	     20.58673997	     -8.21899080	     -7.05229413	     48.33480565	      0.84360150	     -1.07959476	    -26.04487162	     -7.50023710	     -6.81485643	      6.32782766	    -14.87640873	      9.95424200	      0.17373430	      8.27049307	      9.98891455	     -7.50023710	    -17.39265596	     -3.18433845	     -2.05507777	     -0.18816003	     -6.22405617	    -21.58197250	     60.55265030	    103.91060800	      9.12558438	     -7.78959545	    -26.45984758	     35.65162412	     86.19732165
      0.80000000	     -3.06026973	      4.87389552	     86.69837349	     -0.27000877	      0.96843727	      0.03095979	     20.66115341	     -8.31194389	     -8.02704876	     45.19459739	      0.78879453	     -0.36691130	    -24.79657056	     -7.50022931	     -8.12429539	      6.44390784	    -15.26314807	      9.38688861	      0.16383211	      8.51274358	     11.41340696	     -7.50022931	    -17.82992056	     -3.11911400	     -2.45538292	     -0.52166257	     -6.24345174	    -22.03454893	     60.75565167	    104.11731901	      9.91532591	     -8.04304757	    -25.53710881	     36.21883711	     86.58864785
      0.81000000	     -3.14873649	      5.00271218	     87.11641823	     -0.27041577	      0.96759961	      0.02004526	     20.86125396	     -8.35822521	     -9.00602354	     41.99419942	      0.73293705	      0.06717819	    -23.60043196	     -7.50021989	     -9.07329208	      6.52000733	    -15.29746925	      9.26855456	      0.16176679	      8.83720835	     12.06680094	     -7.50021989	    -18.08271784	     -3.10246736	     -2.93925163	     -0.75364906	     -6.18797232	    -22.34584007	     60.70069219	    103.94394154	     10.81991232	     -8.31049537	    -24.69963274	     36.54351342	     86.76465914
      0.82000000	     -3.24597939	      5.23459676	     87.63811083	     -0.27091928	      0.96668329	      0.00886150	     20.74966258	     -8.45676562	    -10.30751120	     38.48596205	      0.67170675	      0.76285662	    -21.76056956	     -7.50021117	    -10.19612728	      6.57627771	    -15.43372828	      9.06794004	      0.15826541	      9.24503885	     12.96788129	     -7.50021117	    -18.42627411	     -3.06307807	     -3.48056180	     -1.03107824	     -6.09203261	    -22.78333931	     60.74060756	    103.95437641	     11.61451677	     -8.61386748	    -23.78994504	     36.95604818	     87.13273474
      0.83000000	     -3.42886856	      5.37846905	     88.10784745	     -0.27137947	      0.96553187	     -0.00219376	     20.75511538	     -8.56750728	    -11.49990238	     35.01706274	      0.61116304	      1.32224954	    -19.27853121	     -7.50020293	    -11.16394677	      6.71597954	    -15.52655746	      8.96048989	      0.15639005	      9.49206996	     13.63117868	     -7.50020293	    -18.68700603	     -3.11951482	     -4.00349896	     -1.28404511	     -6.00302148	    -23.20711264	     60.75858839	    104.00324778	     12.39319494	     -8.95077678	    -22.83066163	     37.46259348	     87.49286028
      0.84000000	     -3.53811417	      5.12337821	     88.39382345	     -0.27117246	      0.96370785	     -0.01324559	     21.22894626	     -8.39500074	    -12.33740647	     31.61299546	      0.55175086	      1.45885447	    -16.90839452	     -7.50020057	    -11.64252072	      6.74384565	    -15.63208814	      9.00823918	      0.15722343	      9.92217371	     13.85461937	     -7.50020057	    -18.45882983	     -3.16637964	     -4.35754439	     -1.55902791	     -5.89697969	    -23.49485292	     60.67857748	    104.14288492	     13.00365411	     -9.18918662	    -22.33564422	     37.84278680	     87.75194321
      0.85000000	     -3.60916891	      5.51403719	     89.08171810	     -0.27132584	      0.96276302	     -0.02441971	     20.81491109	     -8.39179486	    -13.94054590	     28.25276944	      0.49310385	      2.41461372	    -12.21326900	     -7.50012605	    -12.77377725	      6.62277603	    -15.62744904	      9.17760234	      0.16017938	     10.22166881	     14.66346641	     -7.50012605	    -19.00446520	     -3.10416959	     -5.03983355	     -1.73980544	     -5.71134699	    -23.92977243	     60.60231185	    105.01052523	     13.82465991	     -9.75376333	    -20.87394175	     38.35681989	     89.01740748
      0.86000000	     -3.70846930	      5.48698491	     89.38065120	     -0.27096490	      0.96108389	     -0.03533085	     20.99568532	     -8.18238203	    -14.95839767	     25.05950194	      0.43737082	      2.51315621	     -8.22706994	     -7.50008635	    -13.47283760	      6.61574732	    -15.70280390	      9.22920671	      0.16108004	     10.62080308	     14.94546839	     -7.50008635	    -19.06472672	     -3.16171726	     -5.31336188	     -1.90137525	     -5.47240926	    -24.51766820	     60.45105292	    104.69862757	     14.58501335	    -10.00414060	    -20.03529755	     38.66564725	     88.65729032
      0.87000000	     -3.70001748	      5.46753419	     89.77038804	     -0.27052609	      0.95943831	     -0.04638984	     21.08466167	     -7.83617137	    -16.00108875	     22.05499692	      0.38493231	      2.74218868	     -3.95496892	     -7.50007229	    -14.18066103	      6.47756867	    -15.38404077	      9.31499882	      0.16257740	     10.76984454	     14.50260741	     -7.50007229	    -19.11570178	     -3.08696348	     -5.65087136	     -2.14080055	     -5.37780442	    -24.61480272	     60.29684408	    100.65002604	     15.25616595	    -10.26947392	    -18.83127153	     39.05250609	     84.99523773
      0.88000000	     -3.69522506	      5.15678605	     89.97168502	     -0.26918265	      0.95729082	     -0.05731040	     21.59906358	     -7.30084874	    -16.30661207	     19.42574433	      0.33904320	      3.15245446	     -0.38391065	     -7.50002793	    -14.28260000	      6.17123584	    -15.86384840	     10.01110889	      0.17472681	     11.39224713	     15.38442858	     -7.50002793	    -18.87796850	     -3.11454139	     -5.88571406	     -2.16455874	     -5.03170583	    -25.23845825	     59.96998753	    104.70404117	     15.97437322	    -10.48623420	    -19.16258516	     39.27663341	     91.02466711
      0.89000000	     -3.67607837	      4.88464923	     90.06429897	     -0.26810850	      0.95519332	     -0.06821644	     22.05302895	     -6.80587278	    -16.73352697	     17.11101342	      0.29864352	      3.18326831	      2.92953069	     -7.50002539	    -14.61746525	      5.98751598	    -15.99719767	     10.22212839	      0.17840980	     11.53269158	     15.54851484	     -7.50002539	    -18.63323706	     -3.11698811	     -5.97840064	     -2.23418869	     -4.89283780	    -25.43956750	     59.63792890	    102.12256562	     16.55666869	    -10.69518804	    -18.21138459	     39.61941449	     87.87008600
      0.90000000	     -3.45355671	      4.53666347	     90.33973323	     -0.26657860	      0.95289548	     -0.07920720	     22.36313923	     -6.10343110	    -17.29033385	     14.81051239	      0.25849221	      3.16004365	      6.04970802	     -7.50002525	    -14.51490205	      5.41224227	    -15.73615765	     11.23436321	      0.19607663	     12.21663712	     15.50324949	     -7.50002525	    -18.32559855	     -2.91495910	     -6.14992863	     -2.34640965	     -4.66293613	    -25.74362767	     59.35319377	    102.60302604	     17.12916492	    -10.89265152	    -17.80287555	     39.90997706	     88.08128129
      0.91000000	     -3.28457249	      4.17625315	     90.43237018	     -0.26482322	      0.95060496	     -0.09025893	     22.71177684	     -5.38541840	    -17.35058594	     13.03309431	      0.22747041	      2.54126739	      7.49866492	     -7.50002487	    -14.43134973	      4.92145077	    -15.71416872	     12.16491855	      0.21231788	     12.61496236	     15.38196175	     -7.50002487	    -17.95752437	     -2.80349776	     -6.22690291	     -2.34279159	     -4.37656403	    -26.12906344	     58.94706197	    103.25482221	     17.66885044	    -11.06231136	    -17.51118077	     40.05216720	     88.49542202
      0.92000000	     -3.05718822	      3.79209130	     90.55813603	     -0.26318296	      0.94816158	     -0.10168605	     22.95217961	     -4.67193296	    -17.69278274	     11.40112915	      0.19898724	      2.09719229	      9.34542229	     -7.50002335	    -14.16725619	      4.30245251	    -15.80748552	     13.48425627	      0.23534467	     13.06932855	     15.63855411	     -7.50002335	    -17.50509985	     -2.62324603	     -6.20347139	     -2.44048969	     -4.20982453	    -26.41504942	     58.61979013	    103.58817675	     18.10952146	    -11.09777788	    -17.33699055	     40.32514033	     88.77313780
      0.93000000	     -2.90183521	      3.61594384	     90.73344067	     -0.26194967	      0.94602616	     -0.11370995	     23.15572614	     -4.21831181	    -17.89517333	     10.93083268	      0.19077902	      1.69158620	      9.96264504	     -7.50002197	    -14.20763336	      3.82199309	    -15.45896918	     14.67666240	      0.25615608	     13.24492506	     15.27019698	     -7.50002197	    -17.22185690	     -2.43964866	     -6.16909926	     -2.66673599	     -4.13587122	    -26.65507946	     58.45902554	    103.28532039	     18.56018460	    -11.02473279	    -17.16812171	     40.37958618	     88.53221635
      0.94000000	     -2.81119151	      3.64007752	     90.92100420	     -0.26109894	      0.94405221	     -0.12625390	     23.31692296	     -3.99259340	    -17.86833707	     11.43400176	      0.19956098	      1.80595083	     10.03414991	     -7.50002054	    -14.64223937	      3.53258699	    -14.59940797	     15.52321062	      0.27093114	     13.08539702	     14.35817706	     -7.50002054	    -17.04731686	     -2.26816447	     -6.21229047	     -2.92607515	     -4.17083273	    -26.68645774	     58.39670085	    102.94314071	     18.83022676	    -10.86958757	    -17.15060657	     40.52538887	     88.12788555
      0.95000000	     -2.69521044	      3.76338295	     91.15186682	     -0.26050220	      0.94231798	     -0.13933055	     23.28027254	     -3.80130054	    -17.63518296	     12.33537504	      0.21529291	      1.81495371	      9.56009431	     -7.50001918	    -15.13293729	      3.18988218	    -13.75033192	     16.51203676	      0.28818941	     12.81656295	     13.51885803	     -7.50001918	    -16.94319022	     -2.01482698	     -6.18195735	     -3.28358688	     -4.24781636	    -26.80903820	     58.45908163	    102.53538623	     19.02993305	    -10.54055516	    -17.20433985	     40.69647036	     87.74061728
      0.96000000	     -2.55829819	      3.98463678	     91.27118365	     -0.25997090	      0.94073814	     -0.15264323	     23.01985478	     -3.56315090	    -17.19566519	     13.37158432	      0.23337817	      1.53408514	      8.59733834	     -7.50001777	    -15.74853388	      2.86605674	    -13.01831542	     17.46655560	      0.30484890	     12.23321096	     12.80966593	     -7.50001777	    -16.89206272	     -1.72506596	     -6.09142192	     -3.62779889	     -4.49398646	    -26.64572173	     58.52466314	    102.26884235	     19.09515698	    -10.18364079	    -17.38894890	     40.89188406	     87.27064932
      0.97000000	     -2.35863390	      4.24653120	     91.43123270	     -0.25919423	      0.93933106	     -0.16639002	     22.54638816	     -3.21541506	    -16.28590795	     14.44970085	      0.25219486	      0.44421649	      6.79884871	     -7.50001126	    -16.40463011	      2.43020726	    -12.28327907	     18.44115558	      0.32185888	     11.53054435	     12.03420573	     -7.50001126	    -16.87212840	     -1.34811420	     -5.98523864	     -3.96820143	     -4.52380679	    -26.87775189	     58.70941262	    103.53023999	     19.07726406	     -9.77676125	    -17.99287622	     41.10737353	     90.05756955
      0.98000000	     -2.18532559	      4.64879058	     91.44569451	     -0.25863903	      0.93826327	     -0.18022391	     22.00686708	     -2.89295952	    -15.60612432	     15.54173903	      0.27125452	     -2.67387677	      4.19964923	     -7.50001022	    -17.21502994	      2.13471615	    -11.53400223	     19.35742290	      0.33785076	     10.47986685	     10.87863969	     -7.50001022	    -16.96314128	     -0.99469403	     -5.78727179	     -4.30929236	     -4.87400157	    -26.49389072	     58.89486185	    102.37526406	     18.96043590	     -9.31750713	    -18.28341413	     41.25083645	     88.74963342
      0.99000000	     -1.82442109	      5.01873084	     91.35416567	     -0.25752513	      0.93769876	     -0.19390390	     21.61598788	     -2.28042245	    -14.05259255	     16.70928890	      0.29163211	     -5.01783461	      1.16563081	     -7.50000920	    -17.85111443	      1.57008656	    -11.11710215	     20.50728428	      0.35791963	      9.14602557	     10.28500867	     -7.50000920	    -17.08763488	     -0.48123800	     -5.44331756	     -4.49337570	     -5.10587565	    -26.31948244	     58.94490447	    102.12681408	     18.79237393	     -8.83366466	    -18.69915574	     41.49090954	     88.06484626
      1.00000000	     -1.69382802	      5.18938058	     90.98054435	     -0.25613540	      0.93734986	     -0.20699844	     21.52345363	     -1.91924766	    -12.57903348	     18.11970920	      0.31624859	     -5.81065630	     -0.19877876	     -7.50000855	    -18.13342354	      1.51389945	    -10.31431653	     21.80234821	      0.38052276	      7.30225702	      8.18082184	     -7.50000855	    -17.10701124	     -0.28396745	     -4.85098264	     -4.51521870	     -5.33349360	    -26.14302805	     58.83984160	    101.89343023	     18.67074437	     -8.32036732	    -19.19986711	     41.58662970	     87.10025013
      1.01000000	     -1.20068969	      5.46384138	     90.63525522	     -0.25426607	      0.93787007	     -0.22023400	     21.18585788	     -1.05845247	    -10.70266356	     19.38026216	      0.33824938	     -6.74729286	     -2.54057750	     -7.50000550	    -18.32401805	      0.90310283	    -10.04361149	     23.42450342	      0.40883471	      5.07067618	      6.54907282	     -7.50000550	    -17.22999752	      0.27399505	     -4.33058417	     -4.31192850	     -5.45537270	    -26.07262200	     58.46467568	    103.49046817	     18.41682833	     -7.83390789	    -20.26023308	     41.75172337	     90.54323884
      1.02000000	     -0.47324966	      5.91046204	     90.38195979	     -0.25191413	      0.93892662	     -0.23380224	     20.53462771	      0.08245843	     -9.10788340	     20.62072864	      0.35989961	     -7.04310115	     -5.45337615	     -7.50000519	    -18.53219253	     -0.23615679	    -10.32994250	     25.31736028	      0.44187129	      2.43976242	      5.91626566	     -7.50000519	    -17.48751734	      1.00814359	     -3.84944919	     -4.11365477	     -5.55595039	    -25.78882250	     58.00497564	    102.87916006	     18.06571991	     -7.42883276	    -20.87420977	     41.86601447	     89.36471245
      1.03000000	      0.12322740	      6.40899346	     90.03364174	     -0.24950736	      0.94060646	     -0.24729630	     19.68302748	      1.11975726	     -7.83298539	     21.58005580	      0.37664303	     -6.61206960	     -7.69810834	     -7.50000455	    -18.68226204	     -1.02857204	    -10.19978570	     27.29341526	      0.47635996	     -0.73377837	      4.06504404	     -7.50000455	    -17.84197816	      1.57619371	     -3.33635994	     -3.80016851	     -5.61920710	    -25.52891682	     57.46969688	    102.61955130	     17.63102983	     -7.03832783	    -21.61927563	     41.98249685	     89.39210587
      1.04000000	      0.58452614	      6.93910451	     89.78875563	     -0.24732075	      0.94254383	     -0.26046806	     18.76258459	      1.97093145	     -6.70409846	     22.64604857	      0.39524811	     -5.57199533	     -9.01672739	     -7.50000417	    -18.55927531	     -1.66083819	     -9.73655984	     29.59885072	      0.51659740	     -4.71839101	      1.86280588	     -7.50000417	    -18.23551170	      2.03407494	     -2.98748522	     -3.43117360	     -5.65924444	    -25.16567138	     57.04031867	    102.16568175	     17.16328567	     -6.78780974	    -22.13927932	     42.09035833	     88.85783768
      1.05000000	      1.14218202	      7.32964548	     89.81074230	     -0.24552075	      0.94457983	     -0.27348192	     17.72777941	      2.78258960	     -6.28816982	     23.23636123	      0.40555101	     -4.46260776	     -9.26206281	     -7.50000388	    -17.88606132	     -2.51755248	     -9.07770709	     32.38249474	      0.56518115	     -9.10081172	     -1.00900935	     -7.50000388	    -18.50974124	      2.63425021	     -2.80791600	     -3.03390968	     -5.50172787	    -25.19340085	     56.65694965	    101.45264411	     16.57750779	     -6.48259041	    -22.53726292	     42.43999057	     87.87600385
      1.06000000	      1.69290750	      7.43135578	     89.72659918	     -0.24340827	      0.94593611	     -0.28607674	     17.06156761	      3.59804859	     -5.79083480	     23.84837991	      0.41623275	     -3.55145367	    -10.26260376	     -7.50000358	    -16.57794724	     -3.42854930	     -8.55696755	     35.58782195	      0.62112467	    -13.81450344	     -2.71784321	     -7.50000358	    -18.49605896	      3.16961491	     -2.34575287	     -2.89866863	     -5.56970912	    -24.93037594	     56.52533731	    100.97899029	     16.20613019	     -6.15607743	    -22.84634202	     42.30171846	     87.05426937
      1.07000000	      2.01086794	      7.54073854	     89.70363435	     -0.24155104	      0.94740085	     -0.29871596	     16.28816941	      4.11577231	     -5.46224161	     24.31409750	      0.42436106	     -2.29001142	    -10.33138777	     -7.50000340	    -15.25667863	     -4.07751767	     -7.88739348	     38.59687366	      0.67364253	    -17.22741070	     -2.74033839	     -7.50000340	    -18.38197429	      3.47645574	     -2.14787382	     -2.59122526	     -5.53718724	    -24.54987121	     56.20791646	    100.26756473	     15.76513146	     -6.09230623	    -22.89298009	     41.96965697	     86.55006591
      1.08000000	      2.54319744	      7.41834342	     90.07486111	     -0.24070220	      0.94858611	     -0.31058846	     15.65032474	      4.67391101	     -5.85127303	     24.42844745	      0.42635684	     -1.69932001	    -10.42582434	     -7.50000316	    -13.24234768	     -4.84257882	     -6.46176375	     42.13674565	      0.73542495	    -20.45828463	     -4.63456942	     -7.50000316	    -18.19882447	      4.16029519	     -2.05439981	     -2.45857606	     -5.62387726	    -24.35267318	     56.43547267	    100.54040643	     15.47030990	     -5.71776300	    -23.33877733	     41.73734817	     86.53720402
      1.09000000	      2.84967560	      7.10297887	     90.29850094	     -0.24005313	      0.94967227	     -0.32191622	     15.11743358	      4.88046237	     -6.75051462	     24.24403867	      0.42313830	     -0.74475484	     -9.42167806	     -7.50000245	    -10.94255260	     -5.32185279	     -5.47369953	     45.63932622	      0.79655651	    -23.43815367	     -6.73854006	     -7.50000245	    -17.85581360	      4.60753580	     -1.89745981	     -2.09110929	     -5.56177761	    -24.74002385	     56.49608028	    105.60336583	     15.30532218	     -5.19995778	    -24.49520103	     41.27692937	     90.00564723
      1.10000000	      3.18186684	      7.26377755	     90.41365917	     -0.23909949	      0.95147125	     -0.33335672	     13.97360195	      5.29899112	     -6.94358664	     23.91618997	      0.41741626	      0.17418745	     -9.06337760	     -7.50000238	     -9.27971313	     -5.93310408	     -5.00520926	     48.76121236	      0.85104370	    -26.50355914	     -8.01202779	     -7.50000238	    -18.04537475	      4.97267906	     -1.49505081	     -1.83269897	     -5.67386081	    -24.56058130	     56.62575074	    104.99083682	     15.15980612	     -4.93635637	    -24.41633811	     40.84865994	     89.69872957
      1.11000000	      3.38000539	      6.87544768	     90.95508399	     -0.23924746	      0.95275282	     -0.34454247	     13.40752004	      5.30049904	     -8.17150377	     23.52479988	      0.41058521	      0.82541821	     -7.84930176	     -7.50000225	     -6.77230313	     -6.29573096	     -4.03928100	     51.99769810	      0.90753104	    -30.11224716	    -12.19443899	     -7.50000225	    -17.60390200	      5.39147772	     -1.51074251	     -1.81765438	     -5.75994782	    -24.46262348	     57.19550456	    104.76383130	     14.95377876	     -4.53191827	    -24.72321851	     40.30576306	     89.75975785
      1.12000000	      3.37077075	      7.18023855	     90.96551431	     -0.23821139	      0.95533704	     -0.35507806	     11.88164914	      5.40248146	     -8.35085545	     22.63026801	      0.39497269	      1.32824487	     -7.36864139	     -7.50000228	     -5.24794602	     -6.55172827	     -3.96334575	     54.61326435	      0.95318128	    -32.32960327	    -13.40961216	     -7.50000228	    -18.14556202	      5.30242562	     -0.95589360	     -1.36395474	     -5.83039615	    -24.38101558	     57.25573470	    105.27981158	     15.05601915	     -4.30157090	    -24.75422840	     39.87819732	     90.06900643
      1.13000000	      3.56100505	      6.47669578	     91.77192980	     -0.23852663	      0.95636963	     -0.36581746	     11.61622990	      5.39165361	     -9.79468053	     22.09933526	      0.38570616	      2.01683936	     -5.84536298	     -7.50000221	     -2.27549246	     -6.94530940	     -3.02833257	     57.43370530	      1.00240726	    -34.26312855	    -17.57041712	     -7.50000221	    -17.34655887	      5.73189464	     -1.18707789	     -1.32309870	     -5.80306146	    -24.44348267	     57.76876704	    105.19958379	     14.94163061	     -3.92956028	    -25.19753229	     38.91630560	     90.29317497
      1.14000000	      3.58220092	      6.52668855	     92.00271744	     -0.23799917	      0.95860923	     -0.37607112	     10.35385806	      5.49797007	    -10.14729124	     21.13971470	      0.36895762	      2.54557501	     -5.18768760	     -7.50000220	     -0.40732664	     -7.15049844	     -2.89013262	     59.66796108	      1.04140238	    -33.68587189	    -20.00697904	     -7.50000220	    -17.56971162	      5.75987817	     -0.88799393	     -0.85203686	     -5.92142912	    -24.33390609	     57.93640522	    105.42206320	     14.89846283	     -3.76375631	    -25.21197895	     38.37550539	     90.48375292
      1.15000000	      3.59090632	      5.84071216	     92.56362167	     -0.23784851	      0.95946039	     -0.38604673	     10.15372846	      5.39456967	    -11.18212914	     20.66525686	      0.36067677	      3.04737753	     -3.90704767	     -7.50000208	      2.50756143	     -7.24223995	     -2.41076226	     62.00562310	      1.08220228	    -31.79705031	    -22.46557464	     -7.50000208	    -16.91683267	      5.79234154	     -0.90611740	     -0.74157954	     -5.99051896	    -24.06049023	     58.39774404	    104.77612133	     14.71265243	     -3.59054572	    -25.37856796	     37.80935158	     90.33244769
      1.16000000	      3.51610458	      5.51191835	     92.79247547	     -0.23730041	      0.96096589	     -0.39620389	      9.48068585	      5.38185146	    -11.41479116	     20.04005867	      0.34976501	      3.46518654	     -3.21846080	     -7.50000198	      4.76941107	     -7.23462337	     -2.34268000	     63.75513381	      1.11273700	    -28.76750088	    -24.46261857	     -7.50000198	    -16.70610765	      5.69767749	     -0.66968086	     -0.42239059	     -6.13911952	    -23.78986339	     58.71010557	    104.35750708	     14.61743091	     -3.43152721	    -25.51748204	     37.12554297	     90.24582937
      1.17000000	      3.20938925	      5.36320302	     92.92318670	     -0.23681339	      0.96271360	     -0.40590351	      8.69885029	      5.15277152	    -11.31801689	     19.54715186	      0.34116216	      3.93272909	     -2.94757001	     -7.50000191	      6.80205908	     -6.79852495	     -2.22019466	     65.21020886	      1.13813285	    -25.30602986	    -26.11645021	     -7.50000191	    -16.82513475	      5.32423869	     -0.48170789	      0.15227330	     -6.18414898	    -23.56371029	     59.00810409	    103.55346758	     14.32000947	     -3.44521471	    -25.44634794	     36.90074960	     89.77376415
      1.18000000	      2.94677336	      5.17611588	     93.11534767	     -0.23619095	      0.96432291	     -0.41559580	      7.97062563	      4.98333229	    -11.34380021	     19.04247235	      0.33235384	      4.29189749	     -2.73484460	     -7.50000188	      8.90598681	     -6.51193218	     -2.27209904	     66.41307298	      1.15912679	    -22.10677623	    -27.63128209	     -7.50000188	    -16.88517250	      4.97807504	     -0.31842129	      0.62410867	     -6.22779334	    -23.30674581	     59.41498275	    103.39854683	     14.15330326	     -3.46331424	    -25.44053201	     36.58582524	     89.66173993
      1.19000000	      2.99471382	      4.59589065	     93.36263114	     -0.23561166	      0.96495042	     -0.42561069	      7.62771762	      5.13942364	    -11.44837449	     18.45502246	      0.32210091	      4.73857501	     -2.45507958	     -7.50000180	     11.45272682	     -6.58432773	     -2.25516724	     67.34338015	      1.17536371	    -19.07538842	    -28.31590967	     -7.50000180	    -16.34601027	      4.97737049	     -0.23333028	      0.90579197	     -6.44896180	    -22.69818080	     59.80405503	    103.17337230	     13.71090711	     -3.49893825	    -25.45404762	     36.14531792	     89.56581776
      1.20000000	      2.64504910	      4.49298787	     93.32742777	     -0.23473659	      0.96647455	     -0.43541075	      6.79399053	      4.94670025	    -11.05721013	     17.96347543	      0.31352179	      4.95092526	     -2.33936673	     -7.50000180	     13.20922825	     -6.21340391	     -2.58975399	     67.62222369	      1.18023045	    -17.00730994	    -29.57620557	     -7.50000180	    -16.51363267	      4.49444682	     -0.01935142	      1.45132366	     -6.47892063	    -22.49852021	     60.21697970	    103.27787586	     13.36244258	     -3.63309202	    -25.51528022	     35.88342686	     89.60058356
      1.21000000	      2.36650343	      4.20686885	     93.00809732	     -0.23363119	      0.96741515	     -0.44555177	      6.19960508	      4.80679005	    -10.61997148	     17.55553949	      0.30640197	      5.51398132	     -2.18901813	     -7.50000175	     15.00523832	     -5.99754939	     -3.31792494	     67.61704648	      1.18014009	    -14.53053295	    -29.93269542	     -7.50000175	    -16.37950881	      4.03379264	      0.46555811	      1.84956307	     -6.66892495	    -21.90168152	     60.58960553	    103.12147719	     12.87091331	     -3.68646007	    -25.65615678	     35.68956482	     89.48208359
      1.22000000	      2.02578985	      4.12944020	     92.86276774	     -0.23250408	      0.96856087	     -0.45596355	      5.31297342	      4.66021544	    -10.02990515	     17.07400257	      0.29799756	      5.95508763	     -2.26531562	     -7.50000171	     16.42236256	     -5.73561208	     -3.94246076	     67.19808799	      1.17282789	    -12.28574128	    -30.19944177	     -7.50000171	    -16.44095769	      3.52466208	      0.68893208	      2.31331425	     -6.70838387	    -21.45080168	     60.97152596	    103.07935550	     12.25994982	     -3.86727568	    -25.83110431	     35.61688545	     89.42975190
      1.23000000	      1.87291226	      3.97539034	     92.49287456	     -0.23102402	      0.96944606	     -0.46579948	      4.42001016	      4.64912774	    -10.04148283	     16.26018250	      0.28379372	      6.19139748	     -1.52503932	     -7.50000167	     17.90008221	     -5.76017539	     -4.77350896	     66.55326013	      1.16157352	    -10.32750224	    -30.18026895	     -7.50000167	    -16.55175637	      3.17767220	      1.17429918	      2.84383713	     -6.88805869	    -20.90634966	     61.46017587	    103.16186035	     11.77630819	     -3.98908952	    -26.08740517	     35.49300746	     89.44857762
      1.24000000	      1.58158696	      3.94626397	     92.11587177	     -0.22975575	      0.97038438	     -0.47595385	      3.49024780	      4.43793634	    -10.07101069	     15.71346269	      0.27425166	      6.61041429	     -0.60968463	     -7.50000161	     19.01387832	     -5.65741819	     -5.73247441	     65.43779300	      1.14210494	     -8.55432815	    -29.85986537	     -7.50000161	    -16.70888629	      2.69309764	      1.55643061	      3.37051704	     -7.02842619	    -20.30864665	     61.85876442	    103.15803993	     11.20624510	     -4.11529481	    -26.50832285	     35.33744901	     89.43271147
      1.25000000	      1.25715333	      3.67473819	     91.79302696	     -0.22856494	      0.97065945	     -0.48601396	      2.92330315	      4.20028792	     -9.77430408	     15.35411122	      0.26797979	      7.02845111	     -0.30055299	     -7.50000158	     20.30977731	     -5.39692177	     -6.50019178	     64.00911729	      1.11716985	     -7.20481205	    -29.76193931	     -7.50000158	    -16.65266329	      2.18893094	      1.86313161	      3.79355769	     -7.03441549	    -19.99008623	     62.42988341	    103.06703202	     10.61721194	     -4.32844284	    -26.78698492	     35.26480209	     89.32797341
      1.26000000	      0.94455070	      4.05327619	     91.26651602	     -0.22725121	      0.97164015	     -0.49655810	      1.58622658	      3.93985787	     -9.74606505	     14.96597615	      0.26120556	      7.71106418	      0.68471696	     -7.50000151	     20.66225090	     -5.19750515	     -7.40745679	     62.20597620	      1.08569910	     -5.87910148	    -28.88491736	     -7.50000151	    -17.18401125	      1.65789290	      2.46415871	      4.26105575	     -7.35098058	    -19.29489353	     62.98036681	    103.12252707	     10.07032554	     -4.29124515	    -27.46465063	     35.18125465	     89.29336596
      1.27000000	      0.88228668	      3.75087807	     90.94436661	     -0.22597040	      0.97139885	     -0.50679754	      1.06363256	      3.92810763	     -9.89440896	     14.58777294	      0.25460467	      7.93623157	      1.15786195	     -7.50000150	     21.78368062	     -5.26724759	     -8.19676815	     60.19978851	      1.05068452	     -5.26401869	    -28.54567576	     -7.50000150	    -16.99240416	      1.46057159	      2.78890127	      4.66535170	     -7.33991024	    -19.02387802	     63.52689719	    103.11132056	      9.33249938	     -4.48564722	    -27.73829187	     34.99410543	     89.23144977
      1.28000000	      0.58638105	      3.94601311	     90.28372941	     -0.22447066	      0.97174603	     -0.51720754	      0.08321106	      3.58206562	    -10.04668008	     14.46919731	      0.25253513	      8.75833634	      2.63821278	     -7.50000145	     22.05544833	     -5.15161660	     -9.37975577	     57.69501028	      1.00696789	     -4.22073382	    -27.33750967	     -7.50000145	    -17.33893274	      0.89203046	      3.47749288	      5.11315868	     -7.63271802	    -18.35729763	     63.97275404	    102.96292854	      8.74816107	     -4.51695844	    -28.44021109	     35.01384603	     89.07848307
      1.29000000	      0.42967519	      4.32999831	     89.90672350	     -0.22343490	      0.97210746	     -0.52760410	     -1.18755212	      3.36156878	    -10.57259021	     14.18922754	      0.24764874	      9.29466164	      4.23508775	     -7.50000126	     21.97254388	     -5.20575657	    -10.64352885	     54.79286078	      0.95631583	     -3.48780333	    -26.09494536	     -7.50000126	    -17.89733459	      0.59236411	      3.78330978	      5.64721065	     -7.91495626	    -17.57352763	     64.46449316	    101.32081720	      8.34746959	     -4.38724486	    -29.68074027	     34.61420311	     87.31362427
      1.30000000	      0.40365372	      4.54025495	     89.40213348	     -0.22227501	      0.97186603	     -0.53819295	     -2.23912780	      3.30668637	    -10.71986346	     13.94406663	      0.24336987	      9.92776921	      5.27610672	     -7.50000111	     22.02482594	     -5.31069222	    -11.77206084	     51.76192431	      0.90341601	     -2.94500693	    -25.11417143	     -7.50000111	    -18.23684075	      0.40944712	      4.27779220	      6.00402488	     -8.24294661	    -16.84073840	     65.13462187	     99.86437378	      7.59524146	     -4.40918256	    -30.18872720	     34.68514010	     85.84033346
      1.31000000	      0.36485980	      4.70197286	     88.82942801	     -0.22133410	      0.97140904	     -0.54893628	     -3.19694310	      3.18782652	    -10.83760546	     13.81562492	      0.24112814	     10.42248080	      6.15903167	     -7.50000106	     21.97553338	     -5.29895508	    -12.88166015	     48.40742260	      0.84486891	     -2.62292679	    -24.01359364	     -7.50000106	    -18.46789119	      0.22654295	      4.87653389	      6.35502222	     -8.57018131	    -16.34962111	     65.68219682	    100.33354256	      7.08877038	     -4.36625067	    -31.05785746	     34.18922019	     86.11796779
      1.32000000	      0.46754534	      4.86708694	     88.29727294	     -0.22023248	      0.97065394	     -0.55966192	     -4.15174296	      3.21651242	    -11.02399720	     13.70674602	      0.23922785	     11.10230463	      7.20447605	     -7.50000102	     21.92758541	     -5.40002663	    -13.86423264	     45.00568563	      0.78549740	     -2.39713605	    -22.83222453	     -7.50000102	    -18.69860021	      0.17589033	      5.44030195	      6.68033335	     -8.87075391	    -15.85502325	     66.24540510	    100.59768921	      6.51832367	     -4.31507603	    -32.00782582	     33.87433898	     86.33487631
      1.33000000	      0.92243024	      4.51361843	     88.06692598	     -0.21987628	      0.96873539	     -0.57011876	     -4.52045310	      3.69574915	    -11.12904263	     13.64132548	      0.23808604	     11.52572295	      7.39130332	     -7.50000101	     22.59158625	     -5.66565470	    -14.19039347	     41.71420919	      0.72805030	     -2.54494193	    -21.92044742	     -7.50000101	    -18.35630460	      0.68899108	      5.79660544	      7.00839632	     -9.10037598	    -15.65330167	     66.75518810	    100.49110677	      5.71035317	     -4.29103680	    -32.29890298	     33.64908113	     86.28519913
      1.34000000	      0.75816041	      5.18907180	     87.36367979	     -0.21873670	      0.96857280	     -0.58119442	     -6.03907163	      3.34818258	    -11.24820737	     13.54790601	      0.23645557	     12.20261687	      8.73768156	     -7.50000097	     21.57448516	     -5.49972079	    -15.78054544	     37.71991346	      0.65833668	     -2.03319668	    -18.81954898	     -7.50000097	    -19.17343709	      0.24537929	      6.55209353	      7.22699793	     -9.55394654	    -15.02542247	     67.45964304	    100.82943148	      5.37984510	     -4.09112592	    -33.85758449	     33.29718253	     86.61850905
      1.35000000	      0.84502389	      5.11213483	     86.83628480	     -0.21816540	      0.96701021	     -0.59172198	     -6.51290548	      3.28390327	    -11.25641948	     13.89201697	      0.24246144	     12.97798322	      9.21722290	     -7.50000095	     21.55850032	     -5.42014357	    -16.78930858	     33.96686318	      0.59283360	     -1.91833852	    -16.02759452	     -7.50000095	    -19.12335722	      0.25856866	      6.97315163	      7.64752235	     -9.85722380	    -14.43291231	     67.79190618	    100.84343729	      4.69140091	     -4.01923812	    -34.68059709	     33.01209079	     86.72280368
      1.36000000	      0.96011578	      5.29063482	     86.41135789	     -0.21776998	      0.96577394	     -0.60225855	     -7.36464111	      3.24876149	    -11.27682279	     14.02825564	      0.24483925	     13.56362774	      9.90631093	     -7.50000090	     21.22286424	     -5.33386361	    -17.90275359	     30.27211946	      0.52834816	     -1.37660397	    -12.31770634	     -7.50000090	    -19.44310019	      0.28010306	      7.50782181	      7.93469534	    -10.25458034	    -14.02034574	     68.34240343	    100.40253841	      4.33199173	     -3.80748647	    -35.79380600	     32.66400303	     86.68162239
      1.37000000	      1.09292092	      5.32912148	     86.06046326	     -0.21758266	      0.96428027	     -0.61279596	     -8.02016759	      3.23501770	    -11.35627388	     14.25737228	      0.24883809	     14.12859572	     10.41014874	     -7.50000087	     21.07763269	     -5.25231121	    -19.02253578	     26.79739274	      0.46770273	     -0.97424545	     -8.52638663	     -7.50000087	    -19.56673549	      0.38237947	      7.80561152	      8.33691084	    -10.55724326	    -13.54365420	     68.67790613	    100.42202896	      3.81314342	     -3.57309798	    -37.09453809	     32.39925774	     86.99745557
      1.38000000	      1.14736322	      5.29556261	     85.71007827	     -0.21754241	      0.96262472	     -0.62318289	     -8.52115762	      3.13355727	    -11.29958067	     14.61524449	      0.25508414	     14.68143183	     10.56710676	     -7.50000082	     20.94665734	     -5.01341916	    -20.00047183	     23.38700414	      0.40818022	     -0.76986383	     -4.84339722	     -7.50000082	    -19.66529553	      0.38793435	      8.14310616	      8.71113531	    -10.85304195	    -13.15145137	     69.01674757	    100.13036182	      3.37264602	     -3.38531404	    -38.24067695	     32.13481374	     87.27631610
      1.39000000	      1.15345833	      5.17429460	     85.49091125	     -0.21795587	      0.96082758	     -0.63348543	     -8.80845182	      2.97007047	    -11.31370719	     15.21586195	      0.26556689	     15.30807567	     10.43274576	     -7.50000079	     20.89387402	     -4.63462633	    -20.77053139	     20.11191498	      0.35101914	     -0.94774730	     -1.54736766	     -7.50000079	    -19.67597255	      0.41402538	      8.37132172	      9.06341569	    -11.14493150	    -12.83855254	     69.33435299	    100.10289958	      2.95451191	     -3.17229023	    -39.20971807	     31.80442969	     87.53345883
      1.40000000	      1.42218260	      4.90192352	     85.46253419	     -0.21849032	      0.95866902	     -0.64377948	     -9.11509990	      3.21402462	    -11.10369679	     15.46680622	      0.26994669	     15.58596142	     10.32609377	     -7.50000080	     21.22949133	     -4.42893221	    -20.48207411	     17.52991228	      0.30595469	     -1.12614799	     -0.12080641	     -7.50000080	    -19.51317390	      0.77796034	      8.48693227	      9.37101181	    -11.32728023	    -12.74934550	     69.63594729	    100.36017444	      2.47065453	     -3.10247445	    -39.52918868	     31.46945142	     87.76801482
      1.41000000	      1.18424889	      4.74604608	     84.73275856	     -0.21843229	      0.95687933	     -0.65424670	     -9.23686843	      2.71505525	    -10.26992323	     16.26193798	      0.28382436	     16.17493493	      9.51972617	     -7.50000075	     21.02909510	     -4.06301849	    -22.05642013	     14.81981194	      0.25865451	     -1.12906566	      3.95530449	     -7.50000075	    -19.46556023	      0.40915088	      9.03072766	      9.70773599	    -11.60066162	    -12.35295097	     69.79387903	     99.48894126	      2.08315170	     -2.61557833	    -41.29488966	     31.41869868	     86.82329291
      1.42000000	      0.93747961	      4.59241769	     84.67209724	     -0.21954322	      0.95481109	     -0.66486469	     -9.29765235	      2.17058455	    -10.61844983	     17.27970197	      0.30158769	     16.88343125	     10.01009193	     -7.50000060	     21.00619157	     -3.31593568	    -21.89482894	     12.58664722	      0.21967844	     -1.49296600	      5.07954212	     -7.50000060	    -19.27874108	      0.24853745	      8.87408187	     10.11581232	    -11.87326692	    -11.77931893	     69.68485264	     98.74621060	      1.70528543	     -2.48612840	    -42.34664258	     30.88197124	     86.47949051
      1.43000000	      0.75885668	      4.29829784	     84.43600872	     -0.22034278	      0.95265114	     -0.67542312	     -9.19257188	      1.77475333	    -10.25286196	     18.27346187	      0.31893208	     17.28827164	      9.64559217	     -7.50000050	     21.17441825	     -2.82486113	    -22.12183101	     10.93088954	      0.19078001	     -1.86390841	      6.64777897	     -7.50000050	    -18.99151590	      0.09762018	      8.91126501	     10.49145470	    -12.05312463	    -11.42228052	     69.55440168	     98.21370103	      1.28889085	     -2.31242182	    -43.24067746	     30.52982833	     85.79296741
      1.44000000	      0.63148302	      3.95904256	     84.16710012	     -0.22089654	      0.95046110	     -0.68655455	     -9.09744706	      1.47580294	     -9.70279556	     19.19530422	      0.33502126	     17.60422318	      8.93382269	     -7.50000021	     21.58038297	     -2.54048770	    -22.18832315	     10.22231553	      0.17841306	     -2.04738382	      7.86083439	     -7.50000021	    -18.60410736	     -0.02584571	      9.08956348	     10.61690910	    -12.04394540	    -11.56470590	     69.54640289	     99.59834147	      0.96512341	     -2.14510079	    -44.74433118	     30.04974932	     89.17002444
      1.45000000	      0.47595559	      3.98818631	     84.02662178	     -0.22150980	      0.94877116	     -0.69818847	     -9.55889923	      1.13483440	     -9.25748996	     19.89154199	      0.34717290	     17.68615120	      8.63130698	     -7.50000021	     21.68635544	     -2.21964204	    -21.98178952	     10.32784012	      0.18025481	     -1.99365075	      8.07938811	     -7.50000021	    -18.52050981	     -0.21422030	      9.04339644	     10.73619461	    -11.99727689	    -11.52192420	     69.50578044	     99.57860545	      0.35793082	     -2.19767023	    -44.94070002	     29.79304167	     89.14742353
      1.46000000	      0.40056393	      4.00508058	     83.95120972	     -0.22247536	      0.94730327	     -0.71030443	    -10.14991058	      0.86705197	     -8.97145176	     20.29775881	      0.35426272	     17.63045314	      8.56600352	     -7.50000021	     21.67683507	     -1.97577884	    -21.81088779	     10.59218884	      0.18486857	     -2.11868026	      8.21495267	     -7.50000021	    -18.32879906	     -0.23249215	      9.05949423	     10.62894132	    -12.09235444	    -11.60241363	     69.42561235	     99.57311119	     -0.29909446	     -2.14694017	    -45.08388508	     29.53724191	     89.12968306
      1.47000000	      0.14583232	      3.84236424	     83.31523603	     -0.22170262	      0.94542779	     -0.72237280	    -10.14002025	      0.36482684	     -8.00830145	     21.47657070	      0.37483687	     17.58594854	      7.60491441	     -7.50000019	     22.07409257	     -2.03792093	    -22.42098215	     11.91546758	      0.20796414	     -1.68641330	      8.75074614	     -7.50000019	    -17.91220639	     -0.75534041	      9.20659376	     10.93768674	    -11.70308892	    -11.44311715	     68.69876145	     99.57953755	     -0.78729883	     -2.14988103	    -46.48512652	     29.11009470	     88.89711320
      1.48000000	     -0.12792179	      3.99552975	     83.17671853	     -0.22194807	      0.94437188	     -0.73493261	    -10.78645888	     -0.14518030	     -7.70265842	     22.06502419	      0.38510732	     17.21532276	      7.45954102	     -7.50000019	     21.73381105	     -1.70080685	    -22.45857535	     12.65965375	      0.22095264	     -1.80651592	      8.63623802	     -7.50000019	    -17.79117513	     -1.14078817	      9.10587727	     10.82076059	    -11.47548659	    -11.57973855	     68.46078081	     99.57814423	     -1.36537835	     -2.29272141	    -46.75419861	     28.77198863	     88.84025782
      1.49000000	     -0.40836174	      4.27781693	     82.95635950	     -0.22197206	      0.94353741	     -0.74819164	    -11.63162717	     -0.66028915	     -7.14610348	     22.58074608	      0.39410837	     16.69370342	      7.17358049	     -7.50000018	     21.17892039	     -1.39240376	    -22.38366665	     13.66832922	      0.23855735	     -1.76735596	      8.07878844	     -7.50000018	    -17.73486352	     -1.60113927	      9.03694061	     10.65323808	    -11.10652675	    -11.86018589	     68.07763131	     99.59195834	     -1.98369089	     -2.45439987	    -47.10565639	     28.41183945	     88.75121615
      1.50000000	     -0.60082789	      4.60288902	     82.83407632	     -0.22212333	      0.94305920	     -0.76174611	    -12.60948524	     -1.05450586	     -6.63228267	     22.91766364	      0.39998869	     15.82558208	      6.55314588	     -7.50000017	     20.41974999	     -1.05516513	    -21.86589138	     14.57584321	      0.25439646	     -2.23015115	      6.50031625	     -7.50000017	    -17.72233044	     -1.95685696	      8.97253057	     10.31635296	    -10.69310497	    -12.38406682	     67.77146789	     99.72972784	     -2.33709670	     -2.55581295	    -47.94937834	     27.86138831	     88.46907408
      1.51000000	     -0.77473396	      4.87418105	     82.55667486	     -0.22183827	      0.94223263	     -0.77550512	    -13.43787787	     -1.52217187	     -6.26796803	     23.46228745	      0.40949417	     14.93013729	      6.62182778	     -7.50000017	     19.83820086	     -0.93581311	    -22.06079469	     15.92403639	      0.27792687	     -2.64226349	      5.80459968	     -7.50000017	    -17.55313403	     -2.32991209	      8.93221295	      9.93716996	    -10.41416583	    -12.46998789	     67.50273905	     99.75380723	     -2.98933900	     -2.72746375	    -48.19272962	     27.55655877	     88.41494340
      1.52000000	     -1.14699850	      5.20953853	     82.58110293	     -0.22242754	      0.94226196	     -0.78904901	    -14.24040842	     -2.12386914	     -5.84540213	     24.09463466	      0.42053071	     13.40702352	      5.85824363	     -7.50000016	     19.01104750	     -0.30826960	    -22.20758153	     16.07038828	      0.28048119	     -4.27657487	      3.56597719	     -7.50000016	    -17.57731883	     -2.83213100	      8.69862415	      9.61963420	     -9.86714916	    -13.28083751	     67.04211931	     99.92104283	     -3.30239226	     -2.88122539	    -48.58642562	     27.05329477	     88.20905634
      1.53000000	     -1.53717456	      5.39875696	     82.72656259	     -0.22297316	      0.94224675	     -0.80236402	    -14.75410809	     -2.72182244	     -5.71690895	     24.93658921	      0.43522559	     11.79009696	      5.35011969	     -7.50000015	     18.60875516	      0.28745008	    -21.59750187	     16.63400272	      0.29031812	     -5.16781486	      2.23999590	     -7.50000015	    -17.45332449	     -3.32792354	      8.26094291	      9.29683691	     -9.38922000	    -13.80271576	     66.58630687	    100.07729141	     -3.63405682	     -3.19511986	    -48.83295986	     26.56448711	     88.06372502
      1.54000000	     -2.07084369	      5.55674118	     82.93090748	     -0.22404673	      0.94253408	     -0.81542470	    -15.00553828	     -3.49534322	     -5.63523618	     26.16275188	      0.45662616	      9.96403857	      4.77170385	     -7.50000015	     18.13904410	      1.07597231	    -20.86562140	     17.07818508	      0.29807056	     -5.77573860	      1.86852881	     -7.50000015	    -17.35273471	     -3.92606587	      7.73777035	      8.95631797	     -8.98255061	    -14.23037803	     66.19498405	    100.17615403	     -3.85054779	     -3.37692643	    -48.96744461	     26.12111473	     87.96817380
      1.55000000	     -2.54231092	      5.80528242	     83.05447298	     -0.22486234	      0.94332103	     -0.82878404	    -15.42173452	     -4.12513947	     -5.17612751	     27.17490515	      0.47429157	      8.63796113	      4.52943446	     -7.50000015	     17.61576002	      1.74802498	    -20.09412068	     17.91320287	      0.31264437	     -6.08674427	      1.73611492	     -7.50000015	    -17.30213742	     -4.49190083	      7.37261442	      8.40058386	     -8.77856845	    -14.44889981	     65.85919659	    100.19864995	     -4.13594787	     -3.57690416	    -49.06411388	     25.84535862	     87.92838877
      1.56000000	     -3.51528195	      5.98435569	     83.48321080	     -0.22646558	      0.94435744	     -0.84228928	    -15.37510856	     -5.40895894	     -5.73826610	     28.89606558	      0.50433149	      5.32555385	      2.80095542	     -7.50000014	     16.92436114	      3.22080146	    -18.92426196	     18.19733936	      0.31760349	     -5.80197128	     -0.07129514	     -7.50000014	    -17.18413567	     -5.49219579	      6.59119760	      8.04949944	     -7.93003514	    -15.65316154	     65.10715144	    100.34891814	     -4.08092451	     -3.88317497	    -49.17963598	     25.11667840	     87.74238807
      1.57000000	     -4.02354125	      6.48792672	     83.62517292	     -0.22748682	      0.94569899	     -0.85588457	    -15.65498635	     -6.18979034	     -5.54255782	     30.59680659	      0.53401502	      2.57183702	      2.24616144	     -7.50000014	     16.04195411	      3.95647089	    -18.46849063	     19.18624472	      0.33486314	     -4.51689658	     -1.33202947	     -7.50000014	    -17.44451034	     -6.06504861	      6.16304153	      7.58180374	     -7.68264473	    -16.11023800	     64.76725497	    100.41905175	     -4.19910494	     -4.06777210	    -49.18081266	     24.82904563	     87.67079485
      1.58000000	     -4.47583065	      6.92386543	     83.73261848	     -0.22862316	      0.94708475	     -0.86936437	    -15.64015985	     -6.96318587	     -5.38906021	     32.52000532	      0.56758117	     -0.68655111	      1.49471236	     -7.50000013	     15.15614934	      4.76832731	    -17.40474586	     19.95670377	      0.34831019	     -3.45909100	     -2.43527142	     -7.50000013	    -17.63408575	     -6.56297305	      5.83937787	      7.03872987	     -7.44999434	    -16.62084618	     64.38223787	    100.46013920	     -4.20807324	     -4.16286309	    -49.16093780	     24.59924856	     87.61207150
      1.59000000	     -4.83428676	      6.91510748	     84.10926193	     -0.23043740	      0.94795826	     -0.88293607	    -15.00192150	     -7.49064390	     -5.32797983	     34.64444188	      0.60465958	     -5.03941069	     -1.06439817	     -7.50000013	     14.73707265	      5.74237117	    -15.13316941	     20.63296824	      0.36011323	     -3.01373667	     -5.73084987	     -7.50000013	    -17.30501423	     -6.79921355	      5.41898689	      6.29825460	     -7.00742810	    -17.84617997	     64.01952657	    100.73148768	     -4.25185027	     -4.26349751	    -48.90586353	     24.23245331	     87.36598644
      1.60000000	     -5.17550728	      6.96526797	     84.08499911	     -0.23161371	      0.94870609	     -0.89620102	    -14.05733540	     -8.15906097	     -4.88831770	     37.17787109	      0.64887626	     -9.66953097	     -2.43677756	     -7.50000007	     14.19135806	      6.46681843	    -13.91913464	     21.27118187	      0.37125216	     -2.03215319	     -7.54305186	     -7.50000007	    -17.08291288	     -7.13525954	      5.32448605	      5.56294387	     -6.89394594	    -18.44840078	     63.77130755	    100.99145663	     -4.35036782	     -4.33553725	    -48.06413254	     24.21712903	     85.26299210
      1.61000000	     -5.33754786	      6.73315166	     83.75873718	     -0.23200547	      0.94907266	     -0.90858681	    -12.46532042	     -8.48292700	     -3.68991063	     39.92251271	      0.69677929	    -14.14400884	     -5.38145124	     -7.50000005	     13.94483972	      6.81361184	    -13.29432630	     21.85906979	      0.38151274	     -1.17020532	     -8.61047592	     -7.50000005	    -16.61226551	     -7.34546987	      5.67456563	      4.84033764	     -6.78564489	    -19.15751767	     63.50839688	     99.65321208	     -4.08607558	     -4.47499911	    -47.33161419	     23.79569762	     83.54822546
      1.62000000	     -5.64911755	      6.96367287	     83.86443011	     -0.23324824	      0.95005602	     -0.92138724	    -11.53170970	     -9.18371830	     -3.63911709	     42.39253845	      0.73988937	    -17.97424941	     -6.38972143	     -7.50000004	     12.96114310	      7.55714289	    -12.33506555	     21.97946976	      0.38361412	     -0.21372155	     -9.51138590	     -7.50000004	    -16.68212271	     -7.63763619	      5.25521330	      4.39216754	     -6.71193216	    -19.48680235	     63.04548477	     99.25136622	     -4.24713705	     -4.41932593	    -46.88644475	     24.43849441	     82.46498098
      1.63000000	     -5.85570699	      6.87604144	     83.78960479	     -0.23364820	      0.95076648	     -0.93348761	     -9.99420820	     -9.59006071	     -3.04184884	     45.16833091	      0.78833609	    -21.04420187	     -7.77640924	     -7.50000002	     12.28864232	      7.95560523	    -12.02515633	     22.06368731	      0.38508399	      0.67272422	     -9.71555195	     -7.50000002	    -16.48385112	     -7.87819003	      5.05307857	      4.04323905	     -6.53323750	    -20.00796014	     62.46250122	    101.34724500	     -4.07397504	     -4.49008017	    -46.80921732	     24.58400097	     82.80849998
      1.64000000	     -6.10525534	      6.71607840	     83.62375786	     -0.23397110	      0.95157318	     -0.94481536	     -8.12896592	    -10.07631393	     -2.44747704	     48.07886937	      0.83913457	    -24.23373030	     -9.49633208	     -7.50000002	     11.59091995	      8.35319797	    -12.11664792	     21.77568811	      0.38005745	      1.27227663	     -9.60115979	     -7.50000002	    -16.34750881	     -8.19585226	      5.02028097	      3.67535411	     -6.36608561	    -20.56622708	     62.04731301	    100.49064433	     -3.71335606	     -4.52118982	    -46.44599583	     24.85196532	     81.21089895
      1.65000000	     -6.30296238	      6.62873832	     83.43952103	     -0.23412120	      0.95264339	     -0.95632289	     -6.33186574	    -10.54930405	     -2.03467610	     50.85923780	      0.88766115	    -27.47749179	    -11.38511962	     -7.49999999	     10.66432078	      8.63171931	    -12.65968162	     21.24101469	      0.37072564	      2.04472829	     -8.67951564	     -7.49999999	    -16.24374946	     -8.47184025	      4.89292996	      3.44341813	     -6.19785368	    -21.05520735	     61.35883210	    102.51955968	     -3.37255059	     -4.60880093	    -46.78775534	     25.09585258	     83.78342234
      1.66000000	     -6.46525815	      6.51233120	     83.16399391	     -0.23451629	      0.95366126	     -0.96735387	     -4.32171907	    -11.11514953	     -1.77243516	     53.64224982	      0.93623388	    -30.28933167	    -13.28894683	     -7.49999998	      9.71364883	      8.91946131	    -13.16632936	     20.51975786	      0.35813734	      2.60378570	     -7.88487463	     -7.49999998	    -16.18365269	     -8.65296610	      4.76666452	      3.27411356	     -6.18142066	    -21.27243181	     60.77775581	    102.43252021	     -3.06489293	     -4.55893120	    -46.63796379	     25.51076340	     84.01402844
      1.67000000	     -6.42875757	      6.72793448	     83.07611214	     -0.23530012	      0.95530020	     -0.97805266	     -2.82538870	    -11.48573162	     -1.76975502	     56.03334543	      0.97796637	    -31.97334218	    -14.74733675	     -7.49999998	      8.32175129	      9.12351479	    -13.32576192	     19.69065809	      0.34366682	      3.17729385	     -7.38438479	     -7.49999998	    -16.63611002	     -8.55476988	      4.46593880	      3.31292480	     -6.35735034	    -21.42754573	     60.19110908	    102.68509049	     -2.36874735	     -4.56141611	    -46.46655671	     25.45610088	     84.22888249
      1.68000000	     -6.49577268	      6.06123570	     82.47182828	     -0.23486931	      0.95563061	     -0.98863441	     -0.00077623	    -11.62457189	     -0.95680398	     58.64545512	      1.02355628	    -33.07083750	    -18.89957603	     -7.49999998	      8.06674595	      9.01053811	    -14.95232013	     19.18766043	      0.33488785	      3.91311187	     -5.42441142	     -7.49999998	    -15.95843302	     -8.70484390	      4.70709081	      3.12797949	     -6.23894923	    -21.73647918	     59.29009524	    102.51467637	     -2.16446804	     -4.54256985	    -46.13487674	     26.27309324	     84.52209533
      1.69000000	     -6.46182730	      6.10636075	     82.33955965	     -0.23549346	      0.95706053	     -0.99904976	      1.76302821	    -11.87522330	     -0.99236497	     60.74949358	      1.06027868	    -31.90956517	    -21.27218454	     -7.49999998	      6.86749319	      9.19079605	    -15.16878967	     18.29866471	      0.31937195	      4.42527486	     -4.69086811	     -7.49999998	    -16.25785793	     -8.60148657	      4.44559254	      3.16206216	     -6.38319669	    -21.83606485	     58.61619035	    102.55469236	     -1.43731075	     -4.55944107	    -45.86885961	     26.38398792	     84.66577398
      1.70000000	     -6.53158321	      5.51330948	     81.87249491	     -0.23533064	      0.95748394	     -1.00930443	      4.55325542	    -11.93475218	     -0.45243558	     63.00579549	      1.09965858	    -29.89056319	    -24.22569906	     -7.49999997	      6.53281776	      9.17677056	    -16.43931613	     17.74299619	      0.30967370	      4.92407128	     -2.97078189	     -7.49999997	    -15.75168335	     -8.72365888	      4.50960440	      3.09380433	     -6.31435556	    -22.12252078	     57.73295851	    102.31072011	     -1.07592709	     -4.59344569	    -45.48580527	     27.09168132	     84.84563385
      1.71000000	     -6.21878411	      5.52809774	     81.80314316	     -0.23629778	      0.95905156	     -1.01948210	      6.31445419	    -11.87682966	     -0.76783937	     64.56189202	      1.12681759	    -27.44499937	    -26.46738105	     -7.49999997	      5.43239107	      9.09636114	    -16.39926623	     17.04950362	      0.29756997	      5.31766006	     -2.46804972	     -7.49999997	    -16.10600826	     -8.21697774	      4.25612461	      3.11727158	     -6.59422023	    -22.29777046	     57.11606340	    102.41450262	     -0.27576457	     -4.42660367	    -45.15729501	     27.33631944	     84.97202258
      1.72000000	     -6.00658854	      5.50724047	     81.73913912	     -0.23694480	      0.96038510	     -1.03000131	      8.11360758	    -11.67150916	     -0.71915266	     65.87111352	      1.14966781	    -25.27302254	    -28.61589607	     -7.49999997	      4.29423336	      9.09390038	    -16.53274674	     16.23337209	      0.28332579	      5.59428537	     -1.84711431	     -7.49999997	    -16.33262765	     -7.90537841	      3.96142440	      3.05622930	     -6.75167738	    -22.45135902	     56.44644607	    102.67447970	      0.40497748	     -4.37495524	    -44.85988980	     27.58305793	     85.17411537
      1.73000000	     -5.90419664	      5.38297709	     81.80690075	     -0.23778971	      0.96143532	     -1.04037329	     10.01065371	    -11.50565519	     -0.64425178	     66.89153360	      1.16747750	    -22.85793325	    -30.59746200	     -7.49999997	      3.35779313	      9.22620515	    -16.37242555	     15.50642828	      0.27063823	      5.94938793	     -1.20668377	     -7.49999997	    -16.46129639	     -7.60465394	      3.61801086	      3.03204748	     -6.93263741	    -22.63325696	     55.71454865	    102.68930686	      1.21990323	     -4.36508432	    -44.47291288	     27.92082123	     85.27255015
      1.74000000	     -6.01993245	      4.71141324	     81.69186087	     -0.23774643	      0.96140837	     -1.05088842	     12.62385287	    -11.43196861	     -0.45429617	     67.83775873	      1.18399225	    -20.09126015	    -31.97249496	     -7.49999996	      3.10607075	      9.31172351	    -17.22377049	     14.96868545	      0.26125285	      6.57429090	      0.75672543	     -7.49999996	    -15.80490789	     -7.69869698	      3.36423257	      3.05685414	     -6.56155628	    -23.51811997	     54.48637518	    102.84440174	      1.17065368	     -4.96851832	    -41.88327862	     28.79006742	     86.25967984
      1.75000000	     -5.78052871	      4.68209198	     81.94619705	     -0.23871210	      0.96251372	     -1.06168469	     14.13812577	    -11.28255039	     -0.91096677	     68.11568724	      1.18884301	    -17.80488105	    -32.67930784	     -7.49999995	      1.92668875	      9.32708274	    -16.98660431	     14.08006083	      0.24574342	      6.74467028	      1.28460930	     -7.49999995	    -16.01063406	     -7.27675997	      2.90113240	      2.89112416	     -6.71707207	    -23.76609597	     53.76174092	    101.36111403	      1.79697484	     -5.04293185	    -40.83966182	     29.34356482	     85.16736213
      1.76000000	     -5.49354780	      4.73577052	     82.25985616	     -0.23962889	      0.96365764	     -1.07256019	     15.41291317	    -11.05856883	     -1.44108777	     68.00882593	      1.18697793	    -15.37852135	    -33.06760021	     -7.49999994	      0.62310380	      9.29609251	    -16.69781824	     13.15108920	      0.22952981	      6.95373145	      2.07497422	     -7.49999994	    -16.29275931	     -6.79866982	      2.43449107	      2.72443970	     -6.80173790	    -24.19229635	     53.02631768	    100.37929004	      2.50793562	     -5.16385126	    -39.75046176	     29.75003910	     84.28837638
      1.77000000	     -5.22938453	      4.50579360	     82.63348453	     -0.24054118	      0.96414758	     -1.08316545	     16.96866869	    -10.82987873	     -2.05621085	     67.68409858	      1.18131037	    -12.93866563	    -33.22369993	     -7.49999992	     -0.26993930	      9.15294585	    -16.64520501	     12.44570819	      0.21721859	      7.29681616	      3.22271600	     -7.49999992	    -16.27810600	     -6.31640967	      1.88428829	      2.68296633	     -6.76202136	    -25.04410504	     52.12791840	    103.82998706	      3.19534080	     -5.38356523	    -38.94078614	     30.10746535	     86.66984958
      1.78000000	     -4.93892868	      4.36423686	     83.04746579	     -0.24141976	      0.96462019	     -1.09387519	     18.34054886	    -10.56335989	     -2.68307900	     67.09856837	      1.17109094	    -10.62513177	    -33.26585518	     -7.49999990	     -1.25472393	      8.99148745	    -16.53762436	     11.72134171	      0.20457601	      7.65031097	      4.19688367	     -7.49999990	    -16.34552394	     -5.82073045	      1.36120109	      2.52002713	     -6.80964701	    -25.57227117	     51.32926434	    103.76812360	      3.92255447	     -5.53362922	    -38.14598622	     30.58371720	     87.59812873
      1.79000000	     -4.57233318	      4.32103971	     83.56331775	     -0.24229754	      0.96508144	     -1.10456662	     19.45930396	    -10.24252845	     -3.42854573	     66.14735677	      1.15448917	     -8.67738518	    -33.12637615	     -7.49999990	     -2.36076598	      8.74318634	    -16.28346078	     10.99956010	      0.19197854	      7.96024019	      5.02937100	     -7.49999990	    -16.54595488	     -5.23422651	      0.78201450	      2.28267306	     -6.90220674	    -25.88621283	     50.66511232	    101.64968408	      4.74159576	     -5.67373254	    -37.17029651	     30.95607525	     86.15819779
      1.80000000	     -4.39744050	      4.05227324	     84.09674365	     -0.24339351	      0.96502388	     -1.11501463	     20.82625812	    -10.11894792	     -4.13013444	     64.97654538	      1.13405465	     -7.16659573	    -32.99209488	     -7.49999990	     -3.06236926	      8.64587864	    -16.02581047	     10.51285973	      0.18348402	      8.07251315	      5.47578393	     -7.49999990	    -16.47323856	     -4.82060866	      0.12179825	      2.10674403	     -7.03757099	    -26.03528691	     49.82681203	     99.26488416	      5.55999134	     -5.84718150	    -36.17011428	     31.28334966	     84.42082403
      1.81000000	     -4.10515522	      4.03747532	     84.56488916	     -0.24394684	      0.96504084	     -1.12580052	     21.72994017	     -9.75187533	     -4.67344254	     63.42493991	      1.10697403	     -5.65457923	    -32.72530449	     -7.49999989	     -4.04082547	      8.32572178	    -16.41230049	     10.14113254	      0.17699615	      8.69319427	      7.49737896	     -7.49999989	    -16.68298322	     -4.35831127	     -0.33828841	      1.92425266	     -6.81421527	    -27.42337086	     49.23816653	    103.19591690	      6.20076210	     -6.26455991	    -34.49449863	     31.89160316	     86.24645849
      1.82000000	     -3.87688006	      3.98150920	     85.17834703	     -0.24490971	      0.96476629	     -1.13647808	     22.59586026	     -9.57227229	     -5.45404073	     61.67129369	      1.07636713	     -4.52999529	    -32.42036016	     -7.49999989	     -4.98902904	      8.13668456	    -16.15666176	      9.61222674	      0.16776500	      8.90255765	      8.04179112	     -7.49999989	    -16.79890790	     -3.91186176	     -0.98674813	      1.69528049	     -6.90641092	    -27.70215579	     48.47151563	    101.15212639	      7.13247658	     -6.44627509	    -33.61941977	     32.14038739	     84.84025567
      1.83000000	     -3.78930185	      3.94386552	     85.78434513	     -0.24553959	      0.96426383	     -1.14730546	     23.39124929	     -9.50549703	     -6.13585253	     59.66585217	      1.04136557	     -3.66603223	    -32.06333034	     -7.49999988	     -5.81597249	      7.96801526	    -16.49432043	      9.40785536	      0.16419805	      9.42874981	      9.95402719	     -7.49999988	    -16.97257941	     -3.66948727	     -1.56499163	      1.47208034	     -6.62026094	    -29.07528910	     47.91295751	    104.18321546	      7.92266744	     -6.79361597	    -32.53329223	     32.71475015	     87.21821977
      1.84000000	     -3.56764069	      4.03992168	     86.46795447	     -0.24649263	      0.96374578	     -1.15814595	     23.81062401	     -9.43090199	     -7.19559787	     57.24557795	      0.99912382	     -2.75585029	    -31.66171942	     -7.49999988	     -6.86777246	      7.72022538	    -16.25747102	      9.10547659	      0.15892055	      9.90395963	     10.62430813	     -7.49999988	    -17.25629874	     -3.22750601	     -2.25880647	      1.19583120	     -6.66585562	    -29.39870688	     47.32582568	    101.56582776	      8.75869890	     -7.04998338	    -31.39129709	     33.19325775	     85.52810481
      1.85000000	     -3.50404021	      4.03249813	     87.10762075	     -0.24741542	      0.96268688	     -1.16884052	     24.37713652	     -9.48258527	     -8.14666764	     54.76184039	      0.95577442	     -2.06367354	    -31.27232413	     -7.49999988	     -7.74142223	      7.61937619	    -16.16114039	      8.88391129	      0.15505350	     10.41618625	     11.57432925	     -7.49999988	    -17.47117900	     -2.98281874	     -2.77095717	      0.79645815	     -6.59439198	    -30.10503661	     46.95550233	     99.75699314	      9.68881957	     -7.30280032	    -30.05132403	     33.66552016	     84.20332678
      1.86000000	     -3.49094253	      4.22549988	     87.70468386	     -0.24802861	      0.96180576	     -1.17985529	     24.61868810	     -9.51986776	     -8.97516543	     52.02998206	      0.90809450	     -1.43416581	    -30.69929468	     -7.49999988	     -8.89993445	      7.56520350	    -16.24206530	      8.50248036	      0.14839628	     10.94492281	     12.87936882	     -7.49999988	    -17.84608643	     -2.80323579	     -3.33211442	      0.39435836	     -6.46546443	    -30.75551700	     46.68859012	     98.12581423	     10.63313208	     -7.67264420	    -28.54881153	     34.01932119	     82.63905130
      1.87000000	     -3.54985095	      4.03979604	     88.42509415	     -0.24877492	      0.96016797	     -1.19063240	     25.21273222	     -9.68698443	     -9.96456261	     49.17382660	      0.85824518	     -1.04242101	    -30.29273385	     -7.49999988	     -9.42583097	      7.48527251	    -16.02927404	      8.61424346	      0.15034691	     11.47855853	     13.43077361	     -7.49999988	    -17.81581652	     -2.67174460	     -4.08593340	      0.11094474	     -6.35399639	    -31.37120903	     46.11419965	     98.89783774	     11.36445977	     -7.86653532	    -28.01740103	     34.71705541	     83.19752993
      1.88000000	     -3.57874250	      4.17007710	     89.16392181	     -0.24947536	      0.95889408	     -1.20165938	     25.29318049	     -9.86738794	    -11.24557207	     45.97682849	      0.80244704	     -0.64594039	    -29.86010212	     -7.49999988	    -10.37906866	      7.38144408	    -15.77104216	      8.57146285	      0.14960025	     11.96699721	     14.20290901	     -7.49999988	    -18.14214790	     -2.50896451	     -4.67436015	     -0.03504550	     -5.92305443	    -33.27214001	     45.57118648	    103.33004136	     12.38230126	     -8.28102056	    -27.24024265	     34.88053429	     89.62727354
      1.89000000	     -3.65185566	      4.35023198	     89.75914504	     -0.24993007	      0.95750612	     -1.21269150	     25.31147932	     -9.95382299	    -12.06878819	     42.79608111	      0.74693252	     -0.16204578	    -28.61880029	     -7.49999988	    -11.44387082	      7.32868292	    -15.81145637	      8.40129563	      0.14663027	     12.35003581	     15.14535598	     -7.49999988	    -18.52624051	     -2.43411766	     -5.19045494	     -0.47222802	     -5.86649155	    -33.57520191	     45.33017317	    100.57947704	     13.18735798	     -8.65706264	    -25.58234025	     35.54429668	     86.97730231
      1.90000000	     -3.67477155	      4.50125037	     90.51677839	     -0.25049828	      0.95601422	     -1.22389549	     25.22382210	    -10.11605220	    -13.47436207	     39.44449744	      0.68843635	      0.32351273	    -27.30699823	     -7.49999988	    -12.39575436	      7.16546579	    -15.33030986	      8.41366646	      0.14684618	     12.90443274	     15.48100047	     -7.49999988	    -18.82419191	     -2.25646549	     -5.87228868	     -0.60657746	     -5.52583591	    -35.00950859	     44.77734798	    103.13175730	     14.01035764	     -8.94285892	    -24.75213442	     35.97243109	     88.01347490
      1.91000000	     -3.73935230	      4.68714260	     91.21502556	     -0.25079849	      0.95454005	     -1.23504981	     25.05109972	    -10.20547214	    -14.67366063	     36.02488822	      0.62875291	      1.06960712	    -25.55163910	     -7.49999987	    -13.37611454	      7.02371166	    -14.94655082	      8.43361620	      0.14719437	     13.21774523	     15.82266179	     -7.49999987	    -19.22781298	     -2.15764516	     -6.40455930	     -0.93757794	     -5.32350066	    -35.79883796	     44.41806702	    103.06390508	     15.04158638	     -9.14949034	    -23.98586614	     36.29152721	     88.38003023
      1.92000000	     -3.77068386	      4.49086017	     91.71657757	     -0.25070729	      0.95236538	     -1.24660899	     25.29898437	    -10.11846180	    -15.88321459	     32.52869245	      0.56773278	      1.70095736	    -23.98958741	     -7.49999987	    -13.98887614	      6.87008816	    -14.70014564	      8.44598669	      0.14741028	     13.38109787	     15.94590106	     -7.49999987	    -19.06530628	     -2.07175471	     -6.83600659	     -1.45079087	     -5.16543359	    -36.32129566	     44.18463608	    103.07441914	     15.62511146	     -9.29461295	    -23.50045100	     36.85756803	     88.62470899
      1.93000000	     -3.82998659	      4.82786687	     92.46695803	     -0.25070755	      0.95099986	     -1.25781688	     24.91762022	    -10.14154830	    -17.42063336	     29.17786961	      0.50924989	      2.20186953	    -21.27740098	     -7.49999987	    -15.08706963	      6.62986011	    -14.32121878	      8.57440346	      0.14965157	     13.84697949	     16.24397586	     -7.49999987	    -19.63343762	     -1.98451500	     -7.42094901	     -1.56361735	     -4.86133502	    -37.33355195	     43.60330766	    102.99553445	     16.47448572	     -9.71013061	    -22.30273719	     37.35653433	     89.09411844
      1.94000000	     -4.01337827	      4.70500272	     92.90567198	     -0.25022885	      0.94895251	     -1.26909467	     25.12520169	    -10.14508626	    -18.42004616	     26.04884774	      0.45463816	      3.03154114	    -17.08372556	     -7.49999987	    -15.66729554	      6.60590339	    -14.15891150	      8.73874278	      0.15251983	     13.96230980	     16.45451794	     -7.49999987	    -19.66057962	     -2.10743132	     -7.71080926	     -1.92565402	     -4.57183226	    -38.06881210	     43.31033910	    102.07924397	     17.18002021	    -10.12204839	    -20.81429154	     37.82658213	     88.36629883
      1.95000000	     -4.14110569	      4.45637504	     93.35681783	     -0.24950502	      0.94673374	     -1.28032573	     25.47533703	    -10.03087552	    -19.27683563	     23.10911255	      0.40333010	      3.41278354	    -13.28902381	     -7.49999987	    -16.00986823	      6.46843101	    -14.01562320	      9.09650149	      0.15876390	     14.25100829	     16.55252138	     -7.49999987	    -19.55396073	     -2.20667467	     -8.00467845	     -2.20045526	     -4.24507382	    -38.90560750	     42.89911443	    101.68634588	     17.91379681	    -10.36954769	    -19.93530028	     38.24583120	     87.74055719
      1.96000000	     -4.25367491	      4.10010299	     93.69612843	     -0.24857958	      0.94446218	     -1.29165034	     25.94022344	     -9.82998732	    -19.87119697	     20.41447002	      0.35629972	      3.51760923	     -9.11380355	     -7.49999987	    -16.20944446	      6.32344148	    -14.05579407	      9.50855269	      0.16595555	     14.42456086	     16.68270805	     -7.49999987	    -19.34373306	     -2.33002569	     -8.14295724	     -2.43022228	     -3.93797172	    -39.91490060	     42.41528899	    101.84745462	     18.59049587	    -10.55555528	    -19.18350470	     38.66906275	     87.71244687
      1.97000000	     -4.25734869	      3.71917860	     94.01240046	     -0.24732798	      0.94209686	     -1.30310031	     26.34777278	     -9.50799856	    -20.51879444	     17.90978551	      0.31258473	      3.63002297	     -4.88464031	     -7.49999987	    -16.27559416	      6.00270181	    -14.17764639	     10.16155184	      0.17735254	     14.46267927	     16.71056215	     -7.49999987	    -19.01006207	     -2.32479519	     -8.36501111	     -2.52827414	     -3.58537801	    -40.99103463	     41.88856087	    103.49490037	     19.17063884	    -10.68481926	    -19.09059138	     38.94104626	     89.83687546
      1.98000000	     -4.26001183	      3.29357651	     94.32692629	     -0.24591640	      0.93973539	     -1.31472943	     26.73578275	     -9.16031947	    -20.98261801	     15.66886344	      0.27347326	      3.52128407	     -1.64394932	     -7.49999987	    -16.21357947	      5.63415642	    -14.31190464	     10.98713418	      0.19176167	     14.64228926	     17.06090445	     -7.49999987	    -18.65500688	     -2.37090368	     -8.49029656	     -2.74599468	     -3.31533328	    -41.72735991	     41.33535034	    103.32043968	     19.59321083	    -10.93292347	    -18.27884553	     39.40100648	     89.50161533
      1.99000000	     -4.18914395	      2.83572162	     94.57994651	     -0.24463391	      0.93750372	     -1.32655004	     27.13013706	     -8.79438444	    -21.16381541	     13.79655350	      0.24079528	      3.18316871	      1.44389359	     -7.49999987	    -16.11656163	      5.20476073	    -14.46970563	     11.79562138	      0.20587243	     14.65457381	     17.28302354	     -7.49999987	    -18.26840092	     -2.30181171	     -8.45849486	     -3.00686380	     -3.11353028	    -42.43565047	     40.91602985	    102.95692893	     20.04389947	    -10.92006292	    -17.80092122	     39.82704452	     88.73282852
      2.00000000	     -4.13061032	      2.47539277	     94.91216117	     -0.24351385	      0.93551829	     -1.33866735	     27.41385233	     -8.54859114	    -21.27364581	     12.50905610	      0.21832422	      2.79996225	      3.88332363	     -7.49999987	    -16.12530871	      4.75421392	    -14.49158762	     12.61496320	      0.22017264	     14.46758032	     17.52983356	     -7.49999987	    -17.93419571	     -2.21629912	     -8.49979674	     -3.19708817	     -2.92498080	    -43.28492771	     40.36674021	    103.06691440	     20.45517825	    -10.93456046	    -17.28312224	     40.12092457	     88.60401576
      2.01000000	     -3.95301908	      2.17000336	     95.19345840	     -0.24239471	      0.93359522	     -1.35132126	     27.70885432	     -8.23457708	    -21.16073393	     11.94415218	      0.20846478	      2.49541138	      5.28208159	     -7.49999987	    -16.22267365	      4.18296343	    -14.50465908	     13.41614580	      0.23415592	     14.22878374	     17.60360743	     -7.49999987	    -17.58201672	     -1.95562626	     -8.51728775	     -3.52669475	     -2.87304053	    -43.69953793	     40.01820231	    103.11072884	     20.61199117	    -10.82930483	    -17.15434580	     40.58511608	     88.87082891
      2.02000000	     -3.82370134	      2.10466563	     95.44812044	     -0.24140838	      0.93214681	     -1.36447032	     27.83468475	     -8.05652726	    -20.98443509	     12.17134696	      0.21243008	      2.24616810	      5.68376917	     -7.49999987	    -16.63885742	      3.67278006	    -14.36231340	     14.09176422	      0.24594768	     13.50643024	     17.76541363	     -7.49999987	    -17.43799802	     -1.72076655	     -8.41079204	     -3.93030004	     -2.91132710	    -43.98049890	     39.63224972	    103.11721104	     20.78150831	    -10.59661884	    -17.04181445	     40.88343477	     88.97521489
      2.03000000	     -3.59808683	      2.10962516	     95.75915997	     -0.24072944	      0.93087334	     -1.37824694	     27.78315023	     -7.84931981	    -20.87901727	     12.79459551	      0.22330782	      1.95795590	      5.73594437	     -7.49999987	    -17.19302290	      3.05249160	    -14.21055187	     14.67712452	      0.25616415	     12.79729136	     17.94649968	     -7.49999987	    -17.27056817	     -1.30440687	     -8.36411174	     -4.30203335	     -3.00108441	    -44.39196017	     39.21613570	    103.10641254	     20.76112064	    -10.36213202	    -16.91525331	     41.22010830	     89.10185774
      2.04000000	     -3.32439981	      2.21226257	     96.04244776	     -0.24007549	      0.92974654	     -1.39255746	     27.52673032	     -7.59888980	    -20.80216606	     13.69735310	      0.23906391	      1.65436979	      5.42727953	     -7.49999987	    -17.83961926	      2.37348141	    -14.00957418	     15.29217735	      0.26689884	     11.89874645	     18.02901578	     -7.49999987	    -17.09424562	     -0.81251897	     -8.33358906	     -4.66464956	     -3.12602528	    -44.77765867	     38.75287739	    103.09426941	     20.56274524	    -10.10026841	    -16.84271665	     41.52595607	     89.20561500
      2.05000000	     -3.05246159	      2.51293447	     96.36047526	     -0.23940525	      0.92905926	     -1.40732191	     26.87870917	     -7.28473731	    -20.45739453	     14.64237542	      0.25555766	      0.77682908	      3.90542932	     -7.49999987	    -18.74219544	      1.65598522	    -13.77603403	     15.82166416	      0.27614013	     10.59637540	     17.99999355	     -7.49999987	    -17.14103696	     -0.28760608	     -8.37947125	     -4.73757249	     -3.13687794	    -45.83837051	     38.09709937	    103.10084216	     20.05831027	     -9.87454599	    -16.88932723	     42.24834475	     89.55328109
      2.06000000	     -2.85396756	      2.78418416	     96.52882903	     -0.23903898	      0.92834802	     -1.42273360	     26.41503011	     -7.17748027	    -20.64602504	     16.07465063	      0.28055558	     -1.19751568	      2.86947608	     -7.49999987	    -19.74349971	      1.22093349	    -13.31363049	     16.18698028	      0.28251610	      9.33260816	     17.60744889	     -7.49999987	    -17.01494161	      0.16222455	     -8.18805785	     -5.20318825	     -3.39193646	    -46.13326156	     37.64480457	    103.11155055	     19.68316853	     -9.50295608	    -16.81580537	     42.47373758	     89.64837827
      2.07000000	     -2.57356236	      3.21752132	     96.60632475	     -0.23825934	      0.92832977	     -1.43768917	     25.72688783	     -6.70058394	    -19.73332815	     16.94821617	      0.29580217	     -3.41839063	     -0.40240865	     -7.49999987	    -20.74509110	      0.67536249	    -12.54408550	     16.65226214	      0.29063680	      7.18263158	     16.23449071	     -7.49999987	    -17.21783127	      0.71059518	     -7.99665996	     -5.27907606	     -3.60741701	    -46.64775357	     37.06464511	    103.11828888	     19.12573233	     -9.18361363	    -16.97140524	     42.95446131	     89.86398335
      2.08000000	     -2.02140967	      3.23533507	     96.40620069	     -0.23681427	      0.92787380	     -1.45227656	     25.70759279	     -5.86370047	    -18.17080309	     18.21789440	      0.31796224	     -3.94329398	     -3.01234076	     -7.49999987	    -20.89824785	     -0.29425866	    -12.89189273	     17.82461631	      0.31109824	      5.46924486	     16.35836970	     -7.49999987	    -16.90326068	      1.39703569	     -7.52069983	     -5.31528986	     -3.93408067	    -47.01870287	     36.23484341	    103.22642702	     18.58900347	     -8.75476801	    -17.31606292	     43.33889163	     90.10483007
      2.09000000	     -1.53457659	      3.61293533	     96.06034253	     -0.23531673	      0.92899391	     -1.46727497	     25.30122904	     -5.04916350	    -16.59445879	     19.70811314	      0.34397146	     -4.62792242	     -3.94507804	     -7.49999987	    -21.58531404	     -1.06092147	    -13.01099033	     18.74571304	      0.32717441	      2.81381997	     15.96752896	     -7.49999987	    -17.09334333	      2.06897266	     -6.92153060	     -5.18883645	     -4.29205002	    -47.30256839	     35.35902255	    103.35299982	     17.98293773	     -8.31518735	    -17.69301609	     43.59250338	     90.30651217
      2.10000000	     -0.80432683	      4.00046885	     95.73206417	     -0.23375527	      0.93019739	     -1.48254231	     24.88456964	     -3.95789217	    -15.02304400	     21.31265039	      0.37197592	     -5.66305287	     -5.35415882	     -7.49999987	    -22.12053042	     -1.96540753	    -12.74372653	     19.82802441	      0.34606431	      0.17626227	     14.16093328	     -7.49999987	    -17.15347148	      2.98030525	     -6.36075036	     -5.02680645	     -4.70787483	    -47.59566859	     34.40268934	    103.53254046	     17.20845534	     -7.75832929	    -18.38348800	     43.89659551	     90.52540466
      2.11000000	      0.05647743	      4.26079731	     95.58595681	     -0.23161644	      0.93146514	     -1.49748504	     24.53160833	     -2.61650939	    -13.16671549	     22.70789091	      0.39632746	     -6.31476138	     -7.45752797	     -7.49999987	    -22.22572740	     -3.16850596	    -12.46519513	     21.35086840	      0.37264295	     -2.78984906	     12.30156371	     -7.49999987	    -17.11312736	      3.96289802	     -5.96758629	     -4.77229391	     -4.96779915	    -47.92709040	     33.45543961	    103.74474545	     16.46912210	     -7.34934570	    -19.07435825	     44.07461566	     90.76619069
      2.12000000	      0.84197125	      4.64093390	     95.27014108	     -0.22908474	      0.93287324	     -1.51294420	     23.93571079	     -1.28440646	    -11.81804195	     23.87746035	      0.41674030	     -6.11124993	     -8.65720903	     -7.49999987	    -22.39102918	     -4.28720021	    -12.55427418	     23.01749134	      0.40173101	     -5.89301027	     11.06799887	     -7.49999987	    -17.15739029	      4.78739689	     -5.31356018	     -4.78888453	     -5.13898939	    -47.98162017	     32.84397861	    103.82559217	     15.65657493	     -7.08354553	    -19.27697943	     44.20385359	     90.84456212
      2.13000000	      1.67923703	      4.89492460	     94.86935916	     -0.22653318	      0.93450622	     -1.52798700	     23.15740450	      0.34900979	     -9.76486253	     24.41435016	      0.42611080	     -6.61703006	    -12.33326612	     -7.49999987	    -22.24569126	     -5.23668724	    -11.98755816	     24.77164630	      0.43234679	    -10.02355491	      7.74317464	     -7.49999987	    -17.08238908	      5.63277020	     -4.84365644	     -4.36555687	     -5.45026769	    -48.22267167	     31.84954534	    104.09490803	     14.63639755	     -6.73578752	    -20.04856588	     44.57230513	     91.04489383
      2.14000000	      2.28950256	      5.06470327	     94.58626592	     -0.22418061	      0.93593874	     -1.54260641	     22.41260596	      1.60473785	     -8.26487717	     25.09804843	      0.43804358	     -5.62317804	    -14.50603335	     -7.49999987	    -21.71103000	     -6.03269482	    -11.31066670	     26.97643128	      0.47082755	    -14.19440800	      5.02468748	     -7.49999987	    -16.97159518	      6.24322029	     -4.33834715	     -4.12440836	     -5.62202096	    -48.42518886	     31.19101746	    104.42577383	     13.84942212	     -6.38550644	    -20.48240177	     44.57318907	     89.65268627
      2.15000000	      2.93793112	      5.29442129	     94.82962381	     -0.22252644	      0.93759941	     -1.55666071	     21.40267621	      2.58137159	     -8.12447470	     25.34520563	      0.44235729	     -4.47559698	    -14.80804674	     -7.49999987	    -20.80183824	     -7.00770217	     -9.78716236	     29.59715797	      0.51656786	    -17.91381131	      2.19251211	     -7.49999987	    -16.98381878	      7.00634874	     -4.39230713	     -3.87403372	     -5.67206924	    -48.37046639	     30.96218177	    103.74836181	     12.97546407	     -6.26547094	    -20.58222067	     44.80433787	     87.35226701
      2.16000000	      3.25169569	      4.98687610	     94.53377440	     -0.22061393	      0.93854268	     -1.57027630	     21.08510306	      3.30729458	     -7.25514767	     25.78740219	      0.45007507	     -3.62074794	    -15.79558741	     -7.49999987	    -19.18415157	     -7.24308985	     -8.31528909	     32.50238257	      0.56727359	    -20.60260424	     -0.35437088	     -7.49999987	    -16.45035609	      7.27573226	     -3.86624789	     -3.48170373	     -5.82383630	    -49.01140942	     30.33845152	    106.38254815	     12.35386789	     -5.99569859	    -20.94769359	     44.33784770	     88.34682146
      2.17000000	      3.65439320	      4.76586450	     94.86568796	     -0.21966809	      0.93967115	     -1.58332610	     20.55030624	      3.80141709	     -7.53357505	     25.93062124	      0.45257472	     -2.57414793	    -15.97371261	     -7.49999987	    -17.21114024	     -7.70984335	     -6.25522630	     35.89420303	      0.62647203	    -22.90788173	     -2.94355359	     -7.49999987	    -16.09033136	      7.78201518	     -3.93233839	     -3.11930266	     -5.81422307	    -49.44257791	     30.24322405	    107.72336270	     11.80382329	     -5.64825208	    -22.12437964	     44.10060890	     93.86588194
      2.18000000	      4.11279919	      4.58536788	     94.91030321	     -0.21859721	      0.94089359	     -1.59614731	     19.80059932	      4.42229883	     -7.77713983	     25.70706300	      0.44867289	     -1.70653798	    -15.72681050	     -7.49999987	    -15.24005448	     -8.14098038	     -4.96277144	     39.28234617	      0.68560628	    -25.48705856	     -6.16503336	     -7.49999987	    -15.79888706	      8.31407870	     -3.60056309	     -3.10389054	     -5.99992786	    -48.63840890	     30.53887401	    106.16013538	     11.33021506	     -5.37889553	    -22.02249711	     43.64092350	     91.10194914
      2.19000000	      4.46416709	      4.44907413	     95.26481720	     -0.21794883	      0.94232465	     -1.60847125	     18.97602553	      4.86428843	     -8.13824754	     25.45172685	      0.44421643	     -0.68365738	    -15.55971858	     -7.49999987	    -13.12706432	     -8.55207304	     -3.53722287	     42.71313831	      0.74548490	    -28.11991426	     -9.21589755	     -7.49999987	    -15.60118599	      8.74449298	     -3.53014897	     -2.72148180	     -6.03226862	    -48.87840545	     30.59593908	    107.05402300	     11.02504426	     -5.00939631	    -22.53590843	     43.11242070	     90.61896965
      2.20000000	      4.67446972	      4.31103821	     95.41749084	     -0.21718293	      0.94403101	     -1.62063738	     18.16139180	      5.16480235	     -8.45873479	     25.19955794	      0.43981526	      0.18712281	    -15.01723918	     -7.49999987	    -11.04275080	     -8.71589065	     -2.41756147	     45.93393787	      0.80169845	    -30.66541150	    -12.41606149	     -7.49999987	    -15.45296735	      8.99593198	     -3.31725978	     -2.41759214	     -6.07558131	    -48.80343315	     30.88712335	    108.15317054	     10.70323155	     -4.74815016	    -23.29591029	     42.51126663	     94.74021830
      2.21000000	      4.84482539	      4.31454844	     95.60308655	     -0.21644272	      0.94624388	     -1.63257778	     17.09513132	      5.42552515	     -8.89150475	     24.72571201	      0.43154508	      0.91385977	    -14.47116705	     -7.49999987	     -9.08941373	     -8.91999167	     -1.59592857	     48.88966681	      0.85328566	    -32.77651082	    -15.19453103	     -7.49999987	    -15.49209204	      9.21526673	     -3.10790243	     -2.16572351	     -6.17876290	    -47.98231764	     31.20262229	    106.79792990	     10.37741107	     -4.56576904	    -23.15853811	     41.82881758	     91.63047759
      2.22000000	      4.84301334	      4.38131493	     96.11626171	     -0.21634966	      0.94874193	     -1.64424914	     15.98790082	      5.40449880	     -9.49839108	     24.37948103	      0.42550221	      1.70678931	    -13.76099148	     -7.49999987	     -7.10284457	     -8.84767163	     -0.37661879	     51.66516050	      0.90172716	    -33.93345604	    -18.14002956	     -7.49999987	    -15.66138506	      9.30022183	     -3.08922491	     -1.74086466	     -6.13958900	    -48.12498374	     31.55666495	    106.95438040	     10.29180413	     -4.22143430	    -23.61342741	     41.09921416	     90.76662358
      2.23000000	      4.76266809	      4.24738866	     96.35665504	     -0.21572829	      0.95097912	     -1.65562084	     15.08081260	      5.34513162	     -9.98957407	     23.91563432	      0.41740656	      2.45078596	    -12.69946560	     -7.49999987	     -4.93590141	     -8.70269508	      0.18522846	     54.26662849	      0.94713134	    -33.04841837	    -19.99081798	     -7.49999987	    -15.61621780	      9.16940864	     -2.90084897	     -1.21154494	     -6.05337832	    -48.34763169	     31.76818269	    108.22538551	     10.23355199	     -4.09843541	    -24.42071209	     40.14114969	     95.46114875
      2.24000000	      4.69538919	      4.10584457	     96.65732217	     -0.21515077	      0.95302207	     -1.66664455	     14.16055960	      5.34596568	    -10.46029589	     23.32266864	      0.40705736	      3.05549044	    -12.20290321	     -7.49999987	     -2.70309417	     -8.50710030	      0.83001313	     56.73117004	      0.99014571	    -30.86715897	    -21.56652042	     -7.49999987	    -15.61420173	      9.05376185	     -2.69609858	     -0.99528017	     -6.07164349	    -47.34910233	     32.39737851	    105.86300015	     10.07232816	     -4.05117595	    -24.13099077	     39.41127467	     92.18954559
      2.25000000	      4.44345523	      3.81385814	     96.92488294	     -0.21479556	      0.95490287	     -1.67769954	     13.49043357	      5.05766331	    -10.89483623	     23.04817894	      0.40226661	      3.79251878	    -11.14622642	     -7.49999987	     -0.39633208	     -7.92467525	      1.54672491	     58.86427329	      1.02737538	    -27.81473193	    -23.06076946	     -7.49999987	    -15.42474760	      8.74560159	     -2.59816332	     -0.46402381	     -6.01623092	    -47.50012417	     32.78015160	    107.46759909	      9.89173106	     -3.96386839	    -24.60307397	     38.51569738	     93.72954224
      2.26000000	      4.25127614	      3.52872123	     97.18287787	     -0.21445791	      0.95676731	     -1.68851818	     12.74570275	      4.86809553	    -11.44771797	     22.52785203	      0.39318519	      4.34749375	    -10.28484688	     -7.49999987	      1.97800939	     -7.45502427	      2.01955498	     60.89463711	      1.06281191	    -23.83250144	    -23.95707852	     -7.49999987	    -15.28492020	      8.48845523	     -2.47033491	     -0.13785662	     -6.13949241	    -46.39686332	     33.28809696	    106.03886728	      9.60862846	     -3.89587642	    -24.66875606	     37.84273537	     91.44254954
      2.27000000	      4.03227199	      3.09891589	     97.23746259	     -0.21376849	      0.95822644	     -1.69928762	     12.14477186	      4.73503797	    -11.50124861	     21.97054048	      0.38345827	      4.90019818	     -9.69330319	     -7.49999987	      4.46707051	     -6.90296376	      2.29060525	     62.63924487	      1.09326106	    -20.52168915	    -24.69714350	     -7.49999987	    -14.99392253	      8.12507666	     -2.15333427	      0.38023925	     -6.09965145	    -46.39927599	     33.75981936	    106.98238321	      9.39485154	     -3.87967679	    -25.06725934	     37.07401143	     93.86803469
      2.28000000	      3.76549526	      2.85991615	     97.29198944	     -0.21308597	      0.95982318	     -1.71015238	     11.36484442	      4.49914729	    -11.99351913	     21.50098346	      0.37526295	      5.47951960	     -8.55938096	     -7.49999987	      6.68091919	     -6.39158140	      2.37195036	     63.91584826	      1.11554200	    -17.81677827	    -25.57624542	     -7.49999987	    -14.94432565	      7.72352672	     -1.91524209	      0.66271510	     -6.21771857	    -45.16056201	     34.50727636	    105.36986132	      8.93581154	     -3.90202270	    -24.99666485	     36.73479527	     91.25952753
      2.29000000	      3.52487290	      2.72059271	     97.16037652	     -0.21213638	      0.96147627	     -1.72125508	     10.43391560	      4.39967723	    -12.07134759	     20.91650179	      0.36506182	      6.01434310	     -7.84977416	     -7.49999987	      8.59934809	     -5.99272809	      2.13778859	     64.73827717	      1.12989609	    -15.29508823	    -26.36214051	     -7.49999987	    -14.97239327	      7.32614711	     -1.48481580	      0.91794831	     -6.33603606	    -43.96190768	     35.32209788	    103.54660951	      8.53050815	     -3.96535138	    -24.84844150	     36.20511157	     88.63317691
      2.30000000	      3.24947293	      2.43181516	     97.06325561	     -0.21122072	      0.96277415	     -1.73240444	      9.63547184	      4.24499701	    -12.21222608	     20.29249393	      0.35417083	      6.45219272	     -7.12218011	     -7.49999987	     10.61832228	     -5.57472603	      1.78897486	     65.27088501	      1.13919185	    -12.88272535	    -26.90946955	     -7.49999987	    -14.81292756	      6.88334757	     -1.18868808	      1.47012584	     -6.33197687	    -43.78202217	     35.88703805	    105.78894915	      8.16505492	     -3.96216552	    -26.00140329	     35.55892752	     93.29496725
      2.31000000	      2.92335321	      2.24802719	     96.70101605	     -0.21004259	      0.96405689	     -1.74336598	      8.80631064	      4.06410681	    -12.15603339	     19.77972661	      0.34522135	      6.93357049	     -6.33464197	     -7.49999987	     12.37919994	     -5.18940715	      1.08963008	     65.46441016	      1.14256950	    -10.70146529	    -27.55244744	     -7.49999987	    -14.87758760	      6.35224748	     -0.66980988	      1.78902233	     -6.53112411	    -42.28472675	     36.75656404	    103.64843949	      7.74786357	     -3.95374309	    -26.32208676	     35.09738942	     90.51168492
