Coordinates
version=1
nRows=251
nColumns=36
inDegrees=yes

Units are S.I. units (second, meters, Newtons, ...)
If the header above contains a line with 'inDegrees', this indicates whether rotational values are in degrees (yes) or radians (no).

endheader
time	pelvis_tilt	pelvis_list	pelvis_rotation	pelvis_tx	pelvis_ty	pelvis_tz	hip_flexion_r	hip_adduction_r	hip_rotation_r	knee_angle_r	knee_angle_r_beta	ankle_angle_r	subtalar_angle_r	mtp_angle_r	hip_flexion_l	hip_adduction_l	hip_rotation_l	knee_angle_l	knee_angle_l_beta	ankle_angle_l	subtalar_angle_l	mtp_angle_l	lumbar_extension	lumbar_bending	lumbar_rotation	arm_flex_r	arm_add_r	arm_rot_r	elbow_flex_r	pro_sup_r	arm_flex_l	arm_add_l	arm_rot_l	elbow_flex_l	pro_sup_l
      0.00000000	      1.04455889	      4.64452157	     92.34152718	     -0.21132856	      0.92919822	      1.10739963	     22.69963202	      1.15096669	     -9.31663464	     22.68204602	      0.39587638	     -4.82037024	     -3.72762861	     -7.52971704	    -16.84335049	     -1.88079141	    -11.02516293	     30.09399618	      0.52523932	     -0.85976713	      0.96493857	     -7.52971704	    -15.47464983	      2.53093272	     -5.35915100	     -2.15532317	     -5.91488419	    -39.76903781	     39.66877815	    109.84390362	     20.70663161	     -7.24367525	    -23.13768259	     39.31479576	     88.48767717
      0.01000000	      1.74273008	      5.24828500	     92.26862212	     -0.20983319	      0.93072063	      1.09252017	     21.54409385	      2.03015540	     -9.52918208	     23.54130024	      0.41087320	     -4.05705409	     -4.91019257	     -7.52075144	    -16.88291644	     -3.06656656	    -11.10217634	     32.39595999	      0.56541617	     -4.86831172	     -0.42589345	     -7.52075144	    -15.89477710	      3.31591388	     -5.07260208	     -1.98426437	     -6.03465534	    -39.96029482	     38.95118505	    110.38817845	     20.19945602	     -6.99726190	    -23.56129143	     39.49915429	     86.12237162
      0.02000000	      2.50213252	      5.74786856	     92.11943917	     -0.20789318	      0.93216662	      1.07780984	     20.53602005	      3.10326320	     -9.26081622	     24.44578788	      0.42665949	     -3.36381304	     -5.66920432	     -7.51555252	    -16.52138552	     -4.40316507	    -11.40319275	     35.03543272	      0.61148366	     -9.62603504	     -1.67284258	     -7.51555252	    -16.17107298	      4.06675083	     -4.78420351	     -1.69205602	     -6.06913077	    -40.16596350	     38.10632087	    110.27651022	     19.62456356	     -6.78329389	    -24.32024910	     39.70135589	     85.04151827
      0.03000000	      3.27111281	      6.13252551	     92.06778134	     -0.20617254	      0.93356619	      1.06357418	     19.56889843	      4.20407670	     -8.82267971	     25.18822718	      0.43961750	     -2.20339089	     -5.84617836	     -7.50684580	    -15.76614095	     -5.82034926	    -11.49649697	     37.90646708	      0.66159266	    -14.50259565	     -2.77274849	     -7.50684580	    -16.34975889	      4.82584867	     -4.48598809	     -1.49541190	     -6.13446247	    -40.23011988	     37.45738892	    110.71095412	     19.22178435	     -6.48274919	    -25.72860068	     39.61933968	     89.47648070
      0.04000000	      3.82948241	      6.34333171	     92.09441962	     -0.20511389	      0.93483498	      1.04963974	     18.77392398	      4.97490054	     -8.49961423	     25.91548279	      0.45231050	     -1.11986133	     -6.75390776	     -7.50546472	    -14.63431757	     -6.84967340	    -10.97397649	     40.80548048	      0.71218999	    -18.33539142	     -3.64684945	     -7.50546472	    -16.40792544	      5.45666209	     -4.26776760	     -1.28377503	     -6.17597599	    -40.48082935	     36.98854368	    111.19527652	     18.70373124	     -6.24406152	    -26.13386370	     39.63093957	     87.90825705
      0.05000000	      4.06386952	      6.51051050	     92.27690225	     -0.20520119	      0.93611690	      1.03643587	     17.98475790	      5.38702819	     -7.90417230	     26.53719967	      0.46316151	      0.09595983	     -7.39697186	     -7.50470684	    -13.22217120	     -7.28409448	     -9.85553925	     43.81601415	      0.76473371	    -21.70179228	     -4.96485216	     -7.50470684	    -16.48319319	      5.80915251	     -4.22135553	     -1.15384788	     -6.38391117	    -40.05911277	     36.73605398	    110.38587869	     18.22355289	     -5.96370328	    -26.44177743	     39.67581071	     85.91667043
      0.06000000	      4.35210959	      6.84377846	     92.24134444	     -0.20482826	      0.93785185	      1.02331463	     16.84815359	      5.95514695	     -7.14722638	     26.82224180	      0.46813643	      1.39608178	     -7.66187112	     -7.50461637	    -12.07222576	     -7.84073761	     -9.31222839	     46.61726749	      0.81362481	    -24.48535647	     -5.68949663	     -7.50461637	    -16.81657796	      6.12461331	     -3.77980836	     -1.04172412	     -6.55308692	    -39.88559585	     36.57787280	    110.14078767	     17.91889771	     -5.73936603	    -26.51428267	     39.56391919	     85.77466022
      0.07000000	      4.78702683	      6.67310041	     92.65957884	     -0.20522581	      0.93928709	      1.01034182	     16.06825363	      6.53890755	     -6.82159337	     26.61398197	      0.46450161	      1.87888540	     -8.62435351	     -7.50449328	    -10.01152941	     -8.51651854	     -8.25764156	     49.71192107	      0.86763670	    -28.20414687	     -9.82896351	     -7.50449328	    -16.45759405	      6.76243500	     -3.94153254	     -0.94855265	     -6.64596272	    -39.71238799	     36.58639809	    110.49520606	     17.38186230	     -5.43982309	    -27.07205682	     39.20719152	     85.96620833
      0.08000000	      5.05100374	      6.68391980	     92.92735573	     -0.20540881	      0.94137268	      0.99787804	     14.95736080	      6.96771633	     -6.53349883	     26.14256971	      0.45627392	      2.49100286	     -8.94598937	     -7.50443611	     -8.16456748	     -9.02150057	     -7.48058357	     52.52134889	      0.91667047	    -31.69369755	    -12.98132906	     -7.50443611	    -16.44762447	      7.14260192	     -3.85097882	     -0.69407876	     -6.71391042	    -39.68958720	     36.48803028	    111.06159325	     17.06834343	     -5.13238022	    -27.62816893	     38.72935674	     86.26804187
      0.09000000	      5.17894162	      6.67746272	     93.20533601	     -0.20549559	      0.94373254	      0.98570468	     13.78873765	      7.19861308	     -6.49738036	     25.49128701	      0.44490689	      3.05929621	     -8.80517472	     -7.50436742	     -6.28103594	     -9.37571234	     -6.77493593	     55.09513459	      0.96159150	    -33.93539239	    -15.80995509	     -7.50436742	    -16.46551270	      7.33122740	     -3.76524578	     -0.40761304	     -6.67032555	    -39.71577880	     36.42479251	    111.44038393	     16.78699357	     -4.90123502	    -28.12300195	     38.29176396	     86.54907880
      0.10000000	      5.14572514	      6.63372910	     93.47380158	     -0.20564311	      0.94626067	      0.97376036	     12.55452420	      7.26497714	     -6.46981756	     24.61660050	      0.42964073	      3.61261358	     -8.61322027	     -7.50430097	     -4.37393066	     -9.46637432	     -6.15301582	     57.37442224	      1.00137257	    -34.61291777	    -18.60716662	     -7.50430097	    -16.46282371	      7.34182179	     -3.68085507	     -0.10458773	     -6.64509764	    -39.62617279	     36.39191962	    111.66474536	     16.52627679	     -4.73323856	    -28.48402752	     37.69684749	     86.72936193
      0.11000000	      5.03759655	      6.40834259	     93.71049338	     -0.20585429	      0.94854681	      0.96217915	     11.51301194	      7.20515859	     -6.61785539	     23.70037932	      0.41364965	      4.10141067	     -8.08056596	     -7.50417537	     -2.24239051	     -9.39411995	     -5.64602885	     59.51598679	      1.03874993	    -32.85090535	    -20.57402915	     -7.50417537	    -16.31286821	      7.22642902	     -3.53851348	      0.14794417	     -6.59163131	    -39.48280450	     36.48655515	    111.33915511	     16.27796976	     -4.57272986	    -28.74907499	     37.09979290	     86.61901585
      0.12000000	      4.92010225	      5.95977110	     94.08943363	     -0.20608801	      0.95063408	      0.95092258	     10.75414026	      7.03700743	     -7.16287931	     22.80099708	      0.39795247	      4.46069649	     -7.26598724	     -7.50397317	      0.24461438	     -9.24015097	     -4.99849907	     61.48869817	      1.07318024	    -29.86165744	    -22.24778914	     -7.50397317	    -15.91995485	      7.10125298	     -3.53584230	      0.41383849	     -6.46707954	    -39.32853079	     36.62316333	    110.91326870	     16.02769301	     -4.42555760	    -29.12077244	     36.39270243	     86.46759852
      0.13000000	      4.70721410	      5.54516920	     94.35832756	     -0.20626365	      0.95260014	      0.93986753	      9.98849782	      6.80039942	     -7.57037574	     21.93904438	      0.38290856	      4.94980748	     -6.34050208	     -7.50378457	      2.67182994	     -8.78666137	     -4.26625290	     63.22319051	      1.10345284	    -26.18582402	    -24.04026721	     -7.50378457	    -15.60349476	      6.83169854	     -3.47122328	      0.70579835	     -6.38264331	    -39.05155043	     36.81247182	    110.63075842	     15.70092947	     -4.36710811	    -29.36352877	     35.87688028	     86.35514307
      0.14000000	      4.48893825	      5.12083330	     94.58165335	     -0.20635643	      0.95449549	      0.92877209	      9.26214977	      6.59307398	     -7.84496507	     21.14878728	      0.36911597	      5.32619000	     -5.65887996	     -7.50362525	      5.09080750	     -8.34991041	     -3.70713205	     64.66631488	      1.12864011	    -22.51405290	    -25.35666186	     -7.50362525	    -15.27004197	      6.55775790	     -3.35512490	      0.95059771	     -6.30066291	    -38.78570100	     37.14892776	    110.44224198	     15.39654063	     -4.33569730	    -29.55297822	     35.26759490	     86.23004206
      0.15000000	      4.15780870	      4.71715592	     94.71112223	     -0.20625418	      0.95634528	      0.91783481	      8.59191217	      6.26770812	     -8.06357996	     20.50008172	      0.35779392	      5.61935106	     -5.08736433	     -7.50352759	      7.42219571	     -7.75131406	     -3.29420618	     65.68970101	      1.14650157	    -19.45993536	    -26.82536418	     -7.50352759	    -15.02132752	      6.11280762	     -3.16777356	      1.22360735	     -6.13787706	    -38.55694129	     37.54889275	    110.30454205	     15.09626665	     -4.34856197	    -29.71007799	     34.71548408	     86.12493858
      0.16000000	      3.76467030	      4.53854299	     94.68410892	     -0.20588748	      0.95859184	      0.90705406	      7.57116041	      5.97254570	     -7.97706506	     19.59288137	      0.34196029	      5.81087171	     -4.72850888	     -7.50352665	      9.36235859	     -7.17116056	     -3.21488977	     66.16417156	      1.15478264	    -17.74460093	    -28.22832560	     -7.50352665	    -15.09152124	      5.55676689	     -2.84319138	      1.70853541	     -6.00692961	    -38.36411101	     37.75958037	    110.53751817	     14.78969665	     -4.46036290	    -29.73729730	     34.38248870	     86.17148906
      0.17000000	      3.54742380	      3.81003513	     94.83143419	     -0.20621569	      0.95950974	      0.89602475	      7.39812278	      5.66663693	     -8.42856398	     19.24206774	      0.33583744	      6.29178611	     -3.65188232	     -7.50339069	     11.94803464	     -6.67206266	     -2.90644854	     66.62082423	      1.16275273	    -14.70155451	    -28.86594616	     -7.50339069	    -14.37806029	      5.28542406	     -2.81649104	      1.81543612	     -5.94309880	    -37.93841030	     38.46775568	    110.09411818	     14.09229263	     -4.52950726	    -29.74792875	     33.98321508	     85.92632469
      0.18000000	      3.14866001	      3.54722488	     94.78383300	     -0.20606308	      0.96108424	      0.88507328	      6.58758514	      5.34011566	     -8.34568930	     18.58311361	      0.32433652	      6.52893377	     -3.30038536	     -7.50336219	     13.79498086	     -6.10791287	     -2.99716705	     66.52993851	      1.16116648	    -12.78784284	    -29.83564826	     -7.50336219	    -14.28250815	      4.73565471	     -2.62299176	      2.22618218	     -5.78417636	    -37.64584001	     38.91711251	    110.17377255	     13.57895165	     -4.69111368	    -29.83091488	     33.62593614	     85.89674635
      0.19000000	      2.83242701	      3.10031431	     94.77692083	     -0.20588832	      0.96199911	      0.87421697	      6.08173468	      5.02070239	     -8.57620396	     18.14994281	      0.31677626	      6.96596739	     -2.53270958	     -7.50325821	     15.84767652	     -5.67301374	     -3.15472985	     66.27986819	      1.15680193	    -10.42587117	    -29.91636263	     -7.50325821	    -13.99778311	      4.28066204	     -2.41977642	      2.38840221	     -5.73714499	    -37.07923598	     39.68356166	    109.85189757	     13.01889833	     -4.83449044	    -29.90433556	     33.44468664	     85.68411110
      0.20000000	      2.55986228	      2.86557199	     94.48340419	     -0.20538939	      0.96308555	      0.86296816	      5.27938458	      4.75649672	     -8.75399395	     17.59300881	      0.30705593	      7.52388116	     -1.10569987	     -7.50254490	     17.38748654	     -5.47722589	     -3.71974017	     65.52388120	      1.14360747	     -8.41282544	    -29.76082379	     -7.50254490	    -13.93995590	      3.86580114	     -2.00345506	      2.45907440	     -5.89559019	    -35.73477117	     40.57211450	    109.45905884	     12.35828646	     -5.00223864	    -29.75758347	     33.27708660	     84.12386559
      0.21000000	      2.28005874	      2.72353283	     94.20621091	     -0.20490372	      0.96417433	      0.85191332	      4.39739520	      4.51422220	     -8.79127058	     17.05670256	      0.29769562	      7.82504718	     -0.47899124	     -7.50216829	     18.76720878	     -5.23564535	     -4.23287261	     64.46744050	      1.12516910	     -6.84797866	    -29.68425576	     -7.50216829	    -13.99452554	      3.43232982	     -1.61402832	      2.64861752	     -5.97980171	    -34.58816757	     41.37866478	    106.69376552	     11.75069539	     -5.18925064	    -29.46495485	     33.05155983	     81.35556359
      0.22000000	      2.17182063	      2.34219896	     93.92922391	     -0.20440531	      0.96441311	      0.84095977	      3.78666263	      4.46607803	     -8.75225017	     16.49147335	      0.28783051	      8.20139161	     -0.10359225	     -7.50212347	     20.38417924	     -5.17277943	     -4.71493329	     63.21068273	      1.10323454	     -5.80795502	    -29.48281899	     -7.50212347	    -13.76890448	      3.17890123	     -1.21518335	      3.05635357	     -5.91350804	    -34.36867326	     41.96845478	    106.33036894	     11.03533990	     -5.34406729	    -29.59992623	     32.99223013	     81.17610661
      0.23000000	      1.72322250	      2.60509988	     93.39489428	     -0.20412447	      0.96546987	      0.82946343	      2.46840666	      3.99754761	     -8.76760582	     16.06868085	      0.28045139	      8.79058134	      1.38579315	     -7.50202417	     20.85121538	     -4.87956120	     -5.64445641	     61.25891316	      1.06916973	     -4.48567847	    -28.47283347	     -7.50202417	    -14.29498450	      2.60229888	     -0.71363305	      3.31439359	     -6.06854679	    -33.36966877	     43.00266890	    106.83389732	     10.30938842	     -5.39879245	    -30.03601551	     33.24562407	     81.29870868
      0.24000000	      1.76654918	      2.53621358	     93.11476219	     -0.20340892	      0.96554580	      0.81836768	      1.52905272	      4.03571762	     -9.37161920	     15.49254373	      0.27039590	      9.29820627	      2.95954052	     -7.50195239	     21.89163591	     -5.04945045	     -6.15261240	     59.36157068	      1.03605486	     -3.81507314	    -27.76057764	     -7.50195239	    -14.47305012	      2.51842306	     -0.22188633	      3.45323813	     -6.12226941	    -32.74466660	     44.19516785	    107.17679604	      9.71266593	     -5.48930539	    -30.39434994	     33.28612525	     81.43272902
      0.25000000	      1.58177579	      2.68661212	     92.58327335	     -0.20287717	      0.96586454	      0.80674353	      0.34001002	      3.80669990	     -9.76009256	     15.02442739	      0.26222573	      9.76190111	      4.53568680	     -7.50181571	     22.29711327	     -5.04323873	     -7.01633223	     56.84119519	      0.99206601	     -3.06064801	    -26.85931974	     -7.50181571	    -14.79960113	      2.19985469	      0.27742462	      3.79758084	     -6.29388226	    -31.82730681	     45.00481518	    107.65928285	      8.97088072	     -5.55607414	    -31.05401649	     33.31797478	     81.86442327
      0.26000000	      1.56005321	      2.40115989	     92.06076805	     -0.20221343	      0.96530145	      0.79545355	     -0.28659993	      3.78248873	     -9.75100648	     14.66203287	      0.25590075	      9.86936310	      5.10893296	     -7.50178076	     23.19650073	     -5.15305574	     -7.79062349	     54.21139460	      0.94616733	     -2.62498045	    -26.32033140	     -7.50178076	    -14.66220173	      2.01912556	      0.82627172	      4.14691468	     -6.31842808	    -31.44362489	     45.75618679	    107.42158719	      8.20454575	     -5.68779847	    -31.34753004	     33.22511710	     81.77642166
      0.27000000	      1.32724480	      2.89451916	     91.28914567	     -0.20175929	      0.96545141	      0.78393702	     -1.75518323	      3.46357417	     -9.88572955	     14.35045104	      0.25046262	     10.57441269	      6.54258615	     -7.50172590	     22.90106354	     -5.14751882	     -8.98272213	     51.03148623	      0.89066746	     -1.86085060	    -25.04772940	     -7.50172590	    -15.42956541	      1.61529441	      1.65764049	      4.37079921	     -6.72120072	    -30.36428244	     46.82821060	    107.44664072	      7.60677400	     -5.62012695	    -32.02813889	     33.39026391	     81.82863254
      0.28000000	      1.74587867	      2.63697909	     90.88866158	     -0.20128035	      0.96406596	      0.77260252	     -2.36727320	      3.87726022	    -10.22554535	     14.09147732	      0.24594268	     10.72645584	      6.94248555	     -7.50170751	     23.69369675	     -5.64893842	     -9.43694989	     48.06441251	      0.83888225	     -1.52551539	    -24.56976337	     -7.50170751	    -15.26793043	      1.96877028	      2.14179534	      4.83066194	     -6.85783897	    -30.00195951	     47.47005897	    107.32235888	      6.84806356	     -5.68853316	    -32.32772526	     33.16451875	     81.78252272
      0.29000000	      1.52067483	      3.26389014	     90.09860935	     -0.20060869	      0.96402123	      0.76112327	     -3.92140095	      3.50609743	    -10.51703289	     13.89156779	      0.24245360	     11.52515770	      8.65790091	     -7.50165007	     22.97728810	     -5.64710115	    -10.89185555	     44.23869372	      0.77211086	     -0.57358921	    -22.59711759	     -7.50165007	    -16.21739136	      1.50834295	      2.94321241	      5.05562108	     -7.30080018	    -28.62687781	     48.60558532	    107.25530236	      6.39817996	     -5.60161384	    -33.36143071	     33.27029944	     81.83188426
      0.30000000	      1.59336637	      3.48315797	     89.69437876	     -0.20066963	      0.96298432	      0.74955901	     -5.04907710	      3.46990310	    -11.08788856	     13.70166832	      0.23913923	     12.00340960	      9.79503837	     -7.50152054	     22.87294986	     -5.64175578	    -11.52267866	     40.56572110	      0.70800540	      0.22664048	    -20.82041556	     -7.50152054	    -16.60820755	      1.49210440	      3.33963011	      5.34833767	     -7.67380170	    -27.49758933	     49.51135121	    106.69690579	      5.87817541	     -5.45810421	    -34.61776076	     33.11732698	     82.15767506
      0.31000000	      1.71538883	      3.58980031	     89.12537226	     -0.20061887	      0.96154252	      0.73799227	     -5.98643800	      3.47382834	    -11.26853804	     13.64021352	      0.23806664	     12.47334960	     10.59712133	     -7.50145896	     22.80951637	     -5.68931139	    -12.22767678	     36.79049832	      0.64211533	      1.01526020	    -18.49629223	     -7.50145896	    -16.84708378	      1.51276313	      3.92776540	      5.72055101	     -8.03592543	    -26.70364953	     50.22246390	    106.43662015	      5.29791095	     -5.43292084	    -35.25275827	     32.81373166	     82.27994852
      0.32000000	      2.26851976	      3.09450158	     88.75494934	     -0.20110417	      0.95883120	      0.72758302	     -6.03559563	      3.94430445	    -11.33806497	     13.93794269	      0.24326299	     12.84579880	     10.61519598	     -7.50143817	     23.71202836	     -6.00354065	    -12.16448020	     33.37639988	      0.58252807	      1.06694091	    -17.13027438	     -7.50143817	    -16.60138878	      2.11625452	      4.40633436	      6.29508190	     -8.29897151	    -26.46100738	     50.90553935	    106.03057365	      4.66538797	     -5.32312058	    -35.42176629	     32.75431506	     82.15891004
      0.33000000	      1.97181560	      3.41295685	     87.68917314	     -0.20068033	      0.95769109	      0.71603723	     -6.96999105	      3.31973226	    -11.15325127	     14.34620003	      0.25038843	     13.76928509	     11.59295825	     -7.50136287	     22.98493582	     -5.92415812	    -14.18223860	     29.24493134	      0.51042034	      2.11926458	    -11.45319300	     -7.50136287	    -17.10374963	      1.53145856	      5.42793886	      6.49646545	     -8.91104875	    -25.09991794	     51.75522384	    105.67429610	      4.40132141	     -5.18702363	    -36.56381628	     32.30607393	     82.16399017
      0.34000000	      2.04951003	      3.28552787	     87.14928972	     -0.20118386	      0.95558325	      0.70492387	     -7.39848466	      3.18446291	    -11.14017411	     14.76998226	      0.25778482	     14.39026692	     11.73233579	     -7.50132865	     23.05470796	     -5.90268460	    -14.96601133	     25.54263583	      0.44580309	      1.99445627	     -7.71994076	     -7.50132865	    -17.16272978	      1.54778329	      5.94452187	      6.95221372	     -9.25712842	    -24.47827981	     52.37532089	    105.74613678	      4.00347747	     -5.04989005	    -37.34119440	     32.03008409	     82.35721238
      0.35000000	      2.13582984	      3.15846109	     86.77047897	     -0.20188295	      0.95351348	      0.69396310	     -7.84789336	      3.10891285	    -11.08770752	     15.12844457	      0.26404117	     14.88940283	     11.73104268	     -7.50129803	     23.15266826	     -5.81612695	    -15.54955253	     22.04705681	      0.38479373	      1.78887822	     -3.94856864	     -7.50129803	    -17.23130057	      1.59949782	      6.28882222	      7.46253021	     -9.55417804	    -23.88993795	     52.89077571	    105.86389417	      3.67238489	     -4.92105637	    -38.21587679	     31.70424837	     82.61554098
      0.36000000	      2.25155514	      2.98704310	     86.49828676	     -0.20269232	      0.95134151	      0.68281631	     -8.26926423	      3.08043115	    -11.02798822	     15.43979867	      0.26947532	     15.37827599	     11.69921983	     -7.50127628	     23.23818753	     -5.73407358	    -15.85156431	     18.74920889	      0.32723543	      1.59721556	     -0.39898885	     -7.50127628	    -17.26973205	      1.70198433	      6.59931836	      7.87507584	     -9.80096643	    -23.48593986	     53.48063812	    106.04700371	      3.37551390	     -4.82131519	    -39.00437814	     31.37557984	     82.93611470
      0.37000000	      2.58131549	      2.50592753	     86.13341090	     -0.20376261	      0.94861986	      0.67251846	     -8.16864900	      3.26384045	    -10.57500196	     16.05047882	      0.28013370	     15.68495760	     11.53305065	     -7.50127158	     23.74942902	     -5.86516814	    -15.36093220	     15.87446262	      0.27706164	      1.12522860	      1.26539028	     -7.50127158	    -17.08841355	      2.09523319	      6.97671076	      8.50467825	    -10.03629359	    -23.27542064	     53.93373878	    105.92282332	      2.97767288	     -4.69656354	    -39.21772116	     31.13623517	     82.93806829
      0.38000000	      2.08923855	      2.76529524	     85.28753142	     -0.20442160	      0.94726627	      0.66079344	     -8.83329727	      2.32165101	    -10.15005003	     16.80644686	      0.29332783	     16.32765447	     11.53908013	     -7.50107779	     22.91241709	     -5.40624952	    -16.78160979	     12.65986934	      0.22095640	      0.49623172	      5.07135300	     -7.50107779	    -17.44987531	      1.40705304	      7.56852526	      8.87213640	    -10.49420701	    -22.09258924	     54.28271338	    103.22715279	      2.91124978	     -4.41306172	    -40.70126000	     30.63387990	     81.18676175
      0.39000000	      2.10643818	      2.46686153	     84.97676990	     -0.20570488	      0.94473648	      0.64981882	     -8.82518790	      2.07637096	     -9.81653730	     17.70204217	      0.30895892	     16.74123614	     11.20231197	     -7.50063329	     23.14286552	     -5.32314434	    -16.62833000	     10.46735866	      0.18268987	     -0.15339483	      6.77119277	     -7.50063329	    -17.34372783	      1.44775519	      7.77701620	      9.37489290	    -10.62523646	    -21.93678877	     54.67989588	    104.91834227	      2.75195828	     -4.24797662	    -42.10500792	     30.17741325	     84.78310871
      0.40000000	      1.95141301	      2.27215313	     84.65810054	     -0.20730477	      0.94225270	      0.63836791	     -8.98165083	      1.66526859	     -9.16084781	     18.47588951	      0.32246510	     17.07294899	     10.65403473	     -7.50056019	     23.28523653	     -5.07094853	    -16.54438287	      8.81902064	      0.15392095	     -0.49350857	      8.05853340	     -7.50056019	    -17.24629914	      1.33486606	      7.88300459	      9.84203851	    -10.87692964	    -21.31709779	     54.89627552	    104.39469966	      2.47530557	     -4.06542427	    -43.09140926	     29.82931005	     84.65581534
      0.41000000	      2.04165901	      2.06662636	     84.30119276	     -0.20835772	      0.93983166	      0.62660120	     -9.12289067	      1.45046802	     -8.79981620	     19.33424113	      0.33744617	     17.28489991	     10.61747350	     -7.50051169	     23.68898580	     -5.24310608	    -16.57342708	      8.27610127	      0.14444522	     -0.31197655	      8.92709953	     -7.50051169	    -17.11197445	      1.42744830	      8.09310924	     10.19942196	    -10.99374966	    -20.97003599	     55.18287244	    104.33066292	      2.11833276	     -4.00424809	    -43.61559162	     29.48481798	     84.58535919
      0.42000000	      1.76903201	      2.10222802	     83.82904431	     -0.20976118	      0.93769561	      0.61411822	     -9.53304180	      0.84869731	     -7.84915711	     20.15116683	      0.35170421	     17.47149523	     10.01103769	     -7.50046613	     23.84016720	     -5.06758732	    -16.77392522	      8.32854924	      0.14536061	     -0.00833244	      9.23929128	     -7.50046613	    -17.11017803	      1.10803567	      8.40210662	     10.29846522	    -11.17911366	    -20.55001085	     55.62333216	    101.97489212	      1.64614370	     -4.01638461	    -43.41429093	     29.25142500	     83.05517638
      0.43000000	      1.75985493	      2.03844694	     83.63634933	     -0.21105479	      0.93548574	      0.60133578	     -9.94678168	      0.56995589	     -7.39296821	     20.80669051	      0.36314526	     17.32811486	     10.02675712	     -7.50046428	     24.33667756	     -5.17768959	    -16.69250710	      9.29998640	      0.16231538	      0.16234817	      9.12710432	     -7.50046428	    -16.94964363	      1.10144192	      8.37721434	     10.57549746	    -11.13461139	    -20.40589059	     55.64496754	    102.76941805	      1.20671849	     -4.00022924	    -44.01384711	     28.90786936	     83.44648262
      0.44000000	      1.59938621	      2.07272509	     83.22833711	     -0.21188398	      0.93368272	      0.58848625	    -10.32412479	      0.09200563	     -6.63841517	     21.70649963	      0.37884989	     17.02984113	      9.46132907	     -7.50045528	     24.52232801	     -5.24329106	    -17.10610548	     10.33559695	      0.18039020	      0.08257359	      9.55564860	     -7.50045528	    -16.88703688	      0.82679471	      8.53621901	     10.78927144	    -11.00759405	    -20.38209284	     55.70442222	    102.38497531	      0.90511543	     -4.13927362	    -44.39540608	     28.38237364	     83.50567714
      0.45000000	      1.42072321	      2.13124980	     83.29926924	     -0.21321492	      0.93185868	      0.57490989	    -10.89720110	     -0.32648926	     -6.38264479	     22.39524891	      0.39087083	     16.52679001	      9.52340856	     -7.50037114	     24.69616678	     -5.08674924	    -16.83372894	     11.78609122	      0.20570610	     -1.74038784	      7.88791641	     -7.50037114	    -16.72129888	      0.62798853	      8.12903137	     10.91813016	    -10.64548395	    -20.46241096	     55.66750214	    104.83853770	      0.32581376	     -4.19032381	    -45.19359355	     28.26217046	     84.65190176
      0.46000000	      1.23874724	      2.44249164	     83.20911761	     -0.21442660	      0.93058658	      0.56084528	    -11.77763166	     -0.82920648	     -6.00043080	     23.01919173	      0.40176069	     15.75969425	      9.39442432	     -7.50031971	     24.44428895	     -4.97150391	    -17.08925446	     13.55613808	      0.23659924	     -4.90342020	      5.22520248	     -7.50031971	    -16.75744753	      0.36155889	      7.88173406	     10.96794407	    -10.32352834	    -20.49966309	     55.60119862	    104.38219075	     -0.14177165	     -4.29686192	    -45.75741077	     27.90477154	     84.79650787
      0.47000000	      1.05731715	      2.65090794	     83.32622490	     -0.21534740	      0.92984241	      0.54710613	    -12.56172306	     -1.12466832	     -5.27469887	     23.50133818	      0.41017573	     14.48063328	      8.34239341	     -7.50029735	     24.35891922	     -4.92999572	    -17.54774565	     15.66278245	      0.27336712	     -6.32432013	      3.16568275	     -7.50029735	    -16.80884804	      0.05760653	      7.65436915	     10.82978279	     -9.79691352	    -21.05334747	     55.73725005	    103.72874410	     -0.41186973	     -4.57900354	    -45.85728304	     27.46159281	     85.04046735
      0.48000000	      0.38880929	      3.07755825	     83.68571623	     -0.21722635	      0.92989702	      0.53324949	    -13.41469733	     -2.09172710	     -5.44740552	     24.27530539	      0.42368401	     13.09692073	      8.53512128	     -7.50026769	     24.01375544	     -4.10125917	    -17.46805910	     17.35788192	      0.30295219	     -6.03834886	      1.24661103	     -7.50026769	    -17.02952270	     -0.71514814	      6.87592731	     10.96395497	     -9.31966713	    -21.15054388	     55.32312259	    104.09678095	     -0.68453587	     -4.86559950	    -46.05031128	     27.10419796	     85.14358288
      0.49000000	     -0.25416459	      3.44128681	     84.10573038	     -0.21908754	      0.93040043	      0.51951552	    -14.11325588	     -2.99276349	     -5.68657403	     25.17241566	      0.43934153	     11.37584335	      8.32430872	     -7.50021708	     23.79443589	     -3.25152991	    -17.10332682	     18.94676305	      0.33068340	     -6.09519882	     -0.01762579	     -7.50021708	    -17.24436108	     -1.41310045	      6.17522701	     10.90996512	     -8.73906624	    -21.64902684	     55.14928939	    104.43170235	     -0.86107111	     -5.20141844	    -45.79532059	     26.65477031	     84.18768937
      0.50000000	     -0.82228380	      3.89066848	     84.49266602	     -0.22125948	      0.93126300	      0.50525173	    -14.95543140	     -3.67286398	     -5.31698945	     25.93569533	      0.45266328	      9.00759424	      6.94945245	     -7.50018140	     23.42756321	     -2.44350325	    -16.48700086	     20.57692856	      0.35913515	     -6.82707778	     -0.69545001	     -7.50018140	    -17.51249433	     -2.01209424	      5.60777527	     10.68318214	     -8.22071435	    -22.30189957	     55.03654270	    104.78820150	     -0.97114071	     -5.39743401	    -45.59891150	     26.24252305	     83.21425937
      0.51000000	     -1.69520664	      4.48295220	     84.88937690	     -0.22467342	      0.93244535	      0.49037715	    -15.78174662	     -4.81693356	     -5.19676212	     27.06030354	      0.47229139	      6.60635108	      5.81245682	     -7.50013989	     22.75394848	     -0.99708107	    -15.03714805	     21.95354037	      0.38316156	     -7.04855792	     -2.51760959	     -7.50013989	    -17.76928310	     -2.76342508	      4.89553565	     10.35311800	     -7.93352012	    -22.65641117	     54.89190344	    103.97608664	     -1.21684027	     -5.40262711	    -45.39503955	     25.88150526	     81.56226135
      0.52000000	     -2.29248513	      4.91421414	     85.25467375	     -0.22783606	      0.93368863	      0.47552489	    -16.28091603	     -5.62325385	     -5.07922545	     28.40709331	      0.49579731	      3.70553414	      4.30091346	     -7.50011983	     22.15245763	      0.16753171	    -13.76730944	     23.25122475	      0.40581043	     -6.32199623	     -4.08499056	     -7.50011983	    -17.92570147	     -3.23097282	      4.51318367	      9.77302233	     -7.67251239	    -23.40218923	     55.00884813	    104.80500363	     -1.32000724	     -5.40254984	    -44.92932072	     25.51185994	     80.70997739
      0.53000000	     -2.67887263	      5.28689088	     85.65980979	     -0.23062540	      0.93507646	      0.46071593	    -16.55904827	     -6.20469756	     -5.25908515	     29.97552785	      0.52317166	      0.29458893	      2.74054826	     -7.50010154	     21.38312598	      1.05652237	    -12.74452513	     24.29358259	      0.42400300	     -5.47149969	     -7.04852577	     -7.50010154	    -17.97731291	     -3.49820878	      4.09928258	      9.17740122	     -7.44001545	    -23.91128579	     54.96344061	    104.90407715	     -1.45013110	     -5.41434997	    -44.59885023	     25.20723246	     80.34194791
      0.54000000	     -3.00976142	      5.59627901	     85.89101901	     -0.23324948	      0.93678733	      0.44631102	    -16.43127485	     -6.73534659	     -5.03984720	     31.95546041	      0.55772800	     -4.03756526	      0.77749702	     -7.50008857	     20.36337146	      1.85611348	    -12.07998461	     24.76797546	      0.43228272	     -4.29843087	     -8.17320627	     -7.50008857	    -18.04747226	     -3.72501308	      3.99488773	      8.48969500	     -7.23681290	    -24.60208293	     55.09619991	    104.44749736	     -1.35642115	     -5.36267865	    -44.10618726	     24.84706596	     79.67366446
      0.55000000	     -3.61594056	      5.62070136	     86.05920160	     -0.23590108	      0.93811694	      0.43252014	    -15.54102704	     -7.50186511	     -4.44800744	     34.59140135	      0.60373385	     -8.79429265	     -1.57957187	     -7.50008024	     19.51643792	      2.91940110	    -11.64518669	     24.84912231	      0.43369900	     -3.12580285	     -8.16457065	     -7.50008024	    -17.80556443	     -4.23849774	      3.69998967	      8.02447205	     -7.15357163	    -24.77411091	     54.84685895	    104.86274392	     -1.35068099	     -5.28331554	    -44.00711248	     24.70856196	     79.67673449
      0.56000000	     -4.22081407	      5.42815228	     85.98867630	     -0.23801968	      0.93938866	      0.41894217	    -14.12347396	     -8.35120041	     -3.77456397	     37.39341986	      0.65263830	    -13.75612683	     -4.26580634	     -7.50007654	     18.71663886	      3.80244833	    -11.80452527	     24.52431358	      0.42803002	     -2.25891327	     -8.30326444	     -7.50007654	    -17.34600069	     -4.83199256	      3.84091167	      7.30128952	     -6.89344270	    -25.46549056	     54.89142742	    104.55859329	     -1.19973719	     -5.28454929	    -43.53416666	     24.48639943	     79.36816840
      0.57000000	     -4.57368573	      5.43511523	     86.22589483	     -0.24016096	      0.94103273	      0.40508129	    -13.07267142	     -8.77893944	     -3.23865705	     39.79399438	      0.69453622	    -17.80679224	     -6.11193124	     -7.50007220	     17.68280455	      4.51552933	    -11.49569126	     24.26981934	      0.42358826	     -1.29872797	     -8.35170664	     -7.50007220	    -17.09870927	     -5.12054310	      3.50804919	      6.89484834	     -6.50574587	    -26.15532268	     54.56936473	    105.29108820	     -1.18221171	     -5.18238863	    -43.53696551	     24.58179454	     79.56213521
      0.58000000	     -5.02500252	      5.16377912	     86.01363015	     -0.24158299	      0.94209118	      0.39233897	    -11.21466963	     -9.32014526	     -2.10534546	     42.75688705	      0.74624846	    -20.68119781	     -8.14992048	     -7.50006901	     16.91373073	      5.19395858	    -11.54416496	     23.78301955	      0.41509200	     -0.56887949	     -8.46126731	     -7.50006901	    -16.63693454	     -5.63047373	      3.46552609	      6.58633027	     -6.39931418	    -26.06123987	     54.19281312	    105.20091831	     -1.11871746	     -5.12587111	    -43.55179175	     24.75574540	     79.67159326
      0.59000000	     -5.28255018	      5.00558936	     85.74379910	     -0.24262584	      0.94346701	      0.37968967	     -9.44562951	     -9.65684102	     -1.13256274	     45.45749064	      0.79338288	    -23.83848573	    -10.02393524	     -7.50006670	     16.07705380	      5.57787179	    -11.77765250	     23.46336805	      0.40951303	      0.34069120	     -8.26760434	     -7.50006670	    -16.34023975	     -5.93648149	      3.47003420	      6.36097548	     -6.21628523	    -26.21583883	     53.86813644	    105.11713334	     -1.01356103	     -5.08423886	    -43.56331526	     24.96312699	     79.78867836
      0.60000000	     -5.41557894	      4.75524897	     85.30231416	     -0.24311904	      0.94489803	      0.36748648	     -7.40899697	     -9.85654131	     -0.17186183	     48.18542250	      0.84099427	    -26.58107477	    -11.87337072	     -7.50006338	     15.39203881	      5.72748547	    -12.23188331	     23.24678205	      0.40573289	      1.19312963	     -7.77334145	     -7.50006338	    -15.97981740	     -6.20045822	      3.72251357	      6.12860372	     -5.92509912	    -26.43690000	     53.49610123	    105.01299027	     -0.76712048	     -4.98303134	    -43.59242724	     25.23542491	     79.99208204
      0.61000000	     -5.45701777	      4.51434503	     84.88128981	     -0.24356455	      0.94650896	      0.35549252	     -5.36355750	     -9.99956340	      0.55865620	     50.84549950	      0.88742138	    -28.14531745	    -13.21929762	     -7.50004680	     14.69287472	      5.78659539	    -12.62752355	     23.02025486	      0.40177924	      2.07495389	     -7.17301589	     -7.50004680	    -15.69463332	     -6.31339322	      3.76697577	      6.20179342	     -5.54139312	    -26.94858549	     52.91777326	    107.31744821	     -0.41520806	     -4.86835497	    -44.47482113	     25.31258992	     83.14786532
      0.62000000	     -5.50319914	      4.36051693	     84.44313679	     -0.24407340	      0.94837673	      0.34362709	     -3.40781390	    -10.25229917	      0.93784369	     53.33120772	      0.93080517	    -27.82211831	    -14.17256117	     -7.50004493	     13.76955983	      5.92206836	    -12.89549053	     22.48306802	      0.39240356	      2.74622268	     -6.71489000	     -7.50004493	    -15.57265974	     -6.43468575	      3.91397302	      6.07874908	     -5.41727393	    -26.99538543	     52.61481195	    106.84707513	     -0.14713326	     -4.77713722	    -44.32026613	     25.75549370	     83.14360295
      0.63000000	     -5.59187709	      4.15509504	     83.88626358	     -0.24465025	      0.95008647	      0.33193944	     -1.32206900	    -10.56916194	      1.29770346	     55.69174653	      0.97200434	    -26.45674826	    -15.76595030	     -7.50004316	     12.93000103	      6.09800315	    -13.39411324	     21.91041861	      0.38240895	      3.23611125	     -6.42715897	     -7.50004316	    -15.32935985	     -6.60382362	      4.01090664	      6.07707822	     -5.29534289	    -26.98709874	     52.13836614	    106.55754273	      0.05723862	     -4.68550304	    -44.14002607	     26.14576671	     83.18770646
      0.64000000	     -5.46339672	      3.71516455	     83.63063365	     -0.24518602	      0.95138669	      0.32111202	      1.05065331	    -10.46124389	      1.37082053	     57.89875810	      1.01052396	    -24.53802150	    -17.89174850	     -7.50004202	     12.48031046	      6.01991852	    -13.55333474	     21.61102844	      0.37718360	      3.80582766	     -6.10255254	     -7.50004202	    -15.02015096	     -6.48974985	      3.87887632	      6.10126438	     -5.16661607	    -26.68012929	     51.74460239	    104.46891265	      0.39625921	     -4.69980943	    -43.64151029	     26.54994551	     82.44277000
      0.65000000	     -5.31662626	      3.66087253	     83.36491154	     -0.24605590	      0.95339827	      0.31002687	      2.92769415	    -10.39208809	      1.34695599	     59.60744240	      1.04034613	    -22.27334426	    -19.59756706	     -7.50004111	     11.41589666	      6.05828537	    -13.68344576	     20.90829392	      0.36491857	      4.32317664	     -5.71134609	     -7.50004111	    -15.16982202	     -6.29472946	      3.70338356	      6.20196635	     -5.10043879	    -26.64534789	     51.51427849	    104.24592716	      0.85615295	     -4.60681008	    -43.40408945	     26.85398509	     82.37222346
      0.66000000	     -5.41923140	      3.18166990	     82.84759528	     -0.24630323	      0.95451957	      0.29897865	      5.46514810	    -10.41414258	      1.68536235	     61.25225681	      1.06905356	    -20.36596958	    -22.18151843	     -7.50003193	     10.86304964	      6.15681826	    -14.59108056	     20.24936855	      0.35341815	      4.74899845	     -4.69273943	     -7.50003193	    -14.68565590	     -6.48260410	      3.82586301	      6.25950801	     -4.75983782	    -27.25294797	     51.07741646	    107.29767098	      0.96284413	     -4.79658330	    -42.27419231	     27.53203815	     84.20826711
      0.67000000	     -5.38035866	      2.93180770	     82.79439360	     -0.24743287	      0.95609177	      0.28775368	      7.43681977	    -10.26163924	      1.64546181	     62.30921245	      1.08750091	    -18.36384545	    -24.82584568	     -7.50003103	      9.98234555	      6.33907333	    -14.69621147	     19.44382111	      0.33935870	      5.00094970	     -4.26501876	     -7.50003103	    -14.56336790	     -6.36247951	      3.52272419	      6.11949713	     -4.75564408	    -27.04548201	     50.96967011	    106.17425003	      1.42627028	     -4.80464786	    -41.80754226	     27.87246121	     83.63700716
      0.68000000	     -5.37028023	      2.78895642	     82.70835507	     -0.24841299	      0.95766839	      0.27658214	      9.28248046	    -10.22289163	      1.41390406	     63.06044019	      1.10061231	    -16.20678059	    -27.11861505	     -7.50002963	      8.90320712	      6.58256611	    -14.83700405	     18.42402110	      0.32155983	      5.19602930	     -3.63540469	     -7.50002963	    -14.55910792	     -6.31080467	      3.25900083	      5.96992051	     -4.66179584	    -27.02974501	     50.94566242	    105.79816193	      1.81850221	     -4.85134884	    -41.02783213	     28.43988776	     83.34303444
      0.69000000	     -5.17342959	      2.84761659	     82.86990801	     -0.24960179	      0.95952135	      0.26512608	     10.64612229	    -10.00285617	      0.90498408	     63.36336585	      1.10589936	    -13.93803236	    -28.86073583	     -7.50002826	      7.56512760	      6.66425739	    -14.86785997	     17.44867648	      0.30453685	      5.54695026	     -2.65389028	     -7.50002826	    -14.77108080	     -6.01386046	      2.80548637	      5.83082763	     -4.63594973	    -27.08940047	     50.91522952	    106.26886585	      2.20153876	     -4.96413984	    -40.05199942	     28.95942104	     83.53683739
      0.70000000	     -5.04840679	      2.79778582	     83.05797363	     -0.25077783	      0.96102576	      0.25392839	     12.12610048	     -9.84774406	      0.37405675	     63.41538922	      1.10680734	    -11.42037659	    -30.24400252	     -7.50002660	      6.38044785	      6.83090301	    -14.66481553	     16.47003159	      0.28745628	      5.60015566	     -2.25388308	     -7.50002660	    -14.90436768	     -5.79236021	      2.38351664	      5.62953644	     -4.59777695	    -27.08804012	     50.98017618	    106.06550148	      2.76592655	     -5.10962318	    -39.15855443	     29.35097397	     83.25192822
      0.71000000	     -4.67905933	      2.99026193	     83.39912453	     -0.25201067	      0.96292432	      0.24243779	     13.11425832	     -9.51185959	     -0.47373173	     63.02428307	      1.09998125	     -9.03712915	    -31.00134887	     -7.50002385	      4.83048347	      6.75382513	    -14.45535264	     15.40906934	      0.26893899	      5.86165522	     -1.37093358	     -7.50002385	    -15.31792051	     -5.30895744	      1.89121201	      5.32678865	     -4.68048795	    -26.91094133	     51.18480161	    104.86554775	      3.22640524	     -5.28948797	    -37.75928432	     29.90593631	     82.26322016
      0.72000000	     -4.39936837	      2.94780275	     83.62745302	     -0.25289901	      0.96415307	      0.23134435	     14.42860405	     -9.15185462	     -1.09246172	     62.48667889	      1.09059829	     -6.87949936	    -31.33040575	     -7.50001815	      3.66941428	      6.66538700	    -14.44849773	     14.54427097	      0.25384542	      6.09423648	     -0.50981101	     -7.50001815	    -15.45907626	     -4.95649888	      1.56155166	      5.07180903	     -4.67895190	    -27.06542197	     51.27544794	    106.34668021	      3.68130710	     -5.58598673	    -36.22032906	     30.47687491	     82.74017597
      0.73000000	     -4.10212172	      2.57317018	     83.98406122	     -0.25387304	      0.96476165	      0.22055578	     16.02070679	     -8.73184216	     -1.80686850	     61.66292367	      1.07622104	     -5.45526222	    -31.72421662	     -7.50001771	      3.02275136	      6.49401039	    -14.12264626	     13.96334991	      0.24370643	      6.36094547	     -0.18447921	     -7.50001771	    -15.26065196	     -4.53450606	      1.10398254	      4.81366465	     -4.70308470	    -27.05426932	     51.31417614	    106.04979070	      4.41218029	     -5.62581839	    -35.97878007	     30.87526022	     82.49090376
      0.74000000	     -3.77051539	      2.38212176	     84.32274975	     -0.25485243	      0.96552052	      0.20947487	     17.27193248	     -8.36963238	     -2.67176687	     60.41528956	      1.05444572	     -4.10599506	    -31.47056842	     -7.50001729	      2.08927926	      6.30533503	    -13.93048850	     13.23186610	      0.23093963	      6.56740442	      0.47906993	     -7.50001729	    -15.20967930	     -4.08698201	      0.71464195	      4.52967696	     -4.73453762	    -27.11177309	     51.33217377	    105.79259424	      5.16116554	     -5.66140560	    -35.58331420	     31.13141387	     82.32475830
      0.75000000	     -3.32823038	      2.92720134	     84.72512371	     -0.25571959	      0.96722812	      0.19830517	     17.48599309	     -8.03651978	     -3.79923907	     58.72225598	      1.02489671	     -2.89556860	    -30.50647511	     -7.50001649	      0.39960254	      5.92022984	    -14.58176514	     12.62704324	      0.22038348	      7.04475934	      2.80334125	     -7.50001649	    -16.03959127	     -3.55729310	      0.30172372	      4.27927392	     -4.75492327	    -27.30676744	     51.69382180	    105.73486074	      6.01941899	     -5.92532922	    -34.41579179	     31.35116086	     82.54699657
      0.76000000	     -3.05057877	      2.98481922	     85.11415226	     -0.25672109	      0.96783664	      0.18729572	     18.26006998	     -7.82850538	     -4.87325076	     56.88359657	      0.99280605	     -2.16901850	    -29.75595145	     -7.50001377	     -0.75163689	      5.75779686	    -14.56863196	     11.96912392	      0.20890062	      7.30103069	      3.73594054	     -7.50001377	    -16.31213706	     -3.18539705	     -0.03170416	      3.86055228	     -4.84478477	    -27.23977304	     52.03734992	    103.51241494	      6.65912614	     -6.16208681	    -32.85359682	     31.99188368	     81.02640253
      0.77000000	     -2.86575737	      2.88052928	     85.46358528	     -0.25737709	      0.96792365	      0.17625819	     19.19753569	     -7.58390932	     -5.73751598	     54.92137583	      0.95855884	     -1.40322354	    -28.89570719	     -7.50000810	     -1.60235076	      5.57022467	    -15.09864719	     11.56488652	      0.20184535	      7.74170784	      5.36884464	     -7.50000810	    -16.32196124	     -2.92977597	     -0.44573126	      3.65802624	     -4.73078591	    -27.76245524	     52.04492569	    105.83657162	      7.36194791	     -6.42174001	    -32.23502965	     32.32646892	     83.45256593
      0.78000000	     -2.63926508	      3.05796001	     85.94822751	     -0.25834252	      0.96821010	      0.16515295	     19.64946930	     -7.45648537	     -6.95479742	     52.61375023	      0.91828317	     -0.67269150	    -27.82944879	     -7.50000687	     -2.89008132	      5.43874865	    -15.10214834	     10.90891781	      0.19039653	      7.96766866	      6.17646750	     -7.50000687	    -16.69888402	     -2.61289362	     -0.80823569	      3.25267765	     -4.77069352	    -27.94265061	     52.37509220	    103.68516166	      8.24201518	     -6.58598328	    -31.22463444	     32.67174629	     81.91587451
      0.79000000	     -2.52995462	      3.17970623	     86.44300041	     -0.25899007	      0.96811804	      0.15414429	     20.13320981	     -7.28553183	     -7.87992931	     50.12335337	      0.87481755	     -0.11459942	    -26.90866212	     -7.50000660	     -3.94299602	      5.29604367	    -15.56091831	     10.59757958	      0.18496266	      8.51360154	      7.86015083	     -7.50000660	    -16.96260546	     -2.45120447	     -1.36448399	      3.06411466	     -4.68096743	    -28.12375777	     52.36157885	    104.01573819	      9.04011876	     -6.79147013	    -30.70133960	     33.05557006	     82.31525771
      0.80000000	     -2.61173525	      3.05490118	     86.80061895	     -0.25994384	      0.96738277	      0.14301887	     20.87184228	     -7.41899654	     -8.96891179	     47.47085013	      0.82852263	      0.37874055	    -25.74066012	     -7.50000640	     -4.78156693	      5.43871613	    -15.85100490	     10.11468187	      0.17653450	      8.54694429	      8.80114110	     -7.50000640	    -16.88619102	     -2.43963839	     -1.76369321	      2.74803589	     -4.66745674	    -28.39692723	     52.45489257	    104.01426403	      9.80802937	     -6.92547692	    -30.12577067	     33.32576928	     82.48346639
      0.81000000	     -2.60396544	      2.96652093	     87.25480628	     -0.26081777	      0.96650453	      0.13196513	     21.46167882	     -7.39896919	    -10.02938891	     44.61691704	      0.77871210	      0.85373751	    -24.68341352	     -7.50000625	     -5.62698778	      5.44963630	    -15.92418011	      9.72215342	      0.16968359	      8.94603976	      9.89518030	     -7.50000625	    -16.90250090	     -2.33955165	     -2.13866656	      2.40030736	     -4.66849279	    -28.66072692	     52.54610546	    104.02647066	     10.63323878	     -7.03809475	    -29.50790484	     33.65449118	     82.62388939
      0.82000000	     -2.56663222	      3.34407054	     87.85309064	     -0.26145986	      0.96615436	      0.12105579	     21.38248921	     -7.40265810	    -11.37480114	     41.47814476	      0.72393019	      1.37182720	    -23.05614968	     -7.50000594	     -6.78472857	      5.31644908	    -16.37286529	      9.74519729	      0.17008578	      9.46532390	     11.34181290	     -7.50000594	    -17.51634317	     -2.23886788	     -2.76328580	      2.30354311	     -4.46484897	    -29.10602144	     52.68497632	    103.98802375	     11.53527659	     -7.39811991	    -28.54158497	     34.02943270	     82.83118499
      0.83000000	     -2.62113512	      3.53386288	     88.42880406	     -0.26233898	      0.96522055	      0.10972493	     21.51926222	     -7.50451553	    -12.67937400	     38.40433643	      0.67028212	      1.72284782	    -21.29570933	     -7.50000566	     -7.91331503	      5.34599543	    -16.56165268	      9.45653139	      0.16504761	      9.83385476	     12.50700658	     -7.50000566	    -17.81822849	     -2.21569967	     -3.26188959	      1.91295312	     -4.44534248	    -29.41670770	     52.85641008	    103.80464725	     12.30355506	     -7.65646569	    -27.61575263	     34.43942102	     83.00833548
      0.84000000	     -2.64018438	      3.59170523	     88.98421616	     -0.26270084	      0.96402317	      0.09870594	     21.79038740	     -7.45086593	    -13.82054986	     35.33376647	      0.61669056	      1.81908868	    -19.19762075	     -7.50000532	     -8.65479002	      5.22095537	    -16.73298337	      9.64205399	      0.16828559	     10.39618953	     13.32793637	     -7.50000532	    -18.01792551	     -2.18818658	     -3.76773085	      1.64795580	     -4.30168083	    -29.70897580	     52.95920512	    103.64854320	     13.04194731	     -7.96518574	    -26.63175606	     34.92191096	     82.99942439
      0.85000000	     -2.71033130	      3.76072100	     89.58024288	     -0.26319621	      0.96279914	      0.08742143	     21.77492716	     -7.47010004	    -15.28157356	     31.92697959	      0.55723091	      2.34636692	    -16.51853099	     -7.50000504	     -9.66204575	      5.17616135	    -16.80458617	      9.57605038	      0.16713361	     10.86854785	     14.26590924	     -7.50000504	    -18.31224246	     -2.19298632	     -4.31356736	      1.38542713	     -4.17220863	    -30.07842602	     53.03013942	    103.56520639	     13.83194414	     -8.26972968	    -25.74174717	     35.24793904	     83.11028866
      0.86000000	     -2.89818540	      3.79591174	     90.12930019	     -0.26361489	      0.96128742	      0.07625998	     22.01818955	     -7.61323746	    -16.71499137	     28.82335413	      0.50306243	      2.74574398	    -13.09901151	     -7.50000305	    -10.44061640	      5.26245145	    -16.76176839	      9.64401100	      0.16831974	     11.15510246	     14.79249579	     -7.50000305	    -18.50949101	     -2.30295717	     -4.84572646	      1.14181886	     -3.91771009	    -30.71376056	     53.20152870	    105.40786024	     14.42823646	     -8.67508673	    -24.80258057	     35.89359470	     86.34347674
      0.87000000	     -2.92409487	      3.89114684	     90.65088416	     -0.26379653	      0.95981821	      0.06526947	     22.14737844	     -7.51247162	    -18.09049464	     25.71143439	      0.44874919	      2.96300108	     -9.20355169	     -7.50000281	    -11.18819672	      5.12054717	    -16.72808756	      9.90266586	      0.17283412	     11.59223934	     15.01071419	     -7.50000281	    -18.73675061	     -2.25078979	     -5.37274550	      1.02558674	     -3.78699625	    -31.01883150	     53.14147922	    104.81869236	     15.14275823	     -8.94109869	    -24.05597091	     36.25505090	     86.14781172
      0.88000000	     -3.05354768	      3.82591398	     91.17683665	     -0.26396232	      0.95805386	      0.05429436	     22.51762679	     -7.50691627	    -19.36771684	     22.95056735	      0.40056297	      3.23659405	     -4.89773971	     -7.50000242	    -11.83699802	      5.10257950	    -16.59402160	      9.98484745	      0.17426846	     11.81324268	     15.26757167	     -7.50000242	    -18.86302204	     -2.33795567	     -5.80123642	      0.72864039	     -3.69402423	    -31.12499505	     53.21066570	    102.87510616	     15.81408099	     -9.26895333	    -22.69926391	     36.73676144	     83.70881359
      0.89000000	     -3.14926217	      3.80059208	     91.53122346	     -0.26329561	      0.95625244	      0.04320839	     22.83854505	     -7.26525896	    -20.11905578	     20.17145024	      0.35205822	      3.64630901	     -1.05891674	     -7.50000209	    -12.37814061	      5.01091859	    -16.56178783	     10.41115599	      0.18170895	     12.21525977	     15.22582741	     -7.50000209	    -18.95743849	     -2.49106198	     -6.09094214	      0.56064243	     -3.49157184	    -31.45440132	     53.04172338	    101.90010482	     16.49776503	     -9.63558092	    -21.56670288	     37.14586922	     82.15881810
      0.90000000	     -3.14656230	      3.52475076	     91.90780960	     -0.26255666	      0.95416861	      0.03224742	     23.30918857	     -6.90490526	    -20.74927196	     17.45057747	      0.30457003	      3.60731619	      2.37350802	     -7.50000189	    -12.53431881	      4.80118501	    -16.14919715	     11.02605340	      0.19244094	     12.45821190	     14.32924726	     -7.50000189	    -18.76048964	     -2.53317430	     -6.48729025	      0.63895938	     -3.25988194	    -31.74310734	     52.43624841	     99.68307488	     17.05312417	    -10.00455214	    -20.64198972	     37.35815376	     80.36778423
      0.91000000	     -3.49652401	      3.17526779	     92.01647631	     -0.26168219	      0.95178717	      0.02180483	     24.07411810	     -6.80759680	    -20.34490732	     15.24143374	      0.26601320	      3.42255468	      4.25829768	     -7.50000190	    -12.72422684	      5.03915606	    -16.13317168	     11.33732665	      0.19787368	     12.57210355	     14.53593620	     -7.50000190	    -18.68822545	     -3.00311259	     -6.48715611	      0.36635778	     -3.16129138	    -31.95621969	     52.53444083	    100.22334519	     17.85436646	    -10.02096004	    -20.50777802	     37.90337832	     80.65321813
      0.92000000	     -3.29741586	      2.85556340	     92.44997518	     -0.26094832	      0.94965211	      0.01066065	     24.40592125	     -6.34971211	    -21.21252390	     12.92631993	      0.22560684	      3.21468207	      8.06876563	     -7.50000136	    -12.72740277	      4.51182226	    -15.91955370	     12.18235598	      0.21262222	     13.06168016	     14.33687159	     -7.50000136	    -18.41926786	     -2.74023162	     -6.78041436	      0.59632852	     -2.57313270	    -33.69483097	     52.05282199	    106.28597374	     18.33153216	    -10.29437627	    -19.98838731	     38.15716017	     84.40350336
      0.93000000	     -3.34764270	      2.54570973	     92.66400053	     -0.25996290	      0.94731690	     -0.00055943	     24.77445363	     -6.03333945	    -21.35309623	     11.04507708	      0.19277296	      2.83984042	      9.88070913	     -7.50000133	    -12.76123106	      4.29704683	    -15.70759047	     13.00663261	      0.22700856	     13.26948148	     14.13816235	     -7.50000133	    -18.18929980	     -2.83253256	     -6.83277658	      0.42780105	     -2.41310273	    -34.10157075	     51.84441601	    105.52040137	     18.84495692	    -10.45309944	    -19.26938825	     38.44936229	     84.54603457
      0.94000000	     -3.26436597	      2.34698326	     92.83080808	     -0.25880035	      0.94514621	     -0.01234190	     24.98892823	     -5.60062812	    -21.34753431	      9.63486633	      0.16816014	      2.32335446	     10.97260144	     -7.50000123	    -12.90704126	      3.90528774	    -15.58692791	     13.89819108	      0.24256919	     13.44398292	     14.06615088	     -7.50000123	    -17.95988173	     -2.79763143	     -6.85786067	      0.32182942	     -2.29777852	    -34.49632155	     51.39148482	    105.53772601	     19.26343843	    -10.52185066	    -18.90945871	     38.68336641	     84.68128454
      0.95000000	     -3.20617183	      2.26165604	     93.09221039	     -0.25806372	      0.94307346	     -0.02467852	     25.26423441	     -5.41155232	    -21.31174644	      9.25420951	      0.16151643	      2.17674737	     11.16640356	     -7.50000114	    -13.27865035	      3.57791655	    -15.07288612	     14.61186177	      0.25502510	     13.30257208	     13.72771185	     -7.50000114	    -17.79878061	     -2.69576979	     -6.88708995	      0.06017770	     -2.26300482	    -34.87209862	     51.12095652	    105.21130965	     19.51995951	    -10.50296215	    -18.46729624	     39.03928826	     84.53798764
      0.96000000	     -3.19950788	      2.36169120	     93.39192879	     -0.25773756	      0.94128197	     -0.03744949	     25.47609606	     -5.48977341	    -21.48554490	      9.80981545	      0.17121358	      2.56359425	     11.56797439	     -7.50000107	    -13.91678815	      3.33488729	    -14.35076050	     15.21841247	      0.26561140	     13.06091885	     13.17502247	     -7.50000107	    -17.77746211	     -2.58938651	     -7.03393984	     -0.15805927	     -2.24022654	    -35.25075578	     50.80727350	    104.84536240	     19.65506930	    -10.36012090	    -18.35456851	     39.44909371	     84.16525483
      0.97000000	     -3.08070458	      2.44405400	     93.52659768	     -0.25725430	      0.93946840	     -0.05076724	     25.64940649	     -5.35303110	    -20.84438456	     10.69934454	      0.18673879	      2.64733106	     10.45148487	     -7.50000098	    -14.51353419	      2.95361719	    -14.08922350	     15.93631651	      0.27814119	     12.77882258	     13.13292271	     -7.50000098	    -17.61371477	     -2.37972712	     -6.95997464	     -0.37842295	     -2.38164906	    -35.49509431	     50.26419591	    104.73544852	     19.69584779	    -10.16316184	    -18.09858042	     39.65337631	     83.79944368
      0.98000000	     -2.98559687	      2.65563643	     93.74239931	     -0.25708655	      0.93786554	     -0.06464418	     25.46501416	     -5.27543638	    -20.30337078	     11.50289415	      0.20076338	      2.90602420	      9.86369400	     -7.50000088	    -15.29698476	      2.61780073	    -13.58790642	     16.57815279	      0.28934335	     12.04025723	     12.79028897	     -7.50000088	    -17.52397756	     -2.12739818	     -6.96210934	     -0.65521351	     -2.51182481	    -35.86019370	     49.81151519	    104.85433824	     19.54728936	     -9.92303626	    -18.01465465	     40.00033671	     83.58471018
      0.99000000	     -2.83613209	      2.97848998	     93.93914150	     -0.25668484	      0.93652454	     -0.07896465	     25.01049967	     -5.08075849	    -19.45402380	     12.46563782	      0.21756642	      3.03572555	      8.64536283	     -7.50000080	    -16.22045190	      2.21276415	    -13.04688968	     17.17929479	      0.29983526	     11.27438331	     12.32948602	     -7.50000080	    -17.50352303	     -1.83810107	     -6.89101594	     -0.98508468	     -2.65468222	    -36.16553573	     49.33039900	    104.78994554	     19.27264431	     -9.65579468	    -17.90585632	     40.39742174	     83.25702883
      1.00000000	     -2.60728306	      3.21135824	     94.06123486	     -0.25598545	      0.93518412	     -0.09348357	     24.57650520	     -4.71120103	    -18.23578765	     13.50485467	      0.23570418	      2.64550266	      6.53536595	     -7.50000072	    -16.93681658	      1.68319739	    -12.77400238	     18.00597612	      0.31426357	     10.38220266	     11.94282459	     -7.50000072	    -17.37602821	     -1.48551183	     -6.73464567	     -1.32127356	     -2.81794515	    -36.39033856	     48.81995265	    104.54006611	     18.91311706	     -9.40921689	    -17.77239118	     40.75807284	     82.80709872
      1.01000000	     -2.39097429	      3.60800028	     94.08631036	     -0.25523544	      0.93417291	     -0.10838934	     23.99402855	     -4.32271741	    -17.36075082	     14.68163440	      0.25624286	      0.81425983	      3.82459540	     -7.50000068	    -17.87765496	      1.19272916	    -12.60557331	     18.73610828	      0.32700678	      9.17349996	     11.50061052	     -7.50000068	    -17.34582401	     -1.13989795	     -6.54954726	     -1.53483968	     -2.95282066	    -36.74482024	     48.15967421	    104.65930302	     18.37184686	     -9.10384786	    -17.91388719	     41.26511259	     82.52412352
      1.02000000	     -2.08016081	      3.89729340	     94.05376231	     -0.25444269	      0.93333983	     -0.12329403	     23.56407437	     -3.81468512	    -16.74238051	     15.50051852	      0.27053508	     -2.86376169	      0.73388199	     -7.50000060	    -18.56337734	      0.61643196	    -12.49893989	     19.69411008	      0.34372706	      7.70100465	     11.03983616	     -7.50000060	    -17.22712602	     -0.68581347	     -6.31317647	     -1.69771652	     -3.20122938	    -36.95803321	     47.37625077	    105.17299895	     17.80372521	     -8.75241733	    -18.18848593	     41.65565117	     82.61645555
      1.03000000	     -1.78407441	      4.00386975	     93.71148062	     -0.25295993	      0.93264622	     -0.13758961	     23.47981247	     -3.16659753	    -14.80865796	     16.68483774	      0.29120535	     -4.83032627	     -2.19118471	     -7.50000054	    -18.88592516	      0.15721597	    -12.37506283	     20.87682552	      0.36436934	      5.89403927	     10.04313354	     -7.50000054	    -17.02782586	     -0.36311519	     -5.68734313	     -1.81160986	     -3.43982988	    -37.13738239	     46.56221214	    104.83102229	     17.34623293	     -8.35640312	    -18.40810922	     41.87575308	     82.33174483
      1.04000000	     -1.41822405	      4.27250862	     93.38231959	     -0.25161931	      0.93275673	     -0.15193272	     23.11155020	     -2.53292687	    -13.34696426	     17.99403387	      0.31405514	     -6.19170680	     -2.97622059	     -7.50000050	    -19.30026004	     -0.33226630	    -12.12038298	     22.08400235	      0.38543855	      3.56470362	      8.44884044	     -7.50000050	    -17.02426974	      0.08203676	     -5.19457518	     -1.62823748	     -3.56920195	    -37.66389505	     45.57543892	    104.68636145	     16.70872502	     -7.86545753	    -19.02709486	     42.33344994	     81.74386083
      1.05000000	     -0.71382762	      4.47994152	     92.80402866	     -0.24959376	      0.93347567	     -0.16639581	     22.70190440	     -1.41700592	    -12.00887867	     19.06862176	      0.33281023	     -7.51984983	     -4.50002683	     -7.50000045	    -19.46879670	     -1.17283345	    -12.46127680	     23.61900592	      0.41222942	      0.94317108	      7.36184896	     -7.50000045	    -16.91546368	      0.79654588	     -4.46389922	     -1.40823192	     -3.97967388	    -37.53477234	     44.22402071	    105.58876091	     16.05985377	     -7.43057839	    -19.59287005	     42.41663707	     81.75343187
      1.06000000	      0.02931327	      4.79532595	     92.38757781	     -0.24753156	      0.93473006	     -0.18077721	     22.13043391	     -0.27418805	    -10.74298049	     20.11466108	      0.35106706	     -8.02636091	     -6.44389942	     -7.50000040	    -19.62595687	     -2.06051869	    -12.32012396	     25.23186225	      0.44037907	     -2.11840015	      5.40641926	     -7.50000040	    -17.00143584	      1.53855832	     -3.85563698	     -1.05550158	     -4.15263962	    -37.94390183	     42.94922229	    106.51825076	     15.36804115	     -7.00909384	    -20.28316494	     42.54769929	     81.88443766
      1.07000000	      0.66076978	      5.25089281	     91.95255873	     -0.24520049	      0.93637946	     -0.19530042	     21.34783692	      0.83156283	     -9.47255437	     21.18649619	      0.36977412	     -7.55663927	     -8.60197207	     -7.50000037	    -19.77509028	     -2.84967321	    -12.20453930	     27.02428137	      0.47166269	     -5.83705767	      3.15277568	     -7.50000037	    -17.20666556	      2.13270936	     -3.27211899	     -0.70846739	     -4.26866604	    -38.22905701	     41.69696203	    106.93542153	     14.62627018	     -6.67551104	    -20.89712087	     42.67148980	     81.55201429
      1.08000000	      1.27956388	      5.56296677	     91.66945399	     -0.24304089	      0.93793141	     -0.20953093	     20.60548696	      1.90165651	     -8.32481089	     22.26178283	      0.38854141	     -6.28899025	    -10.29723553	     -7.50000033	    -19.47345857	     -3.68082568	    -11.80381636	     29.15253154	      0.50880766	     -9.91266282	      0.95194755	     -7.50000033	    -17.27455568	      2.71361702	     -2.80922550	     -0.41944110	     -4.37426742	    -38.40701224	     40.58904671	    107.46147877	     13.90620180	     -6.33630330	    -21.70172361	     42.72178861	     82.58770351
      1.09000000	      1.96454521	      5.82459878	     91.54560740	     -0.24119005	      0.93961131	     -0.22326550	     19.79312005	      2.97077391	     -7.52242141	     23.05192321	      0.40233196	     -5.20002208	    -10.91160701	     -7.50000032	    -18.81787511	     -4.62770780	    -11.13224092	     31.56972392	      0.55099563	    -14.32967858	     -1.17406026	     -7.50000032	    -17.39816046	      3.41806744	     -2.48018322	     -0.12720622	     -4.45635441	    -38.60791373	     39.72998648	    107.86102072	     13.12031021	     -6.05583583	    -22.13208239	     43.00475397	     81.98729024
      1.10000000	      2.62186302	      5.89683871	     91.50306221	     -0.23952334	      0.94102327	     -0.23670732	     19.09867297	      3.91214695	     -7.04422166	     23.59405146	      0.41179388	     -4.19792045	    -11.75723532	     -7.50000029	    -17.69777567	     -5.54831800	    -10.14947223	     34.35101688	      0.59953835	    -17.95934237	     -3.34521206	     -7.50000029	    -17.29014574	      4.10630912	     -2.29967008	      0.09146415	     -4.57138259	    -38.40819008	     39.09187218	    107.54372842	     12.39516159	     -5.76469610	    -22.78265866	     42.93250191	     81.10390042
      1.11000000	      3.08138230	      5.74409690	     91.59225809	     -0.23811586	      0.94208824	     -0.24973113	     18.69357307	      4.55746676	     -6.69012311	     24.23211540	      0.42293020	     -3.12791144	    -12.40052448	     -7.50000019	    -16.07277273	     -6.21797770	     -8.86205199	     37.38398233	      0.65247358	    -20.81888561	     -4.87877909	     -7.50000019	    -16.99209221	      4.59040721	     -2.06793112	      0.32521486	     -4.52503974	    -39.02644182	     38.49852886	    110.20057151	     11.90318640	     -5.48501973	    -23.62860457	     42.52078320	     84.49115591
      1.12000000	      3.53922312	      5.88886869	     91.58653887	     -0.23675469	      0.94375018	     -0.26260495	     17.76493530	      5.24429075	     -6.36911482	     24.45094294	      0.42674946	     -1.87089761	    -12.41125694	     -7.50000018	    -14.75398982	     -6.86430577	     -7.92664394	     40.35130514	      0.70426313	    -23.37197273	     -6.08750687	     -7.50000018	    -17.07772063	      5.03864207	     -1.66359548	      0.35437743	     -4.67631669	    -38.74839274	     38.18389247	    109.16399744	     11.45683774	     -5.29533590	    -23.67841847	     42.16832813	     84.05517896
      1.13000000	      4.02404666	      5.65306922	     91.90014804	     -0.23638617	      0.94505629	     -0.27487212	     17.11511576	      5.72126274	     -6.84498375	     24.27726884	      0.42371827	     -1.37925417	    -12.30094666	     -7.50000013	    -12.72758935	     -7.46123312	     -6.60998585	     43.55946929	      0.76025616	    -26.67732025	    -10.55163781	     -7.50000013	    -16.70900199	      5.69112198	     -1.84989491	      0.57273493	     -4.82696619	    -38.48025855	     37.93114169	    110.05463214	     10.96399160	     -4.77143990	    -25.12789368	     41.65190826	     85.14655592
      1.14000000	      4.37429840	      5.58007358	     92.17209315	     -0.23571505	      0.94671822	     -0.28695473	     16.19939129	      6.09862211	     -7.30988875	     23.94799086	      0.41797129	     -0.56869039	    -11.86666809	     -7.50000011	    -10.83434024	     -7.98662409	     -5.59380769	     46.62334527	      0.81373088	    -29.92048412	    -13.24035755	     -7.50000011	    -16.70436666	      6.08265544	     -1.57278193	      0.48234064	     -4.87406043	    -38.39172687	     38.16563186	    109.75510228	     10.66245504	     -4.46997293	    -25.37550143	     41.14436329	     85.10139232
      1.15000000	      4.60170085	      5.55939262	     92.38374931	     -0.23517207	      0.94877564	     -0.29872805	     15.13897091	      6.33023420	     -7.90329759	     23.42356470	      0.40881833	      0.14462364	    -10.96226206	     -7.50000011	     -8.96737432	     -8.33195858	     -4.72783789	     49.55168380	      0.86484003	    -32.33022577	    -15.50291112	     -7.50000011	    -16.75743966	      6.35579884	     -1.33370701	      0.56049764	     -4.99004864	    -38.20462769	     38.19539669	    109.64643571	     10.42982904	     -4.20179776	    -25.72116917	     40.46409263	     85.08027428
      1.16000000	      4.56748209	      5.69992180	     92.52739779	     -0.23440643	      0.95114143	     -0.31013842	     13.86302575	      6.38374441	     -8.12977758	     22.80662073	      0.39805062	      0.94536354	    -10.51222126	     -7.50000010	     -7.29921419	     -8.40077472	     -4.06759208	     52.11287684	      0.90954128	    -33.97888292	    -16.67140820	     -7.50000010	    -17.06272018	      6.27267644	     -1.09148778	      0.78854498	     -5.03496813	    -37.96113244	     38.13130143	    109.32820446	     10.21393587	     -4.09843189	    -25.86967579	     39.83785520	     84.93236479
      1.17000000	      4.55323438	      5.61920167	     92.83360771	     -0.23405756	      0.95327574	     -0.32107503	     12.84760519	      6.32739779	     -8.85361368	     22.17272195	      0.38698700	      1.63994732	     -9.56322966	     -7.50000009	     -5.25010737	     -8.35746327	     -3.22078523	     54.67029896	      0.95417672	    -34.09434283	    -18.86449789	     -7.50000009	    -17.13301938	      6.25907687	     -1.02735911	      1.03271696	     -5.06817832	    -37.72499863	     38.22664652	    108.78849568	     10.13724668	     -3.95990930	    -26.13002826	     38.98565330	     84.66632267
      1.18000000	      4.40744924	      4.90168036	     93.55526807	     -0.23449663	      0.95435025	     -0.33188699	     12.66553491	      5.86371178	    -10.52863420	     21.85076822	      0.38136785	      2.45943081	     -7.55122451	     -7.50000008	     -2.29096294	     -8.02263722	     -1.96025663	     57.25272508	      0.99924856	    -32.70925526	    -21.27419708	     -7.50000008	    -16.43254493	      6.19991178	     -1.31011691	      0.85421212	     -5.07995382	    -37.35821200	     38.76010454	    108.26885695	     10.02903340	     -3.65034618	    -27.00868955	     37.93705503	     84.29285072
      1.19000000	      4.22997193	      4.61392048	     93.93075407	     -0.23437327	      0.95604090	     -0.34257729	     11.95002589	      5.62183317	    -11.25174338	     21.35982272	      0.37279923	      3.13635830	     -6.41396064	     -7.50000007	      0.00274619	     -7.67448519	     -1.22979219	     59.36916164	      1.03618734	    -29.86158553	    -22.60439217	     -7.50000007	    -16.27400019	      5.99318090	     -1.32812121	      0.99690039	     -5.16045216	    -37.06950662	     38.97884283	    108.38126265	      9.92923584	     -3.49342554	    -27.61394170	     37.02525148	     84.20406361
      1.20000000	      4.06015174	      4.17812002	     94.27014980	     -0.23427608	      0.95729516	     -0.35290490	     11.49475217	      5.39715085	    -11.82617245	     20.97755684	      0.36612744	      3.71999457	     -5.62655526	     -7.50000006	      2.50832078	     -7.16587271	     -0.41030744	     61.36216447	      1.07097181	    -26.38212231	    -23.91124856	     -7.50000006	    -16.01007826	      5.77512716	     -1.29633468	      1.09079142	     -5.27563104	    -36.64399977	     39.34569192	    107.86071095	      9.90955871	     -3.34695975	    -28.14305865	     36.03513038	     83.89363171
      1.21000000	      3.71345624	      4.01664805	     94.40308163	     -0.23370475	      0.95904491	     -0.36338657	     10.66953609	      5.15415470	    -11.72202931	     20.50714988	      0.35791729	      4.31549607	     -5.29871002	     -7.50000005	      4.54368126	     -6.61681612	     -0.10841469	     62.83314495	      1.09664526	    -23.24632275	    -24.97947051	     -7.50000005	    -16.09081111	      5.28615659	     -1.14398572	      1.32366996	     -5.28699290	    -36.41534877	     39.63114166	    106.85579386	      9.56510534	     -3.41598042	    -28.20886864	     35.65601254	     83.46682746
      1.22000000	      3.59674488	      3.33838672	     94.76034085	     -0.23402848	      0.95976560	     -0.37367305	     10.53726369	      4.93621294	    -12.35248534	     20.24016164	      0.35325746	      4.86266200	     -4.53072760	     -7.50000003	      7.35216838	     -6.17809199	      0.40831979	     64.33367932	      1.12283452	    -19.82124802	    -25.57296039	     -7.50000003	    -15.47876088	      5.19831468	     -1.25043963	      1.39729257	     -5.48703334	    -35.95961626	     40.05346647	    107.55940171	      9.57107827	     -3.17506157	    -29.26264313	     34.27708195	     83.64276177
      1.23000000	      3.30786190	      3.19519072	     94.87776142	     -0.23340191	      0.96124483	     -0.38427778	      9.77713941	      4.78422668	    -12.14226200	     19.92247288	      0.34771275	      5.35240705	     -4.47059657	     -7.50000003	      9.28779533	     -5.72357413	      0.47007244	     65.13568987	      1.13683225	    -17.33920548	    -26.53035993	     -7.50000003	    -15.53888955	      4.76742614	     -1.16038638	      1.63976284	     -5.44279826	    -35.76925512	     40.42174150	    106.91272865	      9.24344347	     -3.31169404	    -29.37608326	     33.73512881	     83.39926668
      1.24000000	      3.10438663	      2.70136434	     94.91188024	     -0.23295013	      0.96198301	     -0.39459412	      9.39848524	      4.65788707	    -12.08932661	     19.52251339	      0.34073214	      5.78258141	     -4.18775086	     -7.49999999	     11.59657526	     -5.34990797	      0.38410581	     65.74760532	      1.14751219	    -14.85503170	    -27.04588987	     -7.49999999	    -15.18844780	      4.45835720	     -1.00584086	      1.82735768	     -5.53386352	    -35.65913949	     40.87032500	    108.61313269	      9.12517022	     -3.15486578	    -30.59338709	     32.84708022	     83.84445825
      1.25000000	      2.91494163	      2.32597957	     94.74792808	     -0.23213211	      0.96269940	     -0.40521931	      8.89742791	      4.60192011	    -11.80047501	     19.19084804	      0.33494348	      6.31689950	     -3.98866404	     -7.49999998	     13.58014366	     -5.12569846	     -0.04928872	     65.91237118	      1.15038789	    -12.82648512	    -27.63191670	     -7.49999998	    -14.92710256	      4.11103146	     -0.71584764	      1.92017525	     -5.81298290	    -34.56616178	     41.24544254	    105.04828266	      8.67496839	     -3.34397851	    -30.16395711	     32.22019648	     81.32306953
      1.26000000	      2.61113595	      1.82457604	     94.59110529	     -0.23142328	      0.96318811	     -0.41593710	      8.46993575	      4.44015031	    -11.30917368	     18.78422858	      0.32784664	      7.07066567	     -3.96817694	     -7.49999997	     15.59030916	     -4.70920382	     -0.48957945	     65.73926687	      1.14736665	    -10.82988645	    -28.14999217	     -7.49999997	    -14.56390630	      3.62816829	     -0.45512030	      1.94789036	     -5.88701011	    -34.17405181	     41.87761899	    103.66627355	      7.93510288	     -3.44414596	    -30.13457441	     32.17762625	     80.36384892
      1.27000000	      2.37161309	      2.29879804	     94.44422599	     -0.23075156	      0.96497149	     -0.42660803	      6.87959210	      4.37112995	    -11.41333811	     18.06929348	      0.31536866	      7.22032267	     -3.16385035	     -7.49999995	     16.39367527	     -4.56821570	     -1.07615606	     65.13892806	      1.13688877	     -8.36928937	    -27.63361140	     -7.49999995	    -15.33367341	      3.33220303	     -0.19349029	      2.38472325	     -5.86696523	    -34.40621744	     42.56503842	    107.80491641	      8.02983515	     -3.36529297	    -31.59651630	     31.19183777	     82.13489988
      1.28000000	      2.05079272	      2.30933907	     94.00446385	     -0.22975388	      0.96588849	     -0.43759336	      5.83519054	      4.18356641	    -11.25344529	     17.52462939	      0.30586248	      7.73913651	     -2.52569090	     -7.49999994	     17.51227428	     -4.42137323	     -2.04201056	     64.18064799	      1.12016362	     -6.57690701	    -27.50526142	     -7.49999994	    -15.52859738	      2.83410863	      0.27707513	      2.57450239	     -6.01532150	    -33.89205261	     43.16349633	    106.95946118	      7.42127570	     -3.51703965	    -31.64492562	     30.95411536	     81.72870863
      1.29000000	      1.85307432	      2.36818156	     93.73068063	     -0.22883573	      0.96664863	     -0.44856407	      4.72335629	      4.12118900	    -11.15566143	     16.92291460	      0.29536058	      8.17805310	     -1.82587346	     -7.49999994	     18.53957179	     -4.37590870	     -2.83466203	     62.96464379	      1.09894035	     -5.02139512	    -27.13635290	     -7.49999994	    -15.77549578	      2.48678200	      0.62168811	      2.72115395	     -6.17829704	    -33.25422360	     43.87133812	    105.82859574	      6.87069405	     -3.61867105	    -31.91028589	     30.79180548	     80.97456409
      1.30000000	      1.57881878	      2.29511455	     93.41142150	     -0.22809444	      0.96710027	     -0.45951522	      3.84466865	      3.89144283	    -11.27116583	     16.50208240	      0.28801567	      8.86933011	     -0.71446439	     -7.49999992	     19.58957678	     -4.26772765	     -3.81797714	     61.39604230	      1.07156309	     -3.87244603	    -26.91224221	     -7.49999992	    -15.86857768	      2.08012542	      0.90615722	      3.03504074	     -6.29906868	    -32.91820228	     44.34046649	    107.15146483	      6.42141596	     -3.58154841	    -33.05584027	     30.41113434	     81.84796591
      1.31000000	      1.37129912	      2.28969729	     92.93879298	     -0.22713397	      0.96735704	     -0.47034991	      2.93284794	      3.73707878	    -11.22099102	     16.13048480	      0.28153007	      9.24009226	     -0.08194188	     -7.49999992	     20.43069195	     -4.26754078	     -4.89142424	     59.53408563	      1.03906581	     -3.06131620	    -26.45852585	     -7.49999992	    -16.02011524	      1.70582811	      1.36845694	      3.26607893	     -6.57430190	    -32.09011090	     44.91273579	    105.34402216	      5.84837540	     -3.68616600	    -33.13497405	     30.18676700	     80.24664663
      1.32000000	      1.20567919	      2.51309647	     92.46566557	     -0.22621468	      0.96775343	     -0.48145331	      1.72516184	      3.62921375	    -11.22603044	     15.69159597	      0.27387001	      9.84864783	      1.04145166	     -7.49999991	     20.87332041	     -4.37052180	     -6.11636568	     57.31362189	      1.00031141	     -2.26382287	    -25.92771820	     -7.49999991	    -16.43349299	      1.38473896	      1.82867262	      3.49504967	     -6.82348540	    -31.42557087	     45.61588143	    104.43112219	      5.37154685	     -3.68800665	    -33.78891428	     29.96673002	     79.68267392
      1.33000000	      1.11360180	      2.55840933	     91.94027930	     -0.22522122	      0.96768245	     -0.49255653	      0.74385744	      3.54510380	    -11.34492743	     15.32143203	      0.26740944	     10.27011957	      2.09398962	     -7.49999991	     21.39329779	     -4.55354783	     -7.38864569	     54.84194294	      0.95717247	     -1.62783090	    -25.42403090	     -7.49999991	    -16.61420852	      1.14175992	      2.33583963	      3.81523996	     -7.03729726	    -30.98218178	     46.10767291	    105.11138577	      4.79550608	     -3.70332265	    -34.48963751	     29.74596378	     80.23198681
      1.34000000	      1.07814771	      2.78141512	     91.45542530	     -0.22426107	      0.96756681	     -0.50377231	     -0.48472813	      3.53385147	    -11.53312566	     14.82889934	      0.25881312	     10.74735912	      3.21456295	     -7.49999991	     21.70036991	     -4.61270603	     -8.30249492	     52.22505239	      0.91149912	     -1.25027317	    -25.35673425	     -7.49999991	    -16.98207739	      0.95223549	      2.79961263	      4.06572406	     -7.29358313	    -30.38261839	     46.78710824	    104.97564323	      4.25258587	     -3.67338911	    -35.28370382	     29.58678931	     80.08654947
      1.35000000	      0.97015395	      2.95872195	     90.88356419	     -0.22334668	      0.96737159	     -0.51501003	     -1.62553731	      3.41887895	    -11.51969485	     14.43736190	      0.25197950	     11.16783102	      3.95097695	     -7.49999991	     21.75775118	     -4.83812630	     -9.99968739	     49.10144744	      0.85698193	     -0.94565793	    -24.79749221	     -7.49999991	    -17.28660657	      0.66097887	      3.37916480	      4.33600446	     -7.61396305	    -29.71795714	     47.24994863	    104.28155794	      3.73234232	     -3.68298314	    -35.86730718	     29.35210946	     79.70178545
      1.36000000	      0.99380705	      3.23084059	     90.32971238	     -0.22231926	      0.96695963	     -0.52624067	     -2.82856536	      3.41483589	    -11.74346326	     14.11025476	      0.24627040	     11.51605512	      5.11265174	     -7.49999990	     21.67983123	     -5.11595973	    -11.53200788	     45.87059022	      0.80059283	     -0.74790138	    -24.20558470	     -7.49999990	    -17.69611547	      0.50928613	      3.88003469	      4.65198887	     -7.90149702	    -29.04993846	     47.77622394	    103.90037873	      3.26146512	     -3.72083009	    -36.66847152	     29.13446605	     79.49253572
      1.37000000	      1.13858950	      3.44707633	     89.90507255	     -0.22166133	      0.96623089	     -0.53773929	     -4.03812383	      3.52672055	    -12.06809177	     13.68684269	      0.23888047	     12.26206101	      6.44010585	     -7.49999990	     21.64562466	     -5.41246049	    -12.87815750	     42.63735819	      0.74416228	     -0.69758382	    -23.40311667	     -7.49999990	    -17.95855249	      0.57093269	      4.25668418	      4.99504936	     -8.18186650	    -28.52150349	     48.22702324	    104.19112392	      2.69885259	     -3.47976711	    -37.94575881	     28.93086359	     79.64771089
      1.38000000	      1.35991587	      3.54371112	     89.18337210	     -0.22034364	      0.96511974	     -0.54881024	     -4.95463982	      3.69303479	    -12.04920060	     13.56453166	      0.23674574	     12.64406255	      7.30674526	     -7.49999990	     21.82301983	     -5.75455898	    -14.09025654	     39.55128329	      0.69030012	     -0.85251711	    -22.72207666	     -7.49999990	    -18.18631584	      0.56674984	      4.98422807	      5.33555995	     -8.49957226	    -27.90662879	     48.65421808	    103.89936779	      2.12440704	     -3.45670862	    -38.57682846	     28.84583018	     79.53509415
      1.39000000	      1.33177060	      3.53720857	     88.57936238	     -0.22027625	      0.96382835	     -0.55991699	     -5.64698513	      3.55874550	    -11.58143324	     13.69162603	      0.23896395	     13.05947004	      7.03185479	     -7.49999990	     21.86436821	     -5.82814256	    -15.88309951	     36.07716052	      0.62966524	     -0.94319552	    -21.17802537	     -7.49999990	    -18.22672016	      0.49253469	      5.49326550	      5.73345319	     -9.00162478	    -27.06567389	     48.85472085	    102.02561917	      1.69446004	     -3.39560675	    -38.91422971	     28.23487686	     78.23595897
      1.40000000	      1.39803943	      3.87749745	     88.07912872	     -0.21984003	      0.96284619	     -0.57126266	     -6.85567613	      3.45005320	    -12.08734392	     13.53557339	      0.23624032	     13.77536305	      8.82324384	     -7.49999989	     21.52872144	     -5.88465974	    -17.39546457	     32.68659268	      0.57048866	     -0.52195719	    -18.13643805	     -7.49999989	    -18.73811726	      0.40822431	      5.94267330	      5.99793730	     -9.32138214	    -26.48024637	     49.50423308	    101.68005334	      1.32581557	     -3.09089544	    -40.41698794	     28.33108517	     77.52146471
      1.41000000	      1.39753088	      3.55875838	     87.60891766	     -0.22002206	      0.96076883	     -0.58235318	     -7.10890252	      3.26065767	    -12.12938039	     13.88024155	      0.24225592	     14.43490726	      9.05104378	     -7.49999989	     22.03151402	     -5.76638964	    -18.61386104	     29.52074251	      0.51523415	     -0.47080928	    -15.26147606	     -7.49999989	    -18.41020894	      0.39023606	      6.25696531	      6.42769637	     -9.61746664	    -26.11120104	     49.66501728	    102.24449777	      0.68662935	     -2.98884387	    -40.90289238	     28.09747613	     77.75810497
      1.42000000	      1.56723826	      3.62490889	     87.07584766	     -0.21995269	      0.95917071	     -0.59330264	     -7.81716815	      3.21580209	    -12.22885559	     14.11626494	      0.24637530	     14.95324533	     10.00228985	     -7.49999989	     22.04203324	     -5.88641104	    -20.14732463	     26.44346175	      0.46152547	      0.28278226	    -10.49066976	     -7.49999989	    -18.62313924	      0.50553923	      6.66510073	      6.93803701	     -9.96171117	    -25.63501754	     49.89515228	    103.29691806	      0.46522527	     -2.67075297	    -42.63615820	     27.67067464	     78.39327624
      1.43000000	      1.44086392	      3.36199506	     86.72006470	     -0.22104630	      0.95699650	     -0.60427077	     -8.00862482	      2.86113548	    -12.03846945	     14.68650396	      0.25632785	     15.69129834	      9.78735448	     -7.49999989	     22.38944764	     -5.40058517	    -20.94826460	     23.30183372	      0.40669372	      0.30914151	     -6.96511901	     -7.49999989	    -18.43263956	      0.43632965	      6.87863497	      7.41557807	    -10.35056517	    -25.26928189	     49.95481366	    103.72722892	     -0.02136238	     -2.50520056	    -43.02528570	     27.39533972	     78.63696046
      1.44000000	      1.47540812	      3.14664600	     86.29329961	     -0.22158430	      0.95493003	     -0.61526213	     -8.27310278	      2.66416490	    -12.03552589	     15.20490819	      0.26537571	     16.21894131	     10.15903209	     -7.49999989	     22.67034695	     -5.21094882	    -21.98154344	     20.41641179	      0.35633361	      0.51930231	     -2.58401058	     -7.49999989	    -18.34359356	      0.44477761	      7.29097005	      7.76705329	    -10.70683734	    -24.92272450	     50.15838200	    103.64322703	     -0.23864884	     -2.29346929	    -43.88046799	     27.00611648	     78.72854983
      1.45000000	      1.67463186	      2.83719970	     85.87866792	     -0.22188841	      0.95270381	     -0.62622521	     -8.43651174	      2.70182337	    -11.72917357	     15.71118471	      0.27421190	     16.48321376	      9.81830100	     -7.49999989	     23.14776740	     -5.20326663	    -22.40569316	     17.99696316	      0.31410626	      0.47367454	      0.80374820	     -7.49999989	    -18.12319181	      0.63382135	      7.63777449	      8.11899755	    -11.00841031	    -24.38716538	     50.34602856	    101.68302576	     -0.49263410	     -2.05746828	    -44.70492160	     26.66783258	     76.69352891
      1.46000000	      1.92882413	      2.40271759	     85.97280512	     -0.22375927	      0.95027565	     -0.63684591	     -8.47458699	      2.82125571	    -11.86449193	     16.18843075	      0.28254142	     16.63610807	      9.82461722	     -7.49999989	     23.74831187	     -4.96317656	    -21.78749657	     15.63593146	      0.27289849	      0.05681082	      2.39761021	     -7.49999989	    -17.88627472	      1.14288542	      7.48667769	      8.66054167	    -11.28756576	    -24.30139835	     50.44715176	    101.98831468	     -0.78949602	     -1.87501966	    -44.89473576	     26.36950085	     76.81067310
      1.47000000	      1.44394045	      2.12345764	     85.58459126	     -0.22470444	      0.94801724	     -0.64873790	     -8.44546120	      2.01809184	    -11.64720596	     17.25237603	      0.30111077	     17.37028447	      9.39985215	     -7.49999989	     23.97573804	     -4.24476733	    -22.25158365	     13.50641200	      0.23573136	     -0.44967030	      4.57255578	     -7.49999989	    -17.41650492	      0.61239633	      7.52742396	      9.08158275	    -11.43568986	    -23.91833343	     50.02172797	    102.51254874	     -1.31939148	     -1.79869069	    -45.56297003	     26.01466917	     76.94655399
      1.48000000	      1.20709871	      1.69442402	     85.16248252	     -0.22602380	      0.94572926	     -0.65986174	     -8.18191077	      1.39931113	    -11.59202006	     18.33469138	      0.32000073	     17.81213598	      9.87485015	     -7.49999989	     24.28899379	     -3.81538513	    -22.52703630	     11.59123839	      0.20230527	     -0.87529084	      6.46577167	     -7.49999989	    -17.01172402	      0.43681530	      7.61072614	      9.69488402	    -11.57990944	    -23.81780831	     49.66877955	    104.08261455	     -1.38507333	     -1.36705353	    -47.52296929	     25.63695134	     76.68172030
      1.49000000	      1.22206673	      1.47000276	     84.96304511	     -0.22669371	      0.94370498	     -0.67181565	     -8.45783758	      1.29766250	    -10.93762723	     18.87101619	      0.32936137	     17.73554090	      9.15188687	     -7.49999989	     24.73420308	     -3.73851847	    -22.05809014	     10.93999464	      0.19093893	     -0.80846064	      6.82564956	     -7.49999989	    -16.77512606	      0.42059060	      7.68076903	      9.97908752	    -11.57403683	    -23.85288464	     49.52826758	    104.02410568	     -1.57422856	     -1.26532287	    -48.48967638	     25.24333909	     76.39667197
      1.50000000	      1.02610794	      1.35885739	     84.64630388	     -0.22760886	      0.94188895	     -0.68405783	     -8.73246077	      0.79848059	    -10.64865098	     19.65665061	      0.34307327	     17.74123446	      9.15982965	     -7.49999989	     24.91283130	     -3.50581413	    -22.10584110	     10.60503850	      0.18509284	     -0.66206550	      7.60416888	     -7.49999989	    -16.57415851	      0.19899148	      7.72786810	     10.29454928	    -11.56545112	    -23.87059946	     49.31111898	    104.53048865	     -1.83831500	     -1.16072059	    -49.28182516	     24.90217139	     76.48185880
      1.51000000	      0.70454276	      1.34477194	     84.38038241	     -0.22873295	      0.94036931	     -0.69659337	     -9.10362721	      0.16182960	    -10.17487231	     20.44991423	      0.35691834	     17.58936074	      8.96818153	     -7.49999988	     24.88233248	     -3.12418740	    -22.16514852	     10.53039624	      0.18379009	     -0.49979192	      8.08627248	     -7.49999988	    -16.39292455	     -0.15297542	      7.67847086	     10.60578743	    -11.46803727	    -23.99930512	     48.91683065	    104.70864049	     -2.09992149	     -1.13568415	    -49.80853950	     24.46424708	     76.04565412
      1.52000000	      0.65077381	      1.54423179	     84.09862399	     -0.22901610	      0.93902897	     -0.70999455	     -9.91252315	     -0.06207980	     -9.23839188	     20.92053372	      0.36513219	     17.10295641	      8.32569610	     -7.49999988	     24.75864431	     -3.15651761	    -21.95592666	     11.46092504	      0.20003088	     -0.16209284	      7.71621618	     -7.49999988	    -16.37281044	     -0.35254105	      7.74059994	     10.66349273	    -11.29508134	    -24.13105763	     48.69862337	    104.75590323	     -2.61034309	     -1.25486146	    -49.84254353	     24.28881181	     76.07383677
      1.53000000	      0.39251564	      1.67242208	     83.95626551	     -0.22991736	      0.93786433	     -0.72327327	    -10.52181377	     -0.60070832	     -8.77286847	     21.58673128	      0.37675954	     16.49544505	      8.22309001	     -7.49999988	     24.48921055	     -2.88083896	    -21.81506944	     12.19950448	      0.21292152	     -0.43601434	      7.63364084	     -7.49999988	    -16.27547674	     -0.68167531	      7.57384036	     10.68891934	    -11.12006305	    -24.21522019	     48.53368007	    104.75634902	     -2.98356423	     -1.36623551	    -49.92789540	     24.02627197	     76.10068004
      1.54000000	      0.19346197	      1.92449576	     83.70811690	     -0.23008876	      0.93694645	     -0.73710191	    -11.27982762	     -1.09698144	     -8.28474433	     22.26058613	      0.38852052	     15.67358862	      8.15551151	     -7.49999988	     24.07618900	     -2.78865408	    -21.61003336	     13.44339241	      0.23463146	     -0.66897601	      7.26256828	     -7.49999988	    -16.23053274	     -1.09487471	      7.54248318	     10.64706646	    -10.84679117	    -24.40414953	     48.22746265	    104.75033556	     -3.39785216	     -1.53616141	    -50.01703654	     23.79560759	     76.11591909
      1.55000000	     -0.08878673	      2.32260412	     83.39364611	     -0.23081447	      0.93631944	     -0.75153134	    -12.23075546	     -1.63041624	     -7.12816418	     22.82710139	      0.39840808	     14.48389740	      7.00348829	     -7.49999988	     23.39247743	     -2.42907941	    -21.21064976	     14.58297716	      0.25452097	     -2.33997625	      4.25917410	     -7.49999988	    -16.24643972	     -1.50298237	      7.51596855	     10.73811848	    -10.39087246	    -25.29160861	     47.61480932	    104.87386053	     -3.81944498	     -1.64058839	    -50.16446529	     23.47520561	     76.26663696
      1.56000000	     -0.32179873	      2.57861905	     83.29561474	     -0.23136562	      0.93573946	     -0.76566526	    -12.90205691	     -2.14584012	     -6.68561995	     23.63705452	      0.41254443	     13.13946273	      6.77197421	     -7.49999988	     22.94694695	     -2.21029316	    -21.43049753	     15.82411093	      0.27618284	     -4.20278075	      1.73441297	     -7.49999988	    -16.14383213	     -1.87269034	      7.25649676	     10.75322803	     -9.93594767	    -25.86100973	     47.08393082	    105.03622157	     -4.06077519	     -1.83759817	    -50.56132155	     23.03856553	     76.36427091
      1.57000000	     -0.74298443	      2.90799143	     83.35088209	     -0.23222210	      0.93553305	     -0.77984066	    -13.54470998	     -2.82908489	     -6.31416998	     24.59144186	      0.42920163	     11.60895188	      6.46933426	     -7.49999988	     22.59138705	     -1.74215890	    -21.17903672	     17.29051058	      0.30177634	     -4.08964001	      0.62123192	     -7.49999988	    -16.16729922	     -2.43113563	      6.85445953	     10.52989567	     -9.56554787	    -26.08846727	     46.83870058	    105.08678679	     -4.31303949	     -2.07553826	    -50.67541049	     22.78325984	     76.37392326
      1.58000000	     -0.94142643	      2.92265076	     83.77407680	     -0.23358175	      0.93520620	     -0.79353085	    -13.81266548	     -3.02312501	     -5.76845161	     25.62414535	      0.44722570	      9.42920400	      4.86260934	     -7.49999988	     22.91902949	     -1.20770032	    -18.78515380	     19.19532480	      0.33502162	     -4.25698902	     -2.64685032	     -7.49999988	    -15.89715691	     -2.64585956	      6.12730355	     10.67348230	     -8.88206816	    -27.32255087	     46.05982089	    105.35620469	     -4.47388208	     -2.29325518	    -50.81912133	     22.43899425	     76.52827063
      1.59000000	     -1.71999825	      3.18664528	     83.98517049	     -0.23533476	      0.93580479	     -0.80773118	    -14.11794595	     -4.05856746	     -5.57367620	     26.96374206	      0.47060608	      7.28162063	      3.96585616	     -7.49999988	     22.44628781	     -0.11279207	    -17.87099958	     20.10938322	      0.35097495	     -5.17056630	     -3.48655316	     -7.49999988	    -15.80495790	     -3.47289976	      5.53341201	     10.60640175	     -8.28534098	    -28.40135808	     45.39377247	    105.77247576	     -4.51946583	     -2.55497134	    -50.86061555	     21.96476868	     76.69427108
      1.60000000	     -2.36706571	      3.61849369	     84.16603468	     -0.23711121	      0.93667459	     -0.82215518	    -14.49914889	     -4.97810072	     -5.39566463	     28.48266985	      0.49711637	      4.76465648	      3.34597882	     -7.49999988	     21.85571920	      0.85341491	    -16.86422426	     21.40041522	      0.37350771	     -4.74031706	     -3.97988058	     -7.49999988	    -15.91504626	     -4.17198555	      5.03255855	     10.24033199	     -8.01602994	    -28.70807102	     45.07618383	    105.82500020	     -4.56057319	     -2.73606628	    -50.85275164	     21.69892237	     76.70635814
      1.61000000	     -2.96025432	      3.97638282	     84.62936883	     -0.23956449	      0.93780513	     -0.83713372	    -14.90175703	     -5.73701924	     -5.49724356	     29.81105764	      0.52030111	      1.58309620	      1.52542421	     -7.49999988	     21.19706507	      2.11324079	    -14.93719023	     22.35106461	      0.39009967	     -4.45598933	     -6.65264926	     -7.49999988	    -15.82746016	     -4.68172155	      4.31472897	     10.02298942	     -7.38133356	    -30.31924541	     44.34261927	    105.37671754	     -4.69416493	     -2.96614543	    -50.22788510	     21.29693425	     76.06999040
      1.62000000	     -3.59816329	      4.39895409	     84.96395575	     -0.24199926	      0.93897718	     -0.85200109	    -15.11760459	     -6.54765763	     -5.32013141	     31.50111270	      0.54979813	     -1.81302626	     -0.45547237	     -7.49999988	     20.24501032	      3.36041755	    -13.50814136	     22.98795265	      0.40121546	     -4.15167940	     -9.87714860	     -7.49999988	    -15.83502870	     -5.24989693	      3.75725671	      9.58952567	     -7.06500153	    -31.21124483	     43.88689085	    106.17384750	     -4.74788473	     -3.11339583	    -49.71491428	     21.05878689	     75.50472961
      1.63000000	     -4.01397354	      4.55720817	     85.28086257	     -0.24427293	      0.93991016	     -0.86646105	    -14.77397335	     -7.13916049	     -5.19788818	     33.52283084	      0.58508377	     -6.16836838	     -2.36636654	     -7.49999988	     19.49681995	      4.32307160	    -12.20123919	     23.58155814	      0.41157583	     -3.32954161	    -11.70005769	     -7.49999988	    -15.63351186	     -5.59057841	      3.27756586	      9.15079282	     -6.71085975	    -32.34893086	     43.47345031	    107.78694025	     -4.85684227	     -3.23003749	    -49.11757217	     21.05931136	     76.08536261
      1.64000000	     -4.45706877	      4.69688101	     85.53694059	     -0.24651356	      0.94090581	     -0.88057555	    -14.16016397	     -7.89271366	     -5.31025128	     35.79672768	      0.62477076	    -11.01374391	     -3.95178960	     -7.49999988	     18.65505434	      5.28359548	    -11.16811903	     23.91144698	      0.41733348	     -2.46354097	    -12.59000241	     -7.49999988	    -15.46399694	     -5.95834641	      2.90217128	      8.66756523	     -6.46768215	    -33.17822219	     43.03414903	    107.10758735	     -4.81147624	     -3.36497720	    -48.33093393	     21.02642164	     75.80517088
      1.65000000	     -4.92216123	      4.74647374	     85.67216191	     -0.24842902	      0.94184326	     -0.89439647	    -13.23122510	     -8.62128694	     -5.08448288	     38.15957261	      0.66601018	    -15.47708784	     -5.85167844	     -7.49999988	     17.79940496	      6.13668194	    -10.59831034	     24.03613564	      0.41950971	     -1.47352666	    -13.19840365	     -7.49999988	    -15.21429351	     -6.37268742	      2.61099381	      8.14893228	     -6.33361964	    -33.65175163	     42.61345911	    106.91312278	     -4.64606582	     -3.43816202	    -47.94094723	     21.08742530	     75.09998514
      1.66000000	     -5.27565316	      4.75725700	     85.76280629	     -0.24988286	      0.94288966	     -0.90767022	    -12.06942289	     -9.05980186	     -4.37981715	     40.64681412	      0.70942074	    -19.43993753	     -8.38731915	     -7.49999988	     16.86924270	      6.77078191	    -10.34116892	     23.91089232	      0.41732380	     -0.63353542	    -13.40129828	     -7.49999988	    -15.02608853	     -6.72189118	      2.39794154	      7.75881779	     -6.06067110	    -34.50133802	     42.15819518	    107.19922502	     -4.38641415	     -3.56553128	    -47.57276158	     21.24495268	     75.41708133
      1.67000000	     -5.62800677	      4.64695665	     85.67331905	     -0.25104918	      0.94384009	     -0.92064016	    -10.54699369	     -9.59621641	     -3.77067379	     43.33277679	      0.75629963	    -22.99447997	    -10.22201472	     -7.49999988	     16.04492952	      7.28949692	    -10.48950206	     23.72210098	      0.41402877	      0.30745207	    -13.09336457	     -7.49999988	    -14.73305601	     -7.08801259	      2.33783620	      7.44719976	     -5.79669887	    -35.44370245	     41.61001384	    107.73597012	     -3.99401195	     -3.64670545	    -47.72694099	     21.38150715	     77.15957671
      1.68000000	     -5.98358351	      4.68707113	     85.43050594	     -0.25194587	      0.94516851	     -0.93333939	     -9.01621613	    -10.20368574	     -3.16922810	     46.00782380	      0.80298801	    -26.61375926	    -12.05226713	     -7.49999988	     15.01214231	      7.75690584	    -10.92160747	     23.41683449	      0.40870086	      1.17816138	    -12.54582099	     -7.49999988	    -14.65651402	     -7.51073496	      2.38098184	      7.10835133	     -5.68363572	    -35.83766450	     41.10201199	    107.50749103	     -3.64947539	     -3.67247688	    -47.50019131	     21.83889266	     77.42419031
      1.69000000	     -6.15279311	      4.95611014	     85.43954626	     -0.25311726	      0.94697986	     -0.94557790	     -7.77754445	    -10.64017377	     -3.00442358	     48.54659858	      0.84729799	    -29.70179673	    -13.13355451	     -7.49999988	     13.60318403	      8.15824224	    -10.93937749	     22.85745304	      0.39893781	      1.98433630	    -12.19471831	     -7.49999988	    -14.98154991	     -7.66590419	      2.12252539	      6.96398531	     -5.66711255	    -35.98778012	     40.55627038	    107.69123104	     -2.91358027	     -3.81236796	    -47.38476793	     21.79108943	     77.58266506
      1.70000000	     -6.25007856	      4.55540579	     84.84991567	     -0.25315483	      0.94806773	     -0.95770203	     -5.46689451	    -10.87218083	     -2.07764985	     51.21241647	      0.89382529	    -33.18749478	    -16.49911756	     -7.49999988	     13.01223335	      8.07057561	    -12.41524356	     22.45180105	      0.39185785	      3.04797403	    -10.28781910	     -7.49999988	    -14.44189948	     -7.88148241	      2.54680136	      6.72794642	     -5.50394661	    -36.68054600	     39.75631268	    107.36319338	     -2.61997791	     -3.79727885	    -47.10572659	     22.43372335	     78.06070181
      1.71000000	     -6.23074208	      4.42857582	     84.61354882	     -0.25350941	      0.94962784	     -0.96949519	     -3.57319550	    -11.01178371	     -1.75342940	     53.59785447	      0.93545903	    -34.77107369	    -18.37950004	     -7.49999988	     12.03533925	      8.03967459	    -13.22954839	     21.94196483	      0.38295953	      3.81971087	     -8.98134786	     -7.49999988	    -14.36055994	     -7.93703603	      2.61453646	      6.59083456	     -5.39507458	    -37.13783739	     39.01310249	    107.19645097	     -2.06585725	     -3.85126525	    -46.89016980	     22.96663992	     78.55938932
      1.72000000	     -6.27584723	      4.28916005	     84.21876971	     -0.25410379	      0.95109818	     -0.98108437	     -1.56287296	    -11.27425153	     -1.39806447	     55.90368125	      0.97570330	    -34.83793814	    -20.48006706	     -7.49999988	     11.02806905	      8.13963901	    -14.03954478	     21.19365990	      0.36989915	      4.30833392	     -7.94121265	     -7.49999988	    -14.27179689	     -8.00537776	      2.73580112	      6.49146700	     -5.43999189	    -37.33096745	     38.30769198	    107.06108454	     -1.46593802	     -3.87616971	    -46.64843713	     23.44216886	     78.88478569
      1.73000000	     -5.89732009	      4.21131498	     84.28896081	     -0.25539378	      0.95297131	     -0.99249905	      0.11681804	    -10.98776943	     -1.54251731	     57.74099370	      1.00777045	    -33.41713865	    -21.44964197	     -7.49999988	      9.95161748	      7.89668147	    -14.16250682	     20.60105589	      0.35955625	      4.73596535	     -7.50290924	     -7.49999988	    -14.45953154	     -7.47631757	      2.47657174	      6.27154566	     -5.54879041	    -37.33539559	     37.97236174	    106.48951232	     -0.75672363	     -3.76787362	    -46.42965632	     23.91996758	     78.78344629
      1.74000000	     -6.16354336	      3.85709600	     83.50277724	     -0.25513463	      0.95399437	     -1.00366653	      2.69998376	    -11.31661302	     -0.79677420	     59.97283438	      1.04672342	    -30.32084314	    -23.68752260	     -7.49999988	      9.15150943	      8.12016518	    -15.65175164	     19.65659317	      0.34307227	      5.22465132	     -5.59131245	     -7.49999988	    -14.01739680	     -7.92873301	      2.95442829	      6.33913622	     -5.61845793	    -37.47227795	     36.75462488	    106.15669934	     -0.24045301	     -3.93006603	    -45.82330197	     24.52866244	     79.11080203
      1.75000000	     -6.03737914	      3.62244874	     83.29751734	     -0.25579451	      0.95542171	     -1.01486019	      4.82683514	    -11.17012072	     -0.66243681	     61.65448254	      1.07607372	    -27.01631743	    -25.21155229	     -7.49999988	      8.23916033	      8.06829941	    -16.37678474	     18.88672022	      0.32963545	      5.80401022	     -4.27366723	     -7.49999988	    -13.92482443	     -7.77289323	      2.92674124	      6.26342437	     -5.67296430	    -37.71449086	     35.99416766	    105.85541602	      0.37710903	     -3.98309984	    -45.06442410	     25.19412778	     79.38484359
      1.76000000	     -5.71715658	      3.52339373	     83.29107156	     -0.25661202	      0.95727585	     -1.02629011	      6.56268003	    -10.75452058	     -0.75629919	     62.74882721	      1.09517364	    -24.08729002	    -26.80755016	     -7.49999988	      7.09684426	      7.96144857	    -16.33151685	     18.02919854	      0.31466888	      6.03407556	     -3.71107654	     -7.49999988	    -13.99617289	     -7.35937910	      2.82783182	      6.07833072	     -5.85346079	    -37.72645007	     35.45146619	    105.70119611	      1.19746295	     -4.01590958	    -44.69480396	     25.57849449	     79.46546365
      1.77000000	     -5.58312644	      3.15801810	     83.20684607	     -0.25732095	      0.95832069	     -1.03710709	      8.80782253	    -10.49428728	     -0.73787159	     63.79636878	      1.11345669	    -21.20542525	    -28.04844568	     -7.49999988	      6.35875849	      7.94400951	    -16.79285573	     17.24979645	      0.30106574	      6.14900693	     -2.77200836	     -7.49999988	    -13.77294177	     -7.16394533	      2.64541466	      5.99833490	     -6.02382813	    -37.37763787	     34.66644202	    103.60658428	      1.72567354	     -4.23339385	    -43.35725465	     26.26811135	     78.36401357
      1.78000000	     -5.33810320	      3.00798555	     83.28076644	     -0.25823445	      0.95974943	     -1.04828662	     10.61972701	    -10.21247648	     -1.02274182	     64.37340041	      1.12352779	    -18.35246998	    -29.02296920	     -7.49999988	      5.27924510	      7.90699347	    -16.87463999	     16.31554652	      0.28476001	      6.47091768	     -1.76635539	     -7.49999988	    -13.83459561	     -6.81249694	      2.42197456	      5.84315306	     -6.16449204	    -37.34252150	     34.09847987	    102.86049474	      2.41056757	     -4.41232378	    -42.13253548	     26.83565664	     77.94784620
      1.79000000	     -5.03550200	      3.05230504	     83.50255302	     -0.25912059	      0.96135405	     -1.05979172	     12.02107890	     -9.83459366	     -1.42207684	     64.54725310	      1.12656209	    -15.36416059	    -30.22668478	     -7.49999987	      3.93420540	      7.85534091	    -16.78715361	     15.29316278	      0.26691604	      6.64209942	     -0.98069536	     -7.49999987	    -14.07896293	     -6.42429105	      2.12092150	      5.58891095	     -6.26014670	    -37.38391724	     33.68743545	    102.12849739	      3.09249712	     -4.61417093	    -40.90307602	     27.49532622	     77.53317660
      1.80000000	     -4.85126218	      2.80083187	     83.73361104	     -0.26035180	      0.96218227	     -1.07107017	     13.74964172	     -9.72310055	     -2.09269600	     64.47403412	      1.12528418	    -12.24920220	    -31.03472934	     -7.49999987	      2.97768738	      7.89965492	    -16.62600890	     14.40214914	      0.25136492	      6.97273727	     -0.10498992	     -7.49999987	    -13.99771050	     -6.07771767	      1.78930625	      5.58491189	     -6.16266531	    -38.95774785	     33.15536663	    107.35654840	      3.71672075	     -4.91906775	    -39.87162479	     28.01772207	     81.89783612
      1.81000000	     -4.53274387	      2.77646763	     84.10104287	     -0.26156968	      0.96331578	     -1.08238717	     15.06064995	     -9.48289136	     -2.91282214	     64.02044513	      1.11736756	     -9.41811747	    -31.48216045	     -7.49999987	      1.71920662	      7.83346381	    -16.21052824	     13.40371153	      0.23393890	      7.12799918	      0.44684068	     -7.49999987	    -14.17803018	     -5.60288773	      1.35327222	      5.23130668	     -6.40441006	    -38.40534298	     32.86499975	    105.12186601	      4.51462110	     -5.06609693	    -38.91428212	     28.55210312	     80.55045272
      1.82000000	     -4.23286942	      2.74578189	     84.34605988	     -0.26258771	      0.96419186	     -1.09374636	     16.36911912	     -9.19007637	     -3.55135479	     63.30512630	      1.10488289	     -6.86042568	    -31.79458419	     -7.49999987	      0.52010977	      7.73029289	    -16.10129116	     12.48170160	      0.21784679	      7.18156179	      1.26671432	     -7.49999987	    -14.28642021	     -5.15352139	      1.02258388	      4.83632039	     -6.65621784	    -37.81396412	     32.68695352	    102.82854082	      5.35114353	     -5.19411879	    -37.99615678	     29.00799777	     79.14303620
      1.83000000	     -3.88717187	      2.89870311	     84.69015708	     -0.26364029	      0.96519289	     -1.10501463	     17.35236305	     -8.92925089	     -4.39002956	     62.25829083	      1.08661216	     -4.76024152	    -31.75754434	     -7.49999987	     -0.88302278	      7.54412566	    -16.23706586	     11.59490775	      0.20236932	      7.42442651	      2.57025684	     -7.49999987	    -14.70662600	     -4.68200142	      0.71683652	      4.41272009	     -6.79397788	    -37.76722784	     32.74718930	    102.14333249	      6.11969867	     -5.40446611	    -36.67858406	     29.82519892	     78.66236484
      1.84000000	     -3.65173727	      2.60332130	     85.09643785	     -0.26458120	      0.96512432	     -1.11596088	     18.82408507	     -8.70852866	     -5.17855787	     61.05705522	      1.06564665	     -3.20663091	    -31.77856748	     -7.49999987	     -1.53760118	      7.33472629	    -16.33557977	     11.23050946	      0.19600937	      7.72668329	      3.89661883	     -7.49999987	    -14.60207718	     -4.29926912	      0.34511129	      4.20334929	     -6.71779587	    -38.87605171	     32.57352134	    105.57979353	      6.89370442	     -5.80845302	    -35.25283171	     30.29551993	     80.47631383
      1.85000000	     -3.33201134	      2.64861458	     85.73468409	     -0.26576024	      0.96564390	     -1.12738311	     19.66106717	     -8.46309469	     -6.15300633	     59.41676524	      1.03701818	     -2.13155637	    -31.71004987	     -7.49999987	     -2.72013826	      7.11366498	    -15.92748127	     10.54259968	      0.18400308	      7.94685894	      4.70296019	     -7.49999987	    -14.84489969	     -3.80676438	     -0.29725789	      4.15242620	     -6.63892266	    -39.98820956	     32.17785943	    107.59314946	      7.75018226	     -6.04575232	    -34.81722665	     30.76555311	     83.47126562
      1.86000000	     -3.23730444	      2.59490929	     86.12757889	     -0.26707848	      0.96551613	     -1.13846777	     20.68069602	     -8.51282476	     -7.04021085	     57.63292841	      1.00588436	     -1.31421620	    -31.42927325	     -7.49999987	     -3.72974705	      7.15546422	    -15.78713531	      9.90630943	      0.17289772	      7.97973794	      5.09237107	     -7.49999987	    -14.95246292	     -3.53277361	     -0.72836662	      3.77273583	     -6.86351707	    -39.51286051	     32.05446687	    105.33153206	      8.71798116	     -6.20553882	    -33.86461682	     31.11888681	     82.10155883
      1.87000000	     -3.13134718	      2.62012839	     86.54105946	     -0.26790505	      0.96527209	     -1.14956858	     21.55141936	     -8.45664888	     -7.83547435	     55.65799261	      0.97141523	     -0.48378346	    -31.02541526	     -7.49999987	     -4.74882789	      7.03035266	    -16.26832374	      9.47572254	      0.16538256	      8.43933726	      7.33650831	     -7.49999987	    -15.19118963	     -3.32780068	     -1.08039802	      3.38704727	     -6.81988024	    -39.97396707	     32.19832415	    105.63571061	      9.47941414	     -6.65099812	    -32.19509271	     31.87466933	     82.16405490
      1.88000000	     -3.01150983	      2.74507071	     87.11678259	     -0.26908511	      0.96502160	     -1.16083492	     22.12836366	     -8.41607165	     -8.76136831	     53.33181198	      0.93081572	      0.16279829	    -30.53916230	     -7.49999987	     -5.95672049	      6.95560158	    -16.30153159	      8.89175685	      0.15519043	      8.67864713	      8.38189688	     -7.49999987	    -15.51007435	     -3.05403645	     -1.63436559	      3.30512435	     -6.70670357	    -41.21906664	     32.00135467	    107.60886602	     10.40374396	     -6.87345323	    -31.63465310	     32.38329250	     84.36812544
      1.89000000	     -3.07295112	      2.74221562	     87.58391014	     -0.26995978	      0.96426656	     -1.17185855	     22.85280670	     -8.53202444	     -9.66511248	     50.87429274	      0.88792391	      0.81992963	    -29.89491739	     -7.49999987	     -6.84894467	      7.01552521	    -16.41224265	      8.61772253	      0.15040763	      8.81660473	      9.33847595	     -7.49999987	    -15.70966351	     -3.01378693	     -2.07815833	      3.06465884	     -6.63802913	    -41.80936521	     31.90755058	    107.52001819	     11.43079783	     -7.19683451	    -30.63948017	     32.71508634	     84.77501186
      1.90000000	     -3.01814758	      2.89771109	     88.12497890	     -0.27081702	      0.96349822	     -1.18305054	     23.26598968	     -8.47281467	    -10.42356592	     48.20479812	      0.84133244	      1.39151811	    -28.83621890	     -7.49999987	     -7.96555890	      6.91294418	    -16.69084217	      8.29504831	      0.14477590	      9.17965488	     10.77269026	     -7.49999987	    -16.05720141	     -2.83919181	     -2.59833786	      2.65651973	     -6.63760508	    -41.71422469	     32.09068554	    105.75250672	     12.28303132	     -7.60310414	    -29.18939762	     33.30913809	     83.20028961
      1.91000000	     -3.04630983	      3.03337080	     88.75460201	     -0.27196707	      0.96267022	     -1.19423910	     23.61242758	     -8.58936868	    -11.46320758	     45.28518869	      0.79037564	      1.99493873	    -27.62522580	     -7.49999987	     -9.03715563	      6.90084421	    -16.67113138	      7.99190381	      0.13948504	      9.31763835	     11.56916147	     -7.49999987	    -16.43023757	     -2.70780366	     -3.17992033	      2.35630255	     -6.65980730	    -41.80471380	     32.08191887	    104.05633899	     13.16268525	     -7.87850515	    -28.04662496	     33.94215973	     82.01595959
      1.92000000	     -3.14124335	      3.02698378	     89.36163570	     -0.27265473	      0.96129475	     -1.20536301	     24.12042858	     -8.68109247	    -12.24537530	     42.40964122	      0.74018787	      2.24676319	    -25.99037259	     -7.49999987	     -9.85231462	      6.86009855	    -16.87898191	      7.94142883	      0.13860408	      9.96486279	     12.97102052	     -7.49999987	    -16.64026315	     -2.72301960	     -3.74239593	      2.40121600	     -6.31856706	    -43.67121337	     31.81535005	    107.52323425	     13.99671066	     -8.34666923	    -26.88478809	     34.57126461	     83.86586499
      1.93000000	     -3.26258095	      3.14131312	     89.92634028	     -0.27341040	      0.95994748	     -1.21668868	     24.34258107	     -8.84939432	    -13.36364669	     39.21291357	      0.68439445	      2.97928390	    -23.89187450	     -7.49999987	    -10.82887333	      6.87773592	    -16.89688115	      7.84060574	      0.13684439	     10.25225672	     13.80634478	     -7.49999987	    -16.90304543	     -2.70225318	     -4.36411638	      2.22567807	     -6.21064494	    -44.25226033	     31.74392097	    107.68927390	     14.79593463	     -8.75857442	    -25.97244783	     35.13876493	     85.36338507
      1.94000000	     -3.37340066	      3.29229446	     90.44755171	     -0.27396189	      0.95852007	     -1.22821500	     24.54128622	     -8.93942413	    -14.33621072	     36.06710091	      0.62948966	      3.40028942	    -21.74617981	     -7.49999987	    -11.89025135	      6.86077269	    -17.19212291	      7.65780242	      0.13365387	     10.41254702	     14.96216033	     -7.49999987	    -17.24218979	     -2.72790164	     -4.81712318	      1.77854024	     -6.15871962	    -44.03743466	     31.89606111	    105.43720579	     15.59258060	     -9.18023581	    -24.46726589	     35.72500679	     83.37778808
      1.95000000	     -3.51609573	      3.41932873	     91.08513244	     -0.27465401	      0.95689322	     -1.23973081	     24.61721512	     -9.08547788	    -15.64071901	     32.76949822	      0.57193564	      4.10646499	    -19.14347396	     -7.49999987	    -12.84920433	      6.83286880	    -17.05792169	      7.66358228	      0.13375474	     10.63125479	     15.64804294	     -7.49999987	    -17.54575326	     -2.73479222	     -5.44055831	      1.69077065	     -5.94845256	    -45.15812398	     31.73334468	    106.66913641	     16.42944988	     -9.50391398	    -23.68316169	     36.13559315	     83.90381407
      1.96000000	     -3.64459135	      3.45917419	     91.62891516	     -0.27490579	      0.95518865	     -1.25117569	     24.80704883	     -9.08602841	    -16.62316745	     29.47533955	      0.51444172	      4.29874300	    -16.02134423	     -7.49999987	    -13.67293693	      6.77241009	    -16.91009325	      7.72392051	      0.13480784	     10.84666494	     16.03583982	     -7.49999987	    -17.76095796	     -2.78034860	     -5.97992584	      1.53015565	     -5.80392600	    -45.65709415	     31.55060776	    106.86568740	     17.19219433	     -9.80704300	    -23.06482633	     36.81279818	     84.29853864
      1.97000000	     -3.74856772	      3.30461421	     92.07962163	     -0.27495911	      0.95315975	     -1.26262167	     25.23119788	     -9.00544646	    -17.54469821	     26.38883180	      0.46057200	      4.48673791	    -12.13614659	     -7.49999987	    -14.29662698	      6.68957698	    -16.88179659	      7.77100528	      0.13562963	     11.02926412	     16.52960549	     -7.49999987	    -17.79413102	     -2.82920219	     -6.35929942	      1.32996293	     -5.62717394	    -46.32259084	     31.40623684	    106.96010121	     17.93833649	    -10.10433546	    -22.23441775	     37.28218967	     84.68912433
      1.98000000	     -3.96583666	      3.33573451	     92.38828146	     -0.27462908	      0.95125918	     -1.27401018	     25.53612913	     -8.94049572	    -18.13021176	     23.64793178	      0.41273427	      4.96562009	     -7.72132865	     -7.49999987	    -15.10708757	      6.74246288	    -16.84314413	      7.80656270	      0.13625022	     11.09196619	     17.00078230	     -7.49999987	    -18.05565485	     -3.04047184	     -6.67367905	      1.32417133	     -5.39249993	    -47.13867161	     31.18710997	    106.54495006	     18.69230464	    -10.53818459	    -21.20744942	     37.78774295	     85.06069063
      1.99000000	     -4.01416561	      3.14527145	     92.84723354	     -0.27413730	      0.94912888	     -1.28555384	     25.94527561	     -8.72338346	    -18.80267008	     21.03706008	      0.36716596	      5.36041919	     -3.60207660	     -7.49999987	    -15.50525075	      6.49380306	    -16.68129445	      8.22688203	      0.14358618	     11.37219676	     17.35584489	     -7.49999987	    -18.02042741	     -3.07531181	     -7.04130491	      1.25173092	     -5.11854706	    -48.06125175	     30.87563328	    106.13471520	     19.46344023	    -10.95816068	    -20.04559101	     37.95518423	     83.87442886
      2.00000000	     -4.11920367	      2.89720666	     93.14182556	     -0.27338593	      0.94678198	     -1.29717296	     26.42075296	     -8.47561494	    -19.15772077	     18.65359248	      0.32556661	      5.55542386	     -0.00774592	     -7.49999987	    -15.83616730	      6.34569484	    -16.44724030	      8.63893444	      0.15077785	     11.54556160	     17.53906701	     -7.49999987	    -17.92840338	     -3.21842049	     -7.25891063	      1.17196564	     -4.86415068	    -48.97149526	     30.61653654	    105.93915358	     19.98348509	    -11.28769253	    -19.11787098	     38.57259690	     82.94353367
      2.01000000	     -4.18545130	      2.55851046	     93.30079774	     -0.27236602	      0.94429589	     -1.30876712	     27.02317634	     -8.14988549	    -19.19765559	     16.60476253	      0.28980778	      5.44767577	      2.63945929	     -7.49999987	    -15.99914275	      6.17107094	    -16.39545930	      9.15606063	      0.15980340	     11.63544282	     17.40480899	     -7.49999987	    -17.68885524	     -3.31807247	     -7.41082726	      1.21656644	     -4.65706460	    -49.87353691	     30.17147415	    106.35538064	     20.57932609	    -11.59460884	    -18.48895464	     38.83546438	     83.22248918
      2.02000000	     -4.12193255	      2.16825207	     93.63180678	     -0.27141195	      0.94180140	     -1.32065096	     27.43162636	     -7.76897189	    -19.52615245	     14.58893661	      0.25462498	      5.13904764	      5.09934065	     -7.49999987	    -16.02147852	      5.75681914	    -16.22073207	      9.93813165	      0.17345312	     11.86844971	     17.37692783	     -7.49999987	    -17.39489009	     -3.26079866	     -7.59865487	      1.18356678	     -4.44655612	    -50.85931929	     29.78315490	    107.14866908	     21.17158995	    -11.74154592	    -18.56041996	     39.00228166	     87.77804956
      2.03000000	     -3.98782217	      1.91337880	     93.87049287	     -0.27048321	      0.93949801	     -1.33296793	     27.78491915	     -7.36987333	    -19.81733584	     13.21415829	      0.23063057	      4.77678502	      7.05926404	     -7.49999987	    -16.14389288	      5.26698114	    -16.23374385	     10.82780923	      0.18898092	     12.01369544	     17.58519915	     -7.49999987	    -17.21100329	     -3.11977433	     -7.61672885	      0.91458378	     -4.33917338	    -51.13084448	     29.62934135	    105.64608100	     21.46843227	    -11.80118263	    -17.83332513	     39.48413398	     85.14057967
      2.04000000	     -3.87843307	      1.69323926	     94.08854914	     -0.26974437	      0.93731602	     -1.34556780	     28.14709110	     -7.05216538	    -19.80333374	     12.42667430	      0.21688638	      4.42829801	      8.01898113	     -7.49999987	    -16.34394967	      4.85610788	    -16.01315931	     11.62537168	      0.20290101	     11.88241594	     17.31780601	     -7.49999987	    -17.00419072	     -2.95387159	     -7.64694657	      0.89249083	     -4.24597569	    -52.24925277	     29.24820217	    107.08354255	     21.80073084	    -11.77210067	    -17.63782597	     39.82498452	     85.78983646
      2.05000000	     -3.71941808	      1.62710372	     94.29451386	     -0.26931125	      0.93536116	     -1.35885373	     28.41239667	     -6.79951967	    -19.76274751	     12.43129135	      0.21696696	      4.21359560	      8.30576253	     -7.49999987	    -16.77155252	      4.41236834	    -15.75080372	     12.34415177	      0.21544609	     11.42750985	     17.25001311	     -7.49999987	    -16.88070592	     -2.65982651	     -7.58414821	      0.53833078	     -4.36147547	    -52.35517519	     29.07697342	    107.06041104	     22.02714615	    -11.54566018	    -17.55042333	     39.99920402	     85.83490128
      2.06000000	     -3.41770491	      1.66752210	     94.61437468	     -0.26902244	      0.93370599	     -1.37266843	     28.48745837	     -6.51214090	    -19.92555126	     12.84525654	      0.22419202	      3.91690895	      8.24014129	     -7.49999987	    -17.27965303	      3.73129818	    -15.62997778	     13.16370038	      0.22974991	     10.99702745	     17.10726383	     -7.49999987	    -16.74440949	     -2.17357969	     -7.63403776	      0.20034496	     -4.45008985	    -52.54643424	     28.89878279	    107.00723210	     22.15423495	    -11.27288860	    -17.50036220	     40.11031108	     85.88617222
      2.07000000	     -3.26887791	      1.73998307	     94.88121302	     -0.26871923	      0.93215768	     -1.38729643	     28.36032644	     -6.31462617	    -19.56815049	     13.38068074	      0.23353694	      3.62940110	      8.23108170	     -7.49999987	    -18.00607342	      3.27542348	    -15.29621119	     13.65265978	      0.23828386	     10.67331369	     17.12505349	     -7.49999987	    -16.48155562	     -1.88275488	     -7.68691011	     -0.27166303	     -4.55168437	    -52.68554852	     28.71612000	    106.98843523	     21.95972999	    -11.12072889	    -17.48498386	     40.14110873	     85.90178496
      2.08000000	     -2.80511271	      1.95951040	     95.22583094	     -0.26890036	      0.93085017	     -1.40191874	     28.12838196	     -5.98347768	    -19.90323853	     14.48959874	      0.25289121	      3.11472732	      7.44677599	     -7.49999987	    -18.71227355	      2.41110653	    -15.04512026	     14.45039768	      0.25220702	      9.66764333	     16.92368131	     -7.49999987	    -16.51626466	     -1.10037930	     -7.57954409	     -0.62856459	     -4.87407732	    -52.91037248	     28.46964280	    106.92551852	     21.84891345	    -10.63204521	    -17.46066910	     40.44838999	     85.95216529
      2.09000000	     -2.40498799	      2.40344573	     95.57219853	     -0.26867970	      0.93012503	     -1.41714975	     27.26380604	     -5.47282144	    -19.46880611	     15.12345045	      0.26395400	      2.34379833	      5.61127977	     -7.49999987	    -19.76524222	      1.58577602	    -14.68103468	     15.01876657	      0.26212693	      8.36595097	     16.54048023	     -7.49999987	    -16.69369742	     -0.41649140	     -7.66013745	     -0.83013264	     -5.01053776	    -53.47302041	     28.19167046	    106.70954073	     21.50083261	    -10.23875445	    -17.88596528	     40.77281322	     86.08201756
      2.10000000	     -2.06337429	      2.73516174	     95.68982939	     -0.26830396	      0.92904954	     -1.43296019	     26.65132795	     -4.98875860	    -18.90326196	     16.20647524	      0.28285635	      0.87342268	      3.67076266	     -7.49999987	    -20.76061642	      0.89843911	    -14.64275607	     15.53785394	      0.27118671	      6.89521320	     16.41624993	     -7.49999987	    -16.59595906	      0.15900543	     -7.54685995	     -1.17935530	     -5.24319001	    -53.76411445	     27.88717659	    106.60609670	     20.94672264	     -9.83609859	    -18.13681671	     40.97916047	     86.18272992
      2.11000000	     -1.71674140	      2.96684232	     95.71801584	     -0.26805288	      0.92817536	     -1.44880257	     26.25060391	     -4.58416821	    -18.84028666	     17.24325336	      0.30095154	     -1.62347841	      2.18415866	     -7.49999987	    -21.58386455	      0.25269385	    -14.57392406	     16.09830069	      0.28096835	      5.10858336	     16.21223496	     -7.49999987	    -16.43278292	      0.75432394	     -7.32317736	     -1.55867636	     -5.57124567	    -53.88892106	     27.66971436	    106.56175604	     20.38908023	     -9.39076883	    -18.39003591	     41.17753341	     86.23432879
      2.12000000	     -1.21930438	      3.16990462	     95.48816820	     -0.26704438	      0.92765485	     -1.46411664	     25.99715347	     -3.67479207	    -16.96009667	     18.25392095	      0.31859102	     -2.94520185	     -1.44966340	     -7.49999987	    -22.19118761	     -0.48791168	    -14.58876452	     16.92779550	      0.29544577	      3.28147817	     15.87241817	     -7.49999987	    -16.32188501	      1.43464925	     -6.87431287	     -1.69311636	     -5.89535441	    -53.99543036	     27.27649599	    106.48445411	     19.81579434	     -8.78352530	    -19.24153404	     41.35199971	     86.39288232
      2.13000000	     -0.67965316	      3.34676032	     95.09004029	     -0.26582033	      0.92769819	     -1.47947579	     25.88386240	     -2.77138681	    -15.21174237	     19.85383428	      0.34651478	     -3.40154496	     -3.14896533	     -7.49999987	    -22.73304613	     -1.15955489	    -14.54501204	     17.69459427	      0.30882893	      0.92096983	     14.97345615	     -7.49999987	    -16.23480671	      2.11183934	     -6.24458378	     -1.78652020	     -6.25218214	    -54.06504562	     26.87215014	    106.45861040	     19.33352763	     -8.20489762	    -19.82266461	     41.25821546	     86.49509163
      2.14000000	     -0.04104445	      3.72227975	     94.80511977	     -0.26464454	      0.92879380	     -1.49523670	     25.45434921	     -1.92839691	    -14.48439791	     21.52474517	      0.37567767	     -4.22765514	     -3.44553289	     -7.49999987	    -23.28402929	     -2.11028406	    -14.67575741	     18.89420331	      0.32976606	     -1.69306027	     14.43724419	     -7.49999987	    -16.29853732	      2.93723698	     -5.78210317	     -1.84340085	     -6.55820815	    -54.11071920	     26.52235673	    106.46322598	     18.60411936	     -7.83474915	    -20.04420210	     41.18116606	     86.53041948
      2.15000000	      0.79477211	      3.98089103	     94.28707394	     -0.26268286	      0.92988808	     -1.51113625	     25.00663619	     -0.47295894	    -12.45502578	     22.78299312	      0.39763824	     -5.16714597	     -6.05180691	     -7.49999987	    -23.71006712	     -3.06843786	    -14.74590041	     19.91873152	      0.34764745	     -4.82279290	     12.79835344	     -7.49999987	    -16.22936672	      3.82645825	     -5.17039054	     -1.69532537	     -6.91407643	    -54.21665149	     25.83389653	    106.57431570	     17.73307536	     -7.08523815	    -21.53562943	     41.17091988	     86.83860214
      2.16000000	      1.67560468	      4.34594411	     94.15385901	     -0.26075840	      0.93118962	     -1.52695961	     24.41061053	      0.86938759	    -11.09917458	     24.05011403	      0.41975368	     -5.02561341	     -7.31257289	     -7.49999987	    -23.93080483	     -4.34259974	    -14.68281987	     21.38113892	      0.37317127	     -8.50571874	     11.60540985	     -7.49999987	    -16.22637210	      4.78510086	     -4.84942558	     -1.72474283	     -7.08044501	    -54.17401231	     25.50752385	    106.59284272	     16.86383831	     -6.85524042	    -21.83083299	     41.17792855	     86.90607268
      2.17000000	      2.62646362	      4.74600642	     93.88110381	     -0.25859173	      0.93280439	     -1.54269075	     23.47663834	      2.61298381	     -8.98811704	     24.63799882	      0.43001420	     -5.59789563	    -11.08538934	     -7.49999987	    -23.89479292	     -5.65837754	    -14.66167321	     23.26693184	      0.40608457	    -12.48240332	      9.49787222	     -7.49999987	    -16.30400780	      5.76380576	     -4.52489358	     -1.73915258	     -7.32359518	    -53.30914168	     25.22764013	    105.72127368	     15.78428789	     -6.42523938	    -22.57602980	     41.49637838	     84.50062153
      2.18000000	      3.20920459	      4.87595269	     93.62197049	     -0.25660138	      0.93404211	     -1.55789058	     22.89028520	      3.82068536	     -7.43528983	     25.55750115	      0.44606254	     -5.14289047	    -13.60081926	     -7.49999987	    -23.46004114	     -6.40100123	    -13.73932947	     25.11146576	      0.43827776	    -16.83258438	      6.63060843	     -7.49999987	    -16.16279731	      6.33271833	     -4.19587611	     -1.74150460	     -7.42288165	    -52.86552001	     25.15008968	    104.90472132	     14.87951093	     -6.17948950	    -22.84278769	     41.31319868	     82.74709043
      2.19000000	      3.69170604	      4.92574410	     93.70260217	     -0.25505793	      0.93525079	     -1.57254511	     22.20030419	      4.72550405	     -6.60669659	     26.16185808	      0.45661056	     -4.14177393	    -14.81725378	     -7.49999987	    -22.49186135	     -7.17212660	    -12.22725652	     27.53058897	      0.48049942	    -20.37377080	      4.21393709	     -7.49999987	    -15.96355248	      6.83558591	     -4.18911490	     -1.60717112	     -7.38290020	    -52.77533746	     25.11232198	    104.34084288	     14.14002119	     -5.96993589	    -23.30109730	     41.12504424	     81.70951079
      2.20000000	      3.95378953	      4.56748056	     93.80768346	     -0.25388492	      0.93590915	     -1.58666282	     21.99663751	      5.27593458	     -5.90596524	     26.85905874	      0.46877901	     -3.01950963	    -15.69888568	     -7.49999987	    -20.71815603	     -7.51330634	     -9.98965301	     30.49293731	      0.53220215	    -23.16086402	      1.72704303	     -7.49999987	    -15.37483853	      7.12116377	     -4.20605317	     -1.08046034	     -7.28997661	    -54.37509573	     24.74743577	    107.41470722	     13.40791368	     -5.67396611	    -24.46585484	     40.65288134	     85.97127873
      2.21000000	      4.30475111	      4.46076293	     94.16346339	     -0.25335436	      0.93706316	     -1.60048307	     21.35506610	      5.76917906	     -5.78608505	     27.17043732	      0.47421359	     -1.96283552	    -16.28797732	     -7.49999987	    -18.97823775	     -7.93910847	     -7.72585537	     33.62624750	      0.58688873	    -25.77838135	     -1.50463542	     -7.49999987	    -15.09196840	      7.57804320	     -4.36200661	     -1.16286349	     -7.29932904	    -53.36085096	     25.18650253	    105.65982715	     12.76581435	     -5.45062313	    -24.48341466	     40.24012106	     83.49694563
      2.22000000	      4.60405898	      4.23987528	     94.43101348	     -0.25280717	      0.93816515	     -1.61382029	     20.64690677	      6.18092853	     -5.89244167	     27.08832676	      0.47278049	     -0.89473605	    -16.34547821	     -7.49999987	    -16.96513247	     -8.29479282	     -5.95291273	     36.99822459	      0.64574084	    -28.38135615	     -4.92271010	     -7.49999987	    -14.74282391	      7.93899456	     -4.35695823	     -0.66457892	     -7.20173209	    -54.65069131	     25.14112267	    108.07056493	     12.47963619	     -4.97734528	    -25.99220771	     39.36345981	     88.11324837
      2.23000000	      4.90288202	      4.15037634	     94.84613110	     -0.25274682	      0.93960669	     -1.62664073	     19.78207687	      6.44200637	     -6.62559939	     26.86675229	      0.46891329	      0.22417805	    -15.95587243	     -7.49999987	    -14.83496713	     -8.61894237	     -4.18288560	     40.58253804	      0.70829891	    -30.89170863	     -8.39167684	     -7.49999987	    -14.62737208	      8.35526877	     -4.46631996	     -0.61252449	     -7.24344246	    -53.47466701	     25.66878264	    106.29675421	     12.01104721	     -4.67518364	    -26.11661762	     38.88524843	     85.35280980
      2.24000000	      5.06228992	      4.03321313	     95.20654278	     -0.25247912	      0.94130605	     -1.63916479	     18.93685269	      6.59344028	     -7.09743704	     26.68571841	      0.46575365	      1.13905262	    -15.34031960	     -7.49999987	    -12.66854565	     -8.81188375	     -2.78164315	     43.95178922	      0.76710343	    -33.36897640	    -11.53956677	     -7.49999987	    -14.54949706	      8.55412895	     -4.42993250	     -0.46390449	     -7.22706956	    -52.68562511	     26.15467129	    105.23019509	     11.69340452	     -4.47583984	    -26.00165397	     38.20158342	     82.79186592
      2.25000000	      5.09987909	      3.91749052	     95.59142559	     -0.25237500	      0.94336262	     -1.65135701	     17.99831591	      6.59039019	     -7.70576947	     26.30239293	      0.45906336	      2.08854717	    -14.42612558	     -7.49999987	    -10.48364236	     -8.82222193	     -1.46819541	     47.04688195	      0.82112299	    -34.82914655	    -14.35162202	     -7.49999987	    -14.51653385	      8.65463988	     -4.39903755	      0.23102752	     -7.07124528	    -54.02826630	     26.26016599	    108.45938116	     11.66347617	     -4.07377707	    -27.54740900	     37.10261019	     88.99170620
      2.26000000	      5.13543511	      3.99909996	     96.07154266	     -0.25231229	      0.94589587	     -1.66368770	     16.76202414	      6.66220075	     -8.23241962	     25.74689350	      0.44936806	      2.74792858	    -14.07650848	     -7.49999987	     -8.53288101	     -8.93164953	     -0.53597598	     49.88327080	      0.87062732	    -34.69223861	    -16.98361989	     -7.49999987	    -14.69242676	      8.72166280	     -4.33261350	      0.32545100	     -7.07357907	    -52.71403792	     26.76389489	    105.95199054	     11.53951562	     -3.89171821	    -27.38456489	     36.06413812	     85.97556351
      2.27000000	      5.04551778	      3.95700515	     96.38807807	     -0.25212762	      0.94840576	     -1.67547543	     15.65654649	      6.58139094	     -8.74715798	     25.16525278	      0.43921652	      3.53746390	    -13.02343222	     -7.49999987	     -6.46717057	     -8.79545177	      0.14008168	     52.46763785	      0.91573303	    -33.75058733	    -19.07243058	     -7.49999987	    -14.83814318	      8.62113120	     -4.16675342	      0.95117522	     -6.91849400	    -53.43493586	     27.06780137	    108.02630092	     11.58076090	     -3.54850506	    -28.65145874	     35.08010049	     88.73312104
      2.28000000	      4.85822751	      3.76036176	     96.75896974	     -0.25209629	      0.95051603	     -1.68689903	     14.76321932	      6.40649006	     -9.15461332	     24.61359897	      0.42958834	      4.18571394	    -12.45676637	     -7.49999987	     -4.14023238	     -8.47732452	      0.78744622	     54.95750499	      0.95918941	    -31.12024253	    -20.97564132	     -7.49999987	    -14.83345137	      8.40052682	     -4.09738057	      1.21389692	     -6.96789104	    -52.03735428	     27.56683003	    106.45556324	     11.40548975	     -3.41362630	    -28.67782627	     34.33915796	     86.46755187
      2.29000000	      4.63153442	      3.53066860	     97.12182280	     -0.25205437	      0.95256641	     -1.69839134	     13.90851631	      6.15761800	     -9.72988698	     24.08054480	      0.42028479	      4.78256625	    -11.60786776	     -7.49999987	     -1.81661479	     -8.04193401	      1.42228903	     57.20009345	      0.99832996	    -27.62371646	    -22.72213285	     -7.49999987	    -14.76148204	      8.11677023	     -4.00560769	      1.62463888	     -6.92948727	    -51.55474080	     27.99706976	    106.52437922	     11.27577469	     -3.26427396	    -29.08463708	     33.47797368	     85.74677407
      2.30000000	      4.33051932	      3.27204392	     97.25176978	     -0.25175600	      0.95451499	     -1.70972780	     13.12228695	      5.88013187	     -9.95694041	     23.64656576	      0.41271043	      5.34966565	    -10.78116838	     -7.49999987	      0.46060635	     -7.48999819	      1.71372050	     59.20303734	      1.03328793	    -23.76203376	    -24.03238435	     -7.49999987	    -14.70221215	      7.66475186	     -3.64893814	      1.87935399	     -7.02339968	    -50.18966069	     28.44276969	    104.21433568	     11.08986265	     -3.31202436	    -28.47551882	     32.58291958	     83.00498106
      2.31000000	      4.03334539	      3.10265761	     97.48610054	     -0.25154381	      0.95651752	     -1.72120570	     12.22420125	      5.67168616	    -10.05636552	     23.16795904	      0.40435717	      5.93992057	    -10.39533813	     -7.49999987	      2.67446513	     -6.99536022	      1.92534174	     60.88362713	      1.06261975	    -20.23241498	    -25.20743842	     -7.49999987	    -14.72175814	      7.24924311	     -3.45978559	      2.16112251	     -7.03597923	    -49.01542823	     29.06309013	    102.72818393	     10.79280838	     -3.29420899	    -28.38565403	     32.01636509	     80.84876103
      2.32000000	      3.72721226	      2.75330638	     97.73447853	     -0.25114628	      0.95816441	     -1.73259120	     11.46887651	      5.42296212	    -10.35658056	     22.56363347	      0.39380970	      6.40420500	     -9.86867156	     -7.49999987	      5.09468118	     -6.49876837	      2.09336632	     62.25367596	      1.08653162	    -17.02118702	    -25.92794062	     -7.49999987	    -14.56334734	      6.77680309	     -3.34314304	      2.88934360	     -6.89097499	    -49.56072080	     29.31135696	    106.79975483	     10.62789860	     -3.19926177	    -30.18431836	     31.24470760	     88.29708617
      2.33000000	      3.38023574	      2.28022434	     97.61358276	     -0.25051305	      0.95941562	     -1.74352198	     10.92157051	      5.13955109	    -10.38704176	     22.05390026	      0.38491317	      6.89619861	     -9.25760826	     -7.49999987	      7.51935707	     -5.95889465	      1.76706656	     63.27212047	      1.10430683	    -14.22802609	    -26.75751407	     -7.49999987	    -14.34685123	      6.20796559	     -2.89552255	      3.21503162	     -7.05541733	    -47.90853455	     29.89555549	    104.38032999	     10.25319348	     -3.30984467	    -29.64378481	     30.70366477	     84.95564131
      2.34000000	      3.05059715	      2.04186574	     97.58204258	     -0.25000145	      0.96085268	     -1.75497798	     10.08043658	      4.89248606	    -10.53095050	     21.51445924	      0.37549815	      7.42459561	     -8.40899788	     -7.49999987	      9.55344968	     -5.49751119	      1.40245280	     63.85608234	      1.11449888	    -11.68275195	    -27.51652220	     -7.49999987	    -14.30180630	      5.68217042	     -2.56890279	      3.64156883	     -7.11212555	    -47.10341762	     30.49982421	    106.22172203	      9.78161380	     -3.27959502	    -30.15874312	     30.36011756	     84.85546480
      2.35000000	      2.74870824	      1.85245046	     97.32676886	     -0.24893561	      0.96231623	     -1.76648879	      9.11074423	      4.79412353	    -10.24222049	     20.78695643	      0.36280083	      7.69280743	     -7.93235674	     -7.49999987	     11.38425173	     -5.21478610	      0.67655457	     64.07284222	      1.11828206	     -9.26517274	    -27.90787038	     -7.49999987	    -14.35870987	      5.13481407	     -2.06209347	      4.16271505	     -7.12426413	    -46.44343642	     31.10255347	    106.70127023	      9.27697032	     -3.36537931	    -30.63865825	     30.18698539	     86.36909542
      2.36000000	      2.57724382	      1.62412080	     96.89244105	     -0.24746109	      0.96348840	     -1.77793168	      8.22638226	      4.77203855	    -10.25521688	     20.09227769	      0.35067640	      8.05600162	     -6.78852944	     -7.49999987	     13.20708966	     -5.18845620	     -0.30023836	     64.02073497	      1.11737261	     -6.86470535	    -27.96269997	     -7.49999987	    -14.37796674	      4.67805805	     -1.38446488	      4.51560719	     -7.29967562	    -44.74154540	     31.81842244	    103.82604942	      8.64393659	     -3.57275334	    -30.20141043	     30.10286626	     83.65772966
      2.37000000	      2.07440643	      1.69193549	     96.70201279	     -0.24706479	      0.96486232	     -1.78977434	      6.99558106	      4.41363288	    -10.13608743	     19.49119025	      0.34018545	      8.55424167	     -6.27336403	     -7.49999987	     14.51424132	     -4.63684355	     -0.98121933	     63.44368647	      1.10730122	     -5.25791243	    -28.41842084	     -7.49999987	    -14.67289432	      4.01664922	     -1.04735290	      4.77627885	     -7.48639062	    -43.07304944	     32.79089680	    102.32346631	      7.97394237	     -3.64062765	    -30.24497472	     30.05616318	     81.49603287
      2.38000000	      2.02530507	      1.47350615	     96.55726517	     -0.24579474	      0.96564356	     -1.80151814	      6.09066330	      4.41091929	    -10.96243472	     18.78825457	      0.32791690	      8.88830879	     -4.43709279	     -7.49999987	     16.16414283	     -4.86325719	     -1.92507618	     62.68509864	      1.09406136	     -3.64964766	    -27.91551383	     -7.49999987	    -14.58313193	      3.70444412	     -0.71011923	      5.52456543	     -7.42185589	    -43.06340232	     33.16402629	    106.76000061	      7.38594360	     -3.75047214	    -31.35895562	     29.87537283	     85.09289061
      2.39000000	      1.61050923	      1.32724354	     95.94362474	     -0.24464192	      0.96624825	     -1.81281985	      5.29644649	      4.07427403	    -10.81467647	     18.45371571	      0.32207810	      9.46206792	     -3.43194636	     -7.49999987	     17.47745179	     -4.65797278	     -3.26491949	     61.50784455	      1.07351440	     -2.34235877	    -27.67727934	     -7.49999987	    -14.72765162	      3.03035020	     -0.06524660	      5.95154301	     -7.73175011	    -41.22122545	     34.00539806	    105.66478434	      6.79629484	     -3.74752759	    -32.06394197	     29.92122537	     84.20296230
      2.40000000	      1.37924990	      1.28299410	     95.42022017	     -0.24348426	      0.96665914	     -1.82457171	      4.30902671	      3.92803759	    -10.73616546	     17.96878572	      0.31361447	      9.97879035	     -2.13100741	     -7.49999987	     18.62850351	     -4.68317255	     -4.53052713	     60.08840835	      1.04874057	     -1.20375870	    -27.41875265	     -7.49999987	    -14.87610201	      2.57582617	      0.53630253	      6.49660740	     -7.91701885	    -40.29668628	     34.73278934	    106.48070159	      6.25076203	     -3.70864854	    -33.41351340	     29.78841512	     86.88496136
      2.41000000	      1.10247579	      1.32402038	     94.94202862	     -0.24246724	      0.96704534	     -1.83622903	      3.26315779	      3.72896115	    -10.79262290	     17.54407942	      0.30620195	     10.38997066	     -1.31044754	     -7.49999987	     19.55570021	     -4.68832373	     -5.89247096	     58.29019312	      1.01735579	     -0.44218901	    -27.24959006	     -7.49999987	    -15.11954709	      2.06166586	      1.06574627	      6.91262844	     -8.25909658	    -38.42175754	     35.51305427	    104.66924412	      5.41578981	     -3.81849718	    -33.41422513	     30.11359888	     84.84511567
      2.42000000	      0.87131584	      1.45537329	     94.32903918	     -0.24130805	      0.96734207	     -1.84802602	      2.10320669	      3.56219785	    -10.64349218	     17.11108027	      0.29864469	     10.85352962	     -0.19166353	     -7.49999987	     20.25089683	     -4.77600613	     -7.33196487	     56.16259107	      0.98022213	      0.14458751	    -26.70862606	     -7.49999987	    -15.55338001	      1.60726000	      1.70849115	      7.30735250	     -8.58962854	    -36.79222931	     36.57252479	    103.48618152	      4.68278673	     -3.82893078	    -33.84186059	     30.37882766	     83.00840045
      2.43000000	      0.81460419	      1.58079931	     93.89000880	     -0.24040837	      0.96727320	     -1.85978385	      1.01267898	      3.53419196	    -10.85655502	     16.78431817	      0.29294161	     11.16184060	      0.90982150	     -7.49999987	     20.93888829	     -4.90816555	     -8.45247118	     53.91083151	      0.94092151	      0.58410158	    -26.50309796	     -7.49999987	    -15.82647066	      1.38277266	      2.10976260	      7.95798172	     -8.93535677	    -35.38578935	     37.17314914	    103.01952553	      3.91437826	     -3.87332831	    -34.34713424	     30.52282688	     81.75498278
      2.44000000	      0.62043878	      1.68553593	     93.25395285	     -0.23948056	      0.96702280	     -1.87194686	     -0.01357903	      3.31269372	    -11.00318738	     16.56040035	      0.28903351	     11.74882217	      2.01874831	     -7.49999987	     21.42748810	     -4.97654440	     -9.96654048	     51.25513580	      0.89457088	      1.07090940	    -25.93293837	     -7.49999987	    -16.04257220	      0.99766950	      2.70412834	      8.63386312	     -9.21943601	    -34.58011682	     37.64291710	    105.49402612	      3.32811872	     -3.83914001	    -35.99490194	     30.10211284	     87.99775138
      2.45000000	      0.37122458	      1.94548329	     92.67505852	     -0.23893133	      0.96668542	     -1.88405271	     -1.27840473	      3.07066356	    -10.60164585	     16.25836580	      0.28376201	     12.26620056	      2.78379079	     -7.49999987	     21.63322942	     -4.90132251	    -11.45952614	     48.32701776	      0.84346558	      1.28745027	    -25.61483466	     -7.49999987	    -16.43387672	      0.57865947	      3.23231178	      9.17316199	     -9.62301830	    -33.21726768	     38.35791712	    104.42548249	      2.56478608	     -3.78813236	    -36.48698613	     30.25706736	     85.57547179
      2.46000000	      0.42926182	      2.12604178	     92.02917305	     -0.23782028	      0.96605656	     -1.89592385	     -2.43603725	      3.07793559	    -10.77463504	     15.90062125	      0.27751819	     12.66100454	      4.42707980	     -7.49999987	     21.93490130	     -5.22959260	    -12.95037660	     45.39200580	      0.79223996	      1.67332511	    -24.41681647	     -7.49999987	    -16.78402281	      0.46644859	      3.84561309	      9.74492718	     -9.95803656	    -32.01287692	     39.20684269	    104.41374031	      1.90416883	     -3.79722514	    -37.01526681	     30.15050812	     84.45859754
      2.47000000	      0.49307591	      2.34633442	     91.39529677	     -0.23707097	      0.96525126	     -1.90785913	     -3.58090019	      3.09908530	    -10.66354806	     15.69669456	      0.27395900	     12.93756094	      5.28212644	     -7.49999987	     22.10753509	     -5.46683051	    -14.41450740	     42.27140695	      0.73777523	      1.80336962	    -23.27314829	     -7.49999987	    -17.14449743	      0.36804913	      4.48305636	     10.26080769	    -10.46274101	    -30.54835239	     39.94124731	    103.66909243	      1.23977253	     -3.66606700	    -37.62067792	     30.20042776	     83.05928532
      2.48000000	      0.59603738	      2.62518866	     90.81524973	     -0.23641571	      0.96437149	     -1.92008555	     -4.81879280	      3.14128972	    -10.66334300	     15.44714861	      0.26960360	     13.33360041	      6.19902782	     -7.49999987	     22.13224879	     -5.69152896	    -15.88352807	     38.98664526	      0.68044532	      1.92647957	    -21.55878762	     -7.49999987	    -17.53878576	      0.33367742	      5.03845740	     10.82626854	    -10.83408753	    -29.56074343	     40.67287321	    103.47205157	      0.53512953	     -3.58564380	    -38.20854261	     30.17177000	     81.97672298
      2.49000000	      0.49245804	      2.95214993	     90.14296995	     -0.23638071	      0.96324982	     -1.93233076	     -6.03514284	      2.91857273	    -10.21106166	     15.38688853	      0.26855187	     13.86256873	      6.40512549	     -7.49999987	     21.99184931	     -5.60944423	    -17.47946100	     35.54383837	      0.62035701	      2.02970670	    -19.26878244	     -7.49999987	    -17.48078682	      0.27804814	      4.48769717	     12.66896272	    -10.95416269	    -27.96513112	     39.68874758	    104.95808228	     -0.71308835	     -3.35492616	    -40.37169438	     29.98293853	     83.02690903
      2.50000000	      0.81256790	      3.05146647	     89.48066083	     -0.23586484	      0.96169181	     -1.94408469	     -6.94742297	      3.03836966	    -10.56646687	     15.33860178	      0.26770910	     14.27591524	      7.93797875	     -7.49999987	     22.20610550	     -6.00598571	    -18.98387903	     32.26221123	      0.56308181	      2.39415059	    -15.97066076	     -7.49999987	    -17.26258897	      0.64684094	      4.04155374	     14.46043556	    -11.15457596	    -25.80976625	     38.66379428	    104.48864832	     -1.98036515	     -3.16035068	    -41.75812810	     29.86605794	     81.74284187
